% logfile for Python side
% 1 time (sec)
% 2 Mission state
% 3,4,5 (x,y,h) (m,m,rad)
% 6 Camera frame count
% 7-9 Line sensor: line position, e*kp, control y (rad/s), validCnt
%     Line sensor: Kp=0.25, tau_z=0.8s, tau_p=0.2s
% 10,11 trip A (distance and heading change)
% 12,13 trip B (distance and heading change)
% 1777463895.3525562 robobot/cmd/ti log 1
% 1777463895.35293 robobot/cmd/ti alive 2026-04-29 13:58:14.194757
1777463895.3998277 0 0.623 -0.676 0.483 0 0.00 0.00 0.000 0.000 0 0.000 0.483 0.0000 0.4834
% 1777463895.4465687 robobot/cmd/T0 enc0
% 1777463895.4472008 robobot/cmd/T0 confw 0.074 0.074 19 92 0.23
1777463895.448031 0 0.623 -0.676 0.483 0 0.00 0.00 0.000 0.000 0 0.000 0.483 0.0000 0.4834
% 1777463895.4482815 robobot/cmd/T0 confi
1777463895.4489686 0 0.623 -0.676 0.483 0 0.00 0.00 0.000 0.000 0 0.000 0.483 0.0000 0.4834
1777463895.4967458 0 0.000 0.000 0.000 0 0.00 0.00 0.000 0.000 0 0.000 0.000 0.0000 0.0000
1777463895.546089 0 0.000 0.000 0.000 0 0.00 0.00 0.000 0.000 0 0.000 0.000 0.0000 0.0000
1777463895.5474257 0 0.000 0.000 0.000 0 0.00 0.00 0.000 0.000 0 0.000 0.000 0.0000 0.0000
% 1777463895.5817006 robobot/cmd/T0 lip 1
% 1777463895.5824149 robobot/cmd/T0 sub livn 10
1777463895.5970135 0 0.000 0.000 0.000 0 0.00 0.00 0.000 0.000 0 0.000 0.000 0.0000 0.0000
% 1777463895.6037304 robobot/cmd/T0 liwi
% 1777463895.6247754 robobot/cmd/T0 leds 16 30 30 0
% 1777463895.628258 robobot/cmd/ti rc 0.130 0.000 1777463895.6276345
% 1777463895.6381083 robobot/cmd/ti rc 0.130 0.000 1777463895.6374288
1777463895.6464286 0 0.000 -0.000 -0.000 1 -1.75 0.00 -0.000 0.000 5 0.000 0.000 0.0000 0.0000
% 1777463895.6491332 robobot/cmd/ti rc 0.130 0.000 1777463895.6482456
1777463895.6492195 0 0.000 -0.000 -0.000 1 -1.75 0.02 -0.000 0.000 6 0.000 0.000 0.0000 0.0000
% 1777463895.6588492 robobot/cmd/ti rc 0.130 0.000 1777463895.6582353
% 1777463895.6705146 robobot/cmd/ti rc 0.130 0.000 1777463895.6698687
% 1777463895.6775463 robobot/cmd/ti rc 0.130 0.000 1777463895.6770208
% 1777463895.688236 robobot/cmd/ti rc 0.130 0.000 1777463895.6876686
1777463895.696503 0 0.003 -0.000 -0.004 1 -1.77 -0.05 0.000 0.000 10 0.001 -0.004 0.0014 -0.0035
% 1777463895.6975403 robobot/cmd/ti rc 0.130 0.000 1777463895.696889
% 1777463895.7080677 robobot/cmd/ti rc 0.130 0.000 1777463895.707457
% 1777463895.7180386 robobot/cmd/ti rc 0.130 0.000 1777463895.7172213
% 1777463895.728032 robobot/cmd/ti rc 0.130 0.000 1777463895.7274156
% 1777463895.7377388 robobot/cmd/ti rc 0.130 0.000 1777463895.7372758
1777463895.7461739 0 0.007 -0.000 -0.008 1 -1.78 -0.03 0.000 0.000 15 0.005 -0.008 0.0055 -0.0081
% 1777463895.7477138 robobot/cmd/ti rc 0.130 0.000 1777463895.7473342
1777463895.7477553 0 0.007 -0.000 -0.008 1 -1.79 -0.01 0.000 0.000 16 0.005 -0.008 0.0055 -0.0081
% 1777463895.7571254 robobot/cmd/ti rc 0.130 0.000 1777463895.7567623
% 1777463895.7690215 robobot/cmd/ti rc 0.130 0.000 1777463895.7679374
% 1777463895.7790406 robobot/cmd/ti rc 0.130 0.000 1777463895.7781563
% 1777463895.788153 robobot/cmd/ti rc 0.130 0.000 1777463895.7877712
1777463895.7964387 0 0.014 -0.000 -0.010 1 -1.76 -0.06 0.000 0.000 20 0.011 -0.010 0.0114 -0.0104
% 1777463895.7981007 robobot/cmd/ti rc 0.130 0.000 1777463895.7977996
% 1777463895.8078916 robobot/cmd/ti rc 0.130 0.000 1777463895.8074312
% 1777463895.817718 robobot/cmd/ti rc 0.130 0.000 1777463895.8172941
% 1777463895.827919 robobot/cmd/ti rc 0.130 0.000 1777463895.8275213
% 1777463895.8377745 robobot/cmd/ti rc 0.130 0.000 1777463895.8372178
1777463895.8465211 0 0.021 -0.000 -0.007 1 -1.80 -0.01 0.000 0.000 20 0.018 -0.007 0.0183 -0.0069
% 1777463895.8471584 robobot/cmd/ti rc 0.130 0.000 1777463895.8468018
1777463895.8471975 0 0.021 -0.000 -0.007 1 -1.80 -0.02 0.000 0.000 20 0.018 -0.007 0.0183 -0.0069
% 1777463895.8559175 robobot/cmd/ti alive 2026-04-29 13:58:14.194757
% 1777463895.858239 robobot/cmd/ti rc 0.130 0.000 1777463895.8578813
% 1777463895.8675182 robobot/cmd/ti rc 0.130 0.000 1777463895.8670483
% 1777463895.8774827 robobot/cmd/ti rc 0.130 0.000 1777463895.8770816
% 1777463895.8880486 robobot/cmd/ti rc 0.130 0.000 1777463895.88768
1777463895.896678 0 0.028 -0.000 -0.005 1 -1.78 -0.01 0.000 0.000 20 0.027 -0.005 0.0266 -0.0046
% 1777463895.8972454 robobot/cmd/ti rc 0.130 0.000 1777463895.8968828
% 1777463895.907118 robobot/cmd/ti rc 0.130 0.000 1777463895.906762
% 1777463895.918155 robobot/cmd/ti rc 0.130 0.000 1777463895.9177077
% 1777463895.9278183 robobot/cmd/ti rc 0.130 0.000 1777463895.9274433
% 1777463895.9376295 robobot/cmd/ti rc 0.130 0.000 1777463895.93721
1777463895.9470963 0 0.036 -0.000 0.001 1 -1.74 -0.01 0.000 0.000 20 0.034 0.001 0.0336 0.0012
% 1777463895.9483209 robobot/cmd/ti rc 0.130 0.000 1777463895.947435
1777463895.9485664 0 0.036 -0.000 0.001 1 -1.74 0.00 -0.000 0.000 20 0.034 0.001 0.0336 0.0012
% 1777463895.9582534 robobot/cmd/ti rc 0.130 0.000 1777463895.9577339
% 1777463895.9682393 robobot/cmd/ti rc 0.130 0.000 1777463895.9678369
% 1777463895.9778812 robobot/cmd/ti rc 0.130 0.000 1777463895.9774506
% 1777463895.9884682 robobot/cmd/ti rc 0.130 0.000 1777463895.9877632
1777463895.9976363 0 0.043 -0.000 0.009 1 -1.75 0.01 -0.000 0.000 20 0.041 0.009 0.0406 0.0093
% 1777463895.9989772 robobot/cmd/ti rc 0.130 0.000 1777463895.9980123
% 1777463896.0078256 robobot/cmd/ti rc 0.130 0.000 1777463896.0073092
% 1777463896.018299 robobot/cmd/ti rc 0.130 0.000 1777463896.0174356
% 1777463896.0272424 robobot/cmd/ti rc 0.130 0.000 1777463896.0268664
% 1777463896.038001 robobot/cmd/ti rc 0.130 0.000 1777463896.0376399
1777463896.0473092 0 0.050 -0.000 0.015 1 -1.65 0.03 -0.000 0.000 20 0.048 0.015 0.0476 0.0150
% 1777463896.0481565 robobot/cmd/ti rc 0.130 0.000 1777463896.0476506
1777463896.0482082 0 0.050 -0.000 0.015 1 -1.67 0.08 -0.000 0.000 20 0.048 0.015 0.0476 0.0150
% 1777463896.0582201 robobot/cmd/ti rc 0.130 0.000 1777463896.057851
% 1777463896.0678174 robobot/cmd/ti rc 0.130 0.000 1777463896.0673778
% 1777463896.077889 robobot/cmd/ti rc 0.130 0.000 1777463896.0775194
% 1777463896.0874643 robobot/cmd/ti rc 0.130 0.000 1777463896.0871072
1777463896.0970676 0 0.057 0.000 0.020 1 -1.63 0.10 -0.000 0.000 20 0.056 0.020 0.0556 0.0197
% 1777463896.0981207 robobot/cmd/ti rc 0.130 0.000 1777463896.0977252
% 1777463896.1072814 robobot/cmd/ti rc 0.130 0.000 1777463896.106848
% 1777463896.117775 robobot/cmd/ti rc 0.130 0.000 1777463896.1174197
% 1777463896.1278055 robobot/cmd/ti rc 0.130 0.000 1777463896.127435
% 1777463896.1375818 robobot/cmd/ti rc 0.130 0.000 1777463896.1371758
1777463896.1468344 0 0.064 0.000 0.022 1 -1.62 0.18 -0.000 0.000 20 0.062 0.022 0.0623 0.0220
% 1777463896.147435 robobot/cmd/ti rc 0.130 0.000 1777463896.147081
1777463896.147475 0 0.064 0.000 0.022 1 -1.66 0.16 -0.000 0.000 20 0.062 0.022 0.0623 0.0220
% 1777463896.1574368 robobot/cmd/ti rc 0.130 0.000 1777463896.1567576
% 1777463896.1680686 robobot/cmd/ti rc 0.130 0.000 1777463896.1673877
% 1777463896.1789038 robobot/cmd/ti rc 0.130 0.000 1777463896.1781597
% 1777463896.1884315 robobot/cmd/ti rc 0.130 0.000 1777463896.1880667
1777463896.1967962 0 0.071 0.000 0.022 1 -1.60 0.14 -0.000 0.000 20 0.068 0.022 0.0685 0.0220
% 1777463896.1978352 robobot/cmd/ti rc 0.130 0.000 1777463896.1971781
% 1777463896.2081757 robobot/cmd/ti rc 0.130 0.000 1777463896.2078357
% 1777463896.218581 robobot/cmd/ti rc 0.130 0.000 1777463896.218214
% 1777463896.22746 robobot/cmd/ti rc 0.130 0.000 1777463896.2270973
% 1777463896.2378643 robobot/cmd/ti rc 0.130 0.000 1777463896.2375126
1777463896.2475786 0 0.077 0.000 0.022 1 -1.57 0.17 -0.000 0.000 20 0.075 0.022 0.0747 0.0220
% 1777463896.2481973 robobot/cmd/ti rc 0.130 0.000 1777463896.2478235
1777463896.2482388 0 0.077 0.000 0.022 1 -1.51 0.16 -0.000 0.000 20 0.075 0.022 0.0747 0.0220
% 1777463896.2582338 robobot/cmd/ti rc 0.130 0.000 1777463896.2578635
% 1777463896.2675889 robobot/cmd/ti rc 0.130 0.000 1777463896.267213
% 1777463896.277626 robobot/cmd/ti rc 0.130 0.000 1777463896.2770705
% 1777463896.2885914 robobot/cmd/ti rc 0.130 0.000 1777463896.2880952
1777463896.296881 0 0.083 0.001 0.020 1 -1.54 0.15 -0.000 0.000 20 0.082 0.020 0.0817 0.0197
% 1777463896.2976966 robobot/cmd/ti rc 0.130 0.000 1777463896.2971053
% 1777463896.3081086 robobot/cmd/ti rc 0.130 0.000 1777463896.3076985
% 1777463896.3173494 robobot/cmd/ti rc 0.130 0.000 1777463896.3169901
% 1777463896.327495 robobot/cmd/ti rc 0.130 0.000 1777463896.32712
% 1777463896.3374434 robobot/cmd/ti rc 0.130 0.000 1777463896.3370476
1777463896.347419 0 0.089 0.001 0.015 1 -1.52 0.21 -0.000 0.000 20 0.088 0.015 0.0878 0.0150
% 1777463896.3481944 robobot/cmd/ti rc 0.130 0.000 1777463896.3478363
1777463896.3482368 0 0.089 0.001 0.015 1 -1.52 0.20 -0.000 0.000 20 0.088 0.015 0.0878 0.0150
% 1777463896.3581088 robobot/cmd/ti rc 0.130 0.000 1777463896.3577297
% 1777463896.3591807 robobot/cmd/ti alive 2026-04-29 13:58:14.194757
% 1777463896.368296 robobot/cmd/ti rc 0.130 0.000 1777463896.3678393
% 1777463896.379325 robobot/cmd/ti rc 0.130 0.000 1777463896.3786235
% 1777463896.3879554 robobot/cmd/ti rc 0.130 0.000 1777463896.3873763
1777463896.3974166 0 0.096 0.001 0.012 1 -1.51 0.21 -0.000 0.000 20 0.095 0.012 0.0954 0.0116
% 1777463896.39824 robobot/cmd/ti rc 0.130 0.000 1777463896.3976812
% 1777463896.407917 robobot/cmd/ti rc 0.130 0.000 1777463896.407343
% 1777463896.418519 robobot/cmd/ti rc 0.130 0.000 1777463896.417922
% 1777463896.4284132 robobot/cmd/ti rc 0.130 0.000 1777463896.42783
% 1777463896.438071 robobot/cmd/ti rc 0.130 0.000 1777463896.4374824
% 1777463896.448419 robobot/cmd/ti rc 0.130 0.000 1777463896.4479244
1777463896.4484766 0 0.101 0.001 0.013 1 -1.46 0.25 -0.000 0.000 20 0.101 0.013 0.1008 0.0127
1777463896.4488816 0 0.102 0.001 0.014 1 -1.46 0.25 -0.000 0.000 20 0.101 0.014 0.1008 0.0139
% 1777463896.4594078 robobot/cmd/ti rc 0.130 0.000 1777463896.4581423
% 1777463896.4678152 robobot/cmd/ti rc 0.130 0.000 1777463896.4669707
% 1777463896.4780755 robobot/cmd/ti rc 0.130 0.000 1777463896.4777224
% 1777463896.4887025 robobot/cmd/ti rc 0.130 0.000 1777463896.4882889
% 1777463896.498794 robobot/cmd/ti rc 0.130 0.000 1777463896.4984517
1777463896.4991093 0 0.108 0.001 0.008 1 -1.46 0.29 -0.000 0.000 20 0.108 0.008 0.1076 0.0081
% 1777463896.507709 robobot/cmd/ti rc 0.130 0.000 1777463896.5074062
% 1777463896.517358 robobot/cmd/ti rc 0.130 0.000 1777463896.516986
% 1777463896.5273 robobot/cmd/ti rc 0.130 0.000 1777463896.5269148
% 1777463896.5370288 robobot/cmd/ti rc 0.130 0.000 1777463896.5366502
% 1777463896.5481832 robobot/cmd/ti rc 0.130 0.000 1777463896.547506
1777463896.5482335 0 0.113 0.001 0.008 1 -1.39 0.27 -0.000 0.000 20 0.113 0.008 0.1132 0.0081
1777463896.5488355 0 0.114 0.001 0.008 1 -1.39 0.27 -0.000 0.000 20 0.113 0.008 0.1132 0.0081
% 1777463896.5575783 robobot/cmd/ti rc 0.130 0.000 1777463896.5571756
% 1777463896.5679822 robobot/cmd/ti rc 0.130 0.000 1777463896.5674772
% 1777463896.578688 robobot/cmd/ti rc 0.130 0.000 1777463896.577906
% 1777463896.5880249 robobot/cmd/ti rc 0.130 0.000 1777463896.587664
% 1777463896.597899 robobot/cmd/ti rc 0.130 0.000 1777463896.5975401
1777463896.5981789 0 0.120 0.001 0.007 1 -1.39 0.26 -0.000 0.000 20 0.119 0.007 0.1192 0.0069
% 1777463896.607405 robobot/cmd/ti rc 0.130 0.000 1777463896.6069765
% 1777463896.6174984 robobot/cmd/ti rc 0.130 0.000 1777463896.6170833
% 1777463896.6275418 robobot/cmd/ti rc 0.130 0.000 1777463896.6272273
% 1777463896.6388893 robobot/cmd/ti rc 0.130 0.000 1777463896.6379588
% 1777463896.6509824 robobot/cmd/ti rc 0.130 0.000 1777463896.649618
1777463896.6510444 0 0.125 0.001 0.006 1 -1.43 0.29 -0.000 0.000 20 0.125 0.006 0.1252 0.0058
1777463896.6514556 0 0.126 0.001 0.006 1 -1.43 0.29 -0.000 0.000 20 0.125 0.006 0.1252 0.0058
% 1777463896.6583207 robobot/cmd/ti rc 0.130 0.000 1777463896.6578336
% 1777463896.667839 robobot/cmd/ti rc 0.130 0.000 1777463896.6673872
% 1777463896.6779263 robobot/cmd/ti rc 0.130 0.000 1777463896.6773183
% 1777463896.6876965 robobot/cmd/ti rc 0.130 0.000 1777463896.6873121
% 1777463896.6980622 robobot/cmd/ti rc 0.130 0.000 1777463896.6977067
1777463896.698338 0 0.132 0.001 0.006 1 -1.46 0.32 -0.000 0.000 20 0.132 0.006 0.1321 0.0058
% 1777463896.707451 robobot/cmd/ti rc 0.130 0.000 1777463896.7070825
% 1777463896.7175934 robobot/cmd/ti rc 0.130 0.000 1777463896.7170544
% 1777463896.7282603 robobot/cmd/ti rc 0.130 0.000 1777463896.7278752
% 1777463896.7388358 robobot/cmd/ti rc 0.130 0.000 1777463896.738346
% 1777463896.7479427 robobot/cmd/ti rc 0.130 0.000 1777463896.7475867
1777463896.7479897 0 0.138 0.001 0.007 1 -1.39 0.27 -0.000 0.000 20 0.138 0.007 0.1383 0.0069
1777463896.7483258 0 0.139 0.001 0.007 1 -1.39 0.27 -0.000 0.000 20 0.138 0.007 0.1383 0.0069
% 1777463896.7579198 robobot/cmd/ti rc 0.130 0.000 1777463896.7575514
% 1777463896.7680736 robobot/cmd/ti rc 0.130 0.000 1777463896.7676625
% 1777463896.7779722 robobot/cmd/ti rc 0.130 0.000 1777463896.7775297
% 1777463896.787906 robobot/cmd/ti rc 0.130 0.000 1777463896.7875042
% 1777463896.7971961 robobot/cmd/ti rc 0.130 0.000 1777463896.796834
1777463896.7980642 0 0.145 0.001 0.006 1 -1.36 0.25 -0.000 0.000 20 0.145 0.006 0.1445 0.0058
% 1777463896.8080988 robobot/cmd/ti rc 0.130 0.000 1777463896.8076985
% 1777463896.8182034 robobot/cmd/ti rc 0.130 0.000 1777463896.817813
% 1777463896.8271484 robobot/cmd/ti rc 0.130 0.000 1777463896.8267875
% 1777463896.838326 robobot/cmd/ti rc 0.130 0.000 1777463896.8379636
% 1777463896.847954 robobot/cmd/ti rc 0.130 0.000 1777463896.8475862
1777463896.848002 0 0.151 0.001 0.006 1 -1.38 0.27 -0.000 0.000 20 0.151 0.006 0.1508 0.0058
1777463896.8486083 0 0.152 0.001 0.006 1 -1.38 0.27 -0.000 0.000 20 0.151 0.006 0.1508 0.0058
% 1777463896.858078 robobot/cmd/ti rc 0.130 0.000 1777463896.8576996
% 1777463896.8617194 robobot/cmd/ti alive 2026-04-29 13:58:14.194757
% 1777463896.8679345 robobot/cmd/ti rc 0.130 0.000 1777463896.867557
% 1777463896.8777776 robobot/cmd/ti rc 0.130 0.000 1777463896.8774126
% 1777463896.8875656 robobot/cmd/ti rc 0.130 0.000 1777463896.8871765
% 1777463896.897631 robobot/cmd/ti rc 0.130 0.000 1777463896.8972247
1777463896.8984337 0 0.158 0.001 0.006 1 -1.38 0.27 -0.000 0.000 20 0.158 0.006 0.1581 0.0058
% 1777463896.9073331 robobot/cmd/ti rc 0.130 0.000 1777463896.906967
% 1777463896.918405 robobot/cmd/ti rc 0.130 0.000 1777463896.9180396
% 1777463896.9275982 robobot/cmd/ti rc 0.130 0.000 1777463896.9272225
% 1777463896.9378612 robobot/cmd/ti rc 0.130 0.000 1777463896.9375074
% 1777463896.9476154 robobot/cmd/ti rc 0.130 0.000 1777463896.9472506
1777463896.9476628 0 0.164 0.001 0.006 1 -1.33 0.34 -0.000 0.000 20 0.164 0.006 0.1643 0.0058
1777463896.948422 0 0.165 0.001 0.006 1 -1.33 0.34 -0.000 0.000 20 0.164 0.006 0.1643 0.0058
% 1777463896.9576573 robobot/cmd/ti rc 0.130 0.000 1777463896.957209
% 1777463896.9687932 robobot/cmd/ti rc 0.130 0.000 1777463896.9677813
% 1777463896.9786768 robobot/cmd/ti rc 0.130 0.000 1777463896.9777606
% 1777463896.988484 robobot/cmd/ti rc 0.130 0.000 1777463896.9878798
% 1777463896.998799 robobot/cmd/ti rc 0.130 0.000 1777463896.9980898
1777463896.9991553 0 0.171 0.001 0.004 1 -1.32 0.30 -0.000 0.000 20 0.171 0.004 0.1707 0.0035
% 1777463897.0076385 robobot/cmd/ti rc 0.130 0.000 1777463897.007074
% 1777463897.0176005 robobot/cmd/ti rc 0.130 0.000 1777463897.0169337
% 1777463897.0284224 robobot/cmd/ti rc 0.130 0.000 1777463897.0278306
% 1777463897.0378377 robobot/cmd/ti rc 0.130 0.000 1777463897.0374649
% 1777463897.0478733 robobot/cmd/ti rc 0.130 0.000 1777463897.0475018
1777463897.0479207 0 0.178 0.001 0.004 1 -1.32 0.36 -0.000 0.000 20 0.177 0.004 0.1771 0.0035
1777463897.0488534 0 0.178 0.001 0.004 1 -1.32 0.36 -0.000 0.000 20 0.177 0.004 0.1771 0.0035
% 1777463897.0577388 robobot/cmd/ti rc 0.130 0.000 1777463897.0571914
% 1777463897.06836 robobot/cmd/ti rc 0.130 0.000 1777463897.067993
% 1777463897.0775518 robobot/cmd/ti rc 0.130 0.000 1777463897.077077
% 1777463897.0880115 robobot/cmd/ti rc 0.130 0.000 1777463897.0877078
% 1777463897.0979974 robobot/cmd/ti rc 0.130 0.000 1777463897.0977037
1777463897.0990558 0 0.185 0.001 0.004 1 -1.29 0.31 -0.000 0.000 20 0.184 0.004 0.1844 0.0035
% 1777463897.107832 robobot/cmd/ti rc 0.130 0.000 1777463897.1072679
% 1777463897.1177256 robobot/cmd/ti rc 0.130 0.000 1777463897.1173265
% 1777463897.127557 robobot/cmd/ti rc 0.130 0.000 1777463897.1271744
% 1777463897.1383536 robobot/cmd/ti rc 0.130 0.000 1777463897.1378467
% 1777463897.1478376 robobot/cmd/ti rc 0.130 0.000 1777463897.1474192
1777463897.1478925 0 0.190 0.001 0.004 1 -1.29 0.41 -0.000 0.000 20 0.190 0.004 0.1904 0.0035
1777463897.1484938 0 0.191 0.001 0.004 1 -1.29 0.41 -0.000 0.000 20 0.190 0.004 0.1904 0.0035
% 1777463897.1582384 robobot/cmd/ti rc 0.130 0.000 1777463897.1576571
% 1777463897.168891 robobot/cmd/ti rc 0.130 0.000 1777463897.1678493
% 1777463897.178327 robobot/cmd/ti rc 0.130 0.000 1777463897.1778967
% 1777463897.1879241 robobot/cmd/ti rc 0.130 0.000 1777463897.187568
% 1777463897.1982718 robobot/cmd/ti rc 0.130 0.000 1777463897.197901
1777463897.199275 0 0.197 0.001 0.006 1 -1.26 0.33 -0.000 0.000 20 0.197 0.006 0.1967 0.0058
% 1777463897.2074604 robobot/cmd/ti rc 0.130 0.000 1777463897.207091
% 1777463897.2177796 robobot/cmd/ti rc 0.130 0.000 1777463897.2174182
% 1777463897.2277691 robobot/cmd/ti rc 0.130 0.000 1777463897.2274053
% 1777463897.23766 robobot/cmd/ti rc 0.130 0.000 1777463897.2372715
% 1777463897.24747 robobot/cmd/ti rc 0.130 0.000 1777463897.2471058
1777463897.247514 0 0.203 0.001 0.007 1 -1.30 0.42 -0.000 0.000 20 0.203 0.007 0.2027 0.0069
1777463897.2493432 0 0.204 0.002 0.007 1 -1.30 0.42 -0.000 0.000 20 0.203 0.007 0.2027 0.0069
% 1777463897.2576628 robobot/cmd/ti rc 0.130 0.000 1777463897.257254
% 1777463897.268228 robobot/cmd/ti rc 0.130 0.000 1777463897.2678182
% 1777463897.277357 robobot/cmd/ti rc 0.130 0.000 1777463897.2769961
% 1777463897.287352 robobot/cmd/ti rc 0.130 0.000 1777463897.2869914
% 1777463897.299037 robobot/cmd/ti rc 0.130 0.000 1777463897.2985377
1777463897.2997513 0 0.211 0.002 0.005 1 -1.27 0.42 -0.000 0.000 20 0.210 0.005 0.2101 0.0046
% 1777463897.3079228 robobot/cmd/ti rc 0.130 0.000 1777463897.3073957
% 1777463897.31769 robobot/cmd/ti rc 0.130 0.000 1777463897.317246
% 1777463897.32834 robobot/cmd/ti rc 0.130 0.000 1777463897.327965
% 1777463897.3382483 robobot/cmd/ti rc 0.130 0.000 1777463897.3378742
% 1777463897.3482292 robobot/cmd/ti rc 0.130 0.000 1777463897.3478785
1777463897.3482845 0 0.216 0.002 0.004 1 -1.26 0.44 -0.000 0.000 20 0.217 0.004 0.2166 0.0035
1777463897.3491268 0 0.217 0.002 0.004 1 -1.26 0.44 -0.000 0.000 20 0.217 0.004 0.2166 0.0035
% 1777463897.3580992 robobot/cmd/ti rc 0.130 0.000 1777463897.3576977
% 1777463897.3644447 robobot/cmd/ti alive 2026-04-29 13:58:14.194757
% 1777463897.3679955 robobot/cmd/ti rc 0.130 0.000 1777463897.367604
% 1777463897.3791378 robobot/cmd/ti rc 0.130 0.000 1777463897.3783522
% 1777463897.3889806 robobot/cmd/ti rc 0.130 0.000 1777463897.3881698
% 1777463897.3978252 robobot/cmd/ti rc 0.130 0.000 1777463897.3971324
1777463897.3995209 0 0.224 0.002 0.002 1 -1.25 0.41 -0.000 0.000 20 0.223 0.002 0.2229 0.0023
% 1777463897.4073334 robobot/cmd/ti rc 0.130 0.000 1777463897.406982
% 1777463897.418112 robobot/cmd/ti rc 0.130 0.000 1777463897.4177494
% 1777463897.4282222 robobot/cmd/ti rc 0.130 0.000 1777463897.427848
% 1777463897.437875 robobot/cmd/ti rc 0.130 0.000 1777463897.437509
% 1777463897.4474454 robobot/cmd/ti rc 0.130 0.000 1777463897.4470716
1777463897.447499 0 0.230 0.002 0.004 1 -1.25 0.40 -0.000 0.000 20 0.229 0.004 0.2292 0.0035
1777463897.4486103 0 0.230 0.002 0.002 1 -1.25 0.40 -0.000 0.000 20 0.229 0.002 0.2292 0.0023
% 1777463897.457907 robobot/cmd/ti rc 0.130 0.000 1777463897.4572241
% 1777463897.468427 robobot/cmd/ti rc 0.130 0.000 1777463897.4679117
% 1777463897.4783309 robobot/cmd/ti rc 0.130 0.000 1777463897.4778337
% 1777463897.4878538 robobot/cmd/ti rc 0.130 0.000 1777463897.4875593
% 1777463897.4982796 robobot/cmd/ti rc 0.130 0.000 1777463897.4978306
1777463897.4986553 0 0.237 0.002 0.002 1 -1.29 0.44 -0.000 0.000 20 0.236 0.002 0.2363 0.0023
% 1777463897.5081663 robobot/cmd/ti rc 0.130 0.000 1777463897.5075033
% 1777463897.519878 robobot/cmd/ti rc 0.130 0.000 1777463897.518749
% 1777463897.5283804 robobot/cmd/ti rc 0.130 0.000 1777463897.5278652
% 1777463897.5382905 robobot/cmd/ti rc 0.130 0.000 1777463897.5379832
% 1777463897.54804 robobot/cmd/ti rc 0.130 0.000 1777463897.547568
1777463897.5480883 0 0.241 0.002 0.012 1 -1.24 0.44 -0.000 0.000 20 0.243 0.012 0.2429 0.0116
1777463897.548793 0 0.242 0.002 0.010 1 -1.24 0.44 -0.000 0.000 20 0.243 0.010 0.2429 0.0104
% 1777463897.5583827 robobot/cmd/ti rc 0.130 0.000 1777463897.5575626
% 1777463897.5697892 robobot/cmd/ti rc 0.130 0.000 1777463897.5682826
% 1777463897.578925 robobot/cmd/ti rc 0.130 0.000 1777463897.5781167
% 1777463897.5882602 robobot/cmd/ti rc 0.130 0.000 1777463897.587426
% 1777463897.597915 robobot/cmd/ti rc 0.130 0.000 1777463897.597606
1777463897.5986967 0 0.249 0.002 0.006 1 -1.24 0.48 -0.000 0.000 20 0.250 0.006 0.2496 0.0058
% 1777463897.6075914 robobot/cmd/ti rc 0.130 0.000 1777463897.6072176
% 1777463897.6175022 robobot/cmd/ti rc 0.130 0.000 1777463897.6171188
% 1777463897.628719 robobot/cmd/ti rc 0.130 0.000 1777463897.6280327
% 1777463897.6385844 robobot/cmd/ti rc 0.130 -0.594 1777463897.637457
% 1777463897.648604 robobot/cmd/ti rc 0.130 -0.547 1777463897.647975
1777463897.648652 0 0.254 0.002 0.007 1 -1.19 0.51 -0.144 -0.547 20 0.255 0.007 0.2552 0.0069
1777463897.64942 0 0.255 0.002 0.007 1 -1.19 0.51 -0.144 -0.547 20 0.255 0.007 0.2552 0.0069
% 1777463897.6584563 robobot/cmd/ti rc 0.130 0.038 1777463897.6580799
% 1777463897.6686249 robobot/cmd/ti rc 0.130 0.037 1777463897.6680095
% 1777463897.6776848 robobot/cmd/ti rc 0.130 0.035 1777463897.6770625
% 1777463897.688952 robobot/cmd/ti rc 0.130 0.033 1777463897.6880121
% 1777463897.6984692 robobot/cmd/ti rc 0.130 0.032 1777463897.6980917
1777463897.6994588 0 0.261 0.002 0.002 1 -1.24 0.45 -0.000 0.032 20 0.262 0.002 0.2621 0.0023
% 1777463897.7079911 robobot/cmd/ti rc 0.130 0.030 1777463897.7076411
% 1777463897.7181332 robobot/cmd/ti rc 0.130 0.029 1777463897.7175715
% 1777463897.7279792 robobot/cmd/ti rc 0.130 0.028 1777463897.7273338
% 1777463897.738521 robobot/cmd/ti rc 0.130 0.026 1777463897.7381604
% 1777463897.7475731 robobot/cmd/ti rc 0.130 0.025 1777463897.747207
1777463897.7476196 0 0.267 0.002 0.005 1 -1.20 0.47 -0.000 0.025 20 0.269 0.005 0.2685 0.0046
1777463897.7487168 0 0.268 0.002 0.005 1 -1.20 0.47 -0.000 0.025 20 0.269 0.005 0.2685 0.0046
% 1777463897.7578044 robobot/cmd/ti rc 0.130 -0.529 1777463897.7573717
% 1777463897.7678657 robobot/cmd/ti rc 0.130 0.042 1777463897.7674398
% 1777463897.7802837 robobot/cmd/ti rc 0.130 0.040 1777463897.7797976
% 1777463897.7876785 robobot/cmd/ti rc 0.130 0.038 1777463897.7872896
% 1777463897.7983847 robobot/cmd/ti rc 0.130 0.036 1777463897.798006
1777463897.7992766 0 0.274 0.002 0.005 1 -1.17 0.49 -0.000 0.036 20 0.275 0.005 0.2748 0.0046
% 1777463897.8088498 robobot/cmd/ti rc 0.130 0.035 1777463897.8082242
% 1777463897.8189585 robobot/cmd/ti rc 0.130 0.033 1777463897.8182127
% 1777463897.8274713 robobot/cmd/ti rc 0.130 0.032 1777463897.8271186
% 1777463897.837474 robobot/cmd/ti rc 0.130 0.030 1777463897.837078
% 1777463897.8482788 robobot/cmd/ti rc 0.130 -0.554 1777463897.8479848
1777463897.848319 0 0.280 0.002 0.002 1 -1.17 0.52 -0.148 -0.554 20 0.281 0.002 0.2811 0.0023
1777463897.8497357 0 0.281 0.002 0.002 1 -1.17 0.52 -0.148 -0.554 20 0.282 0.002 0.2821 0.0023
% 1777463897.8588316 robobot/cmd/ti rc 0.130 -0.535 1777463897.8585176
% 1777463897.8677773 robobot/cmd/ti alive 2026-04-29 13:58:14.194757
% 1777463897.8686635 robobot/cmd/ti rc 0.130 0.065 1777463897.8680997
% 1777463897.8786325 robobot/cmd/ti rc 0.130 -0.517 1777463897.8782408
% 1777463897.8882494 robobot/cmd/ti rc 0.130 0.079 1777463897.8877869
% 1777463897.898582 robobot/cmd/ti rc 0.130 -0.520 1777463897.8980803
1777463897.899344 0 0.287 0.002 -0.004 1 -1.16 0.53 -0.151 -0.520 20 0.289 -0.004 0.2885 -0.0035
% 1777463897.9087892 robobot/cmd/ti rc 0.130 -0.463 1777463897.908229
% 1777463897.9183702 robobot/cmd/ti rc 0.130 -0.451 1777463897.9179447
% 1777463897.9278772 robobot/cmd/ti rc 0.130 0.121 1777463897.9275007
% 1777463897.9382665 robobot/cmd/ti rc 0.130 0.115 1777463897.9377131
% 1777463897.9478674 robobot/cmd/ti rc 0.130 -0.535 1777463897.9475403
1777463897.9479084 0 0.294 0.002 -0.005 1 -1.16 0.56 -0.164 -0.535 20 0.295 -0.005 0.2950 -0.0046
1777463897.949825 0 0.294 0.002 -0.004 1 -1.16 0.56 -0.164 -0.535 20 0.295 -0.004 0.2950 -0.0035
% 1777463897.9576309 robobot/cmd/ti rc 0.130 -0.464 1777463897.9572852
% 1777463897.968339 robobot/cmd/ti rc 0.130 -0.413 1777463897.9679303
% 1777463897.9783466 robobot/cmd/ti rc 0.130 -0.398 1777463897.977963
% 1777463897.9883673 robobot/cmd/ti rc 0.130 0.165 1777463897.9878492
% 1777463897.9974947 robobot/cmd/ti rc 0.130 -0.458 1777463897.9971566
1777463897.9997833 0 0.301 0.002 -0.010 1 -1.18 0.54 -0.157 -0.458 20 0.302 -0.010 0.3018 -0.0104
% 1777463898.0074627 robobot/cmd/ti rc 0.130 -0.442 1777463898.007177
% 1777463898.018778 robobot/cmd/ti rc 0.130 -0.430 1777463898.0184853
% 1777463898.0278661 robobot/cmd/ti rc 0.130 0.197 1777463898.0274732
% 1777463898.0374818 robobot/cmd/ti rc 0.130 0.188 1777463898.0371437
% 1777463898.0486743 robobot/cmd/ti rc 0.130 0.179 1777463898.0482204
1777463898.048727 0 0.308 0.002 -0.017 1 -1.19 0.44 -0.000 0.179 20 0.309 -0.017 0.3087 -0.0173
1777463898.0497777 0 0.308 0.002 -0.017 1 -1.19 0.44 -0.000 0.179 20 0.310 -0.017 0.3097 -0.0173
% 1777463898.058672 robobot/cmd/ti rc 0.130 -0.411 1777463898.0583656
% 1777463898.0682375 robobot/cmd/ti rc 0.130 -0.374 1777463898.067892
% 1777463898.0785718 robobot/cmd/ti rc 0.130 0.194 1777463898.0781157
% 1777463898.0881093 robobot/cmd/ti rc 0.130 0.185 1777463898.0878103
% 1777463898.0982294 robobot/cmd/ti rc 0.130 -0.402 1777463898.0979269
1777463898.1001928 0 0.315 0.002 -0.027 1 -1.21 0.52 -0.147 -0.402 20 0.316 -0.027 0.3164 -0.0266
% 1777463898.1076062 robobot/cmd/ti rc 0.130 0.188 1777463898.1073186
% 1777463898.117904 robobot/cmd/ti rc 0.130 0.179 1777463898.1175737
% 1777463898.1276581 robobot/cmd/ti rc 0.130 0.171 1777463898.1273544
% 1777463898.138025 robobot/cmd/ti rc 0.130 0.163 1777463898.137522
% 1777463898.1474516 robobot/cmd/ti rc 0.130 0.156 1777463898.147158
1777463898.1474917 0 0.321 0.001 -0.031 1 -1.26 0.47 -0.000 0.156 20 0.322 -0.031 0.3224 -0.0312
1777463898.1506476 0 0.321 0.001 -0.032 1 -1.26 0.47 -0.000 0.156 20 0.322 -0.032 0.3224 -0.0324
% 1777463898.1583116 robobot/cmd/ti rc 0.130 0.149 1777463898.1579454
% 1777463898.1701913 robobot/cmd/ti rc 0.130 0.142 1777463898.168998
% 1777463898.1795194 robobot/cmd/ti rc 0.130 0.136 1777463898.1783452
% 1777463898.187576 robobot/cmd/ti rc 0.130 -0.483 1777463898.187281
% 1777463898.1975746 robobot/cmd/ti rc 0.130 -0.470 1777463898.19723
1777463898.1997344 0 0.327 0.001 -0.036 1 -1.35 0.54 -0.156 -0.470 20 0.328 -0.036 0.3284 -0.0359
% 1777463898.2087498 robobot/cmd/ti rc 0.130 -0.543 1777463898.2083418
% 1777463898.2187543 robobot/cmd/ti rc 0.130 -0.591 1777463898.218186
% 1777463898.2277796 robobot/cmd/ti rc 0.130 -0.637 1777463898.2274802
% 1777463898.238174 robobot/cmd/ti rc 0.130 -0.844 1777463898.237724
% 1777463898.2479453 robobot/cmd/ti rc 0.130 -1.231 1777463898.2475607
1777463898.247992 0 0.333 0.001 -0.045 1 -2.51 0.97 -0.374 -1.231 20 0.334 -0.045 0.3344 -0.0451
1777463898.2501345 0 0.334 0.001 -0.046 1 -2.51 0.97 -0.374 -1.231 20 0.335 -0.046 0.3354 -0.0463
% 1777463898.2582548 robobot/cmd/ti rc 0.130 -2.187 1777463898.2578971
% 1777463898.268027 robobot/cmd/ti rc 0.130 -4.000 1777463898.267663
% 1777463898.2778637 robobot/cmd/ti rc 0.130 -4.000 1777463898.2774873
% 1777463898.2885182 robobot/cmd/ti rc 0.130 -4.000 1777463898.288225
% 1777463898.2978494 robobot/cmd/ti rc 0.130 -4.000 1777463898.2974753
1777463898.3008885 0 0.340 0.000 -0.104 1 -3.50 3.48 -3.130 -4.000 20 0.342 -0.104 0.3422 -0.1041
% 1777463898.3081074 robobot/cmd/ti rc 0.130 -4.000 1777463898.3077545
% 1777463898.3185418 robobot/cmd/ti rc 0.130 -3.974 1777463898.3176503
% 1777463898.3276327 robobot/cmd/ti rc 0.130 -3.939 1777463898.3272526
% 1777463898.3387086 robobot/cmd/ti rc 0.130 -3.903 1777463898.3380713
% 1777463898.3484159 robobot/cmd/ti rc 0.130 -3.869 1777463898.3475528
1777463898.3484762 0 0.347 -0.001 -0.224 1 -3.50 3.50 -3.150 -3.869 20 0.349 -0.224 0.3495 -0.2244
1777463898.350403 0 0.347 -0.001 -0.237 1 -3.50 3.50 -3.150 -3.869 20 0.349 -0.237 0.3495 -0.2371
% 1777463898.3580277 robobot/cmd/ti rc 0.130 -3.837 1777463898.3575487
% 1777463898.3685987 robobot/cmd/ti rc 0.130 -1.370 1777463898.3675847
% 1777463898.3715322 robobot/cmd/ti alive 2026-04-29 13:58:14.194757
% 1777463898.3797038 robobot/cmd/ti rc 0.130 -0.660 1777463898.3788173
% 1777463898.3878083 robobot/cmd/ti rc 0.130 0.138 1777463898.387445
% 1777463898.3983157 robobot/cmd/ti rc 0.130 1.002 1777463898.397933
1777463898.3998477 0 0.353 -0.003 -0.392 1 -3.10 2.72 -1.868 1.002 20 0.355 -0.392 0.3552 -0.3921
% 1777463898.4079056 robobot/cmd/ti rc 0.130 1.667 1777463898.407542
% 1777463898.4181795 robobot/cmd/ti rc 0.130 1.781 1777463898.4178271
% 1777463898.428221 robobot/cmd/ti rc 0.130 2.143 1777463898.4276836
% 1777463898.4381535 robobot/cmd/ti rc 0.130 1.990 1777463898.437634
% 1777463898.4483838 robobot/cmd/ti rc 0.130 1.611 1777463898.4480119
1777463898.4485984 0 0.358 -0.005 -0.440 1 -3.50 2.37 -1.521 1.611 20 0.361 -0.440 0.3610 -0.4395
1777463898.4504447 0 0.358 -0.005 -0.437 1 -3.50 2.37 -1.521 1.611 20 0.362 -0.437 0.3616 -0.4372
% 1777463898.4582014 robobot/cmd/ti rc 0.130 1.394 1777463898.4578497
% 1777463898.4676754 robobot/cmd/ti rc 0.130 0.797 1777463898.467302
% 1777463898.4777656 robobot/cmd/ti rc 0.130 0.394 1777463898.4774103
% 1777463898.4884624 robobot/cmd/ti rc 0.130 0.140 1777463898.488112
% 1777463898.4984202 robobot/cmd/ti rc 0.130 0.017 1777463898.4980896
1777463898.5003963 0 0.363 -0.007 -0.415 1 -3.50 2.63 -1.781 0.017 20 0.367 -0.415 0.3671 -0.4152
% 1777463898.5084538 robobot/cmd/ti rc 0.130 -0.329 1777463898.5081055
% 1777463898.5183175 robobot/cmd/ti rc 0.130 -0.738 1777463898.5179427
% 1777463898.527852 robobot/cmd/ti rc 0.130 -0.929 1777463898.5274937
% 1777463898.5386763 robobot/cmd/ti rc 0.130 -1.325 1777463898.538146
% 1777463898.5484636 robobot/cmd/ti rc 0.130 -1.606 1777463898.5480282
1777463898.548667 0 0.366 -0.009 -0.420 1 -3.50 2.97 -2.121 -1.606 20 0.371 -0.420 0.3713 -0.4198
1777463898.5512848 0 0.366 -0.009 -0.420 1 -3.50 2.97 -2.121 -1.606 20 0.371 -0.420 0.3713 -0.4198
% 1777463898.5580432 robobot/cmd/ti rc 0.130 -1.805 1777463898.5576887
% 1777463898.5686302 robobot/cmd/ti rc 0.130 -2.251 1777463898.5679944
% 1777463898.5788705 robobot/cmd/ti rc 0.130 -2.519 1777463898.5781424
% 1777463898.5879636 robobot/cmd/ti rc 0.130 -3.023 1777463898.587381
% 1777463898.5991192 robobot/cmd/ti rc 0.130 -3.198 1777463898.5984995
1777463898.6010306 0 0.370 -0.011 -0.457 1 -3.50 3.38 -2.524 -3.198 20 0.376 -0.457 0.3757 -0.4568
% 1777463898.6078794 robobot/cmd/ti rc 0.130 -4.000 1777463898.6075294
% 1777463898.6177049 robobot/cmd/ti rc 0.130 -4.000 1777463898.617369
% 1777463898.627876 robobot/cmd/ti rc 0.130 -3.975 1777463898.6273131
% 1777463898.637753 robobot/cmd/ti rc 0.130 -3.940 1777463898.6374543
% 1777463898.6481152 robobot/cmd/ti rc 0.130 -3.904 1777463898.647817
1777463898.6481552 0 0.377 -0.014 -0.546 1 -3.50 3.50 -3.150 -3.904 20 0.384 -0.546 0.3838 -0.5459
1777463898.650497 0 0.378 -0.015 -0.563 1 -3.50 3.50 -3.150 -3.904 20 0.385 -0.563 0.3851 -0.5632
% 1777463898.6582344 robobot/cmd/ti rc 0.130 -3.870 1777463898.6579385
% 1777463898.6678886 robobot/cmd/ti rc 0.130 -1.371 1777463898.667544
% 1777463898.6779294 robobot/cmd/ti rc 0.130 -1.293 1777463898.6776
% 1777463898.6877434 robobot/cmd/ti rc 0.130 -0.948 1777463898.6873968
% 1777463898.699111 robobot/cmd/ti rc 0.130 -0.425 1777463898.69881
1777463898.700715 0 0.384 -0.019 -0.703 1 0.58 3.08 -2.238 -0.425 20 0.393 -0.703 0.3929 -0.7031
% 1777463898.7084694 robobot/cmd/ti rc 0.130 -0.277 1777463898.7081752
% 1777463898.7183688 robobot/cmd/ti rc 0.130 -0.114 1777463898.7180712
% 1777463898.728079 robobot/cmd/ti rc 0.130 0.168 1777463898.7277799
% 1777463898.738144 robobot/cmd/ti rc 0.130 0.057 1777463898.7378514
% 1777463898.748159 robobot/cmd/ti rc 0.130 0.213 1777463898.7478702
1777463898.7481985 0 0.389 -0.024 -0.793 1 0.65 2.81 -1.960 0.213 20 0.400 -0.793 0.3999 -0.7934
1777463898.7512813 0 0.389 -0.024 -0.800 1 0.65 2.81 -1.960 0.213 20 0.400 -0.800 0.3999 -0.8003
% 1777463898.7580185 robobot/cmd/ti rc 0.130 0.042 1777463898.7577202
% 1777463898.7696843 robobot/cmd/ti rc 0.130 0.009 1777463898.7685091
% 1777463898.7787557 robobot/cmd/ti rc 0.130 -0.065 1777463898.778189
% 1777463898.7887883 robobot/cmd/ti rc 0.130 -0.122 1777463898.7884154
% 1777463898.798431 robobot/cmd/ti rc 0.130 -0.273 1777463898.7981377
1777463898.8016913 0 0.394 -0.029 -0.844 1 0.79 2.82 -1.970 -0.273 20 0.405 -0.844 0.4051 -0.8442
% 1777463898.8087375 robobot/cmd/ti rc 0.130 -0.532 1777463898.8081684
% 1777463898.8189077 robobot/cmd/ti rc 0.130 -0.657 1777463898.8181593
% 1777463898.8280008 robobot/cmd/ti rc 0.130 -0.717 1777463898.827433
% 1777463898.8377542 robobot/cmd/ti rc 0.130 -0.811 1777463898.8374364
% 1777463898.8490481 robobot/cmd/ti rc 0.130 -0.811 1777463898.8485646
1777463898.8490934 0 0.397 -0.033 -0.858 1 0.82 2.87 -2.025 -0.811 20 0.410 -0.858 0.4102 -0.8581
1777463898.8509219 0 0.397 -0.033 -0.860 1 0.82 2.87 -2.025 -0.811 20 0.411 -0.860 0.4111 -0.8604
% 1777463898.8604903 robobot/cmd/ti rc 0.130 -1.041 1777463898.8597372
% 1777463898.86825 robobot/cmd/ti rc 0.130 -1.205 1777463898.867831
% 1777463898.873285 robobot/cmd/ti alive 2026-04-29 13:58:14.194757
% 1777463898.8781383 robobot/cmd/ti rc 0.130 -1.169 1777463898.8777964
% 1777463898.8886652 robobot/cmd/ti rc 0.130 -1.461 1777463898.888305
% 1777463898.8997648 robobot/cmd/ti rc 0.130 -1.654 1777463898.8992193
1777463898.90113 0 0.401 -0.038 -0.879 1 0.98 3.03 -2.184 -1.654 20 0.418 -0.879 0.4175 -0.8789
% 1777463898.9086223 robobot/cmd/ti rc 0.130 -1.911 1777463898.9077709
% 1777463898.918837 robobot/cmd/ti rc 0.130 -2.055 1777463898.918477
% 1777463898.9284065 robobot/cmd/ti rc 0.130 -1.607 1777463898.9280398
% 1777463898.939275 robobot/cmd/ti rc 0.130 -1.766 1777463898.9385874
% 1777463898.9487045 robobot/cmd/ti rc 0.130 -2.058 1777463898.9481604
1777463898.94877 0 0.405 -0.042 -0.925 1 1.04 3.11 -2.263 -2.058 20 0.423 -0.925 0.4234 -0.9252
1777463898.9512093 0 0.405 -0.043 -0.932 1 1.04 3.11 -2.263 -2.058 20 0.423 -0.932 0.4234 -0.9321
% 1777463898.9580984 robobot/cmd/ti rc 0.130 -2.048 1777463898.9575813
% 1777463898.968928 robobot/cmd/ti rc 0.130 -1.982 1777463898.9683409
% 1777463898.9798212 robobot/cmd/ti rc 0.130 -1.821 1777463898.9791934
% 1777463898.988562 robobot/cmd/ti rc 0.130 -1.680 1777463898.9879236
% 1777463898.998642 robobot/cmd/ti rc 0.130 -1.718 1777463898.9981987
1777463899.0007298 0 0.409 -0.049 -1.002 1 0.94 3.01 -2.159 -1.718 20 0.431 -1.002 0.4310 -1.0015
% 1777463899.0089014 robobot/cmd/ti rc 0.130 -1.619 1777463899.0082917
% 1777463899.019437 robobot/cmd/ti rc 0.130 -1.561 1777463899.0189626
% 1777463899.0284326 robobot/cmd/ti rc 0.130 -1.304 1777463899.0279093
% 1777463899.03851 robobot/cmd/ti rc 0.130 -1.479 1777463899.038087
% 1777463899.048903 robobot/cmd/ti rc 0.130 -1.188 1777463899.0484498
1777463899.0489573 0 0.413 -0.055 -1.074 1 0.87 2.84 -1.992 -1.188 20 0.438 -1.074 0.4384 -1.0744
1777463899.051014 0 0.413 -0.055 -1.081 1 0.87 2.84 -1.992 -1.188 20 0.440 -1.081 0.4396 -1.0813
% 1777463899.0590541 robobot/cmd/ti rc 0.130 -0.871 1777463899.0585942
% 1777463899.0686285 robobot/cmd/ti rc 0.130 -0.771 1777463899.0681524
% 1777463899.0782318 robobot/cmd/ti rc 0.130 -0.488 1777463899.0776753
% 1777463899.0881593 robobot/cmd/ti rc 0.130 -0.211 1777463899.0877204
% 1777463899.0986722 robobot/cmd/ti rc 0.130 -0.309 1777463899.0981016
1777463899.1020045 0 0.416 -0.062 -1.143 1 0.65 2.55 -1.702 -0.309 20 0.446 -1.143 0.4460 -1.1426
% 1777463899.1093047 robobot/cmd/ti rc 0.130 -0.227 1777463899.1084807
% 1777463899.1197543 robobot/cmd/ti rc 0.130 -0.081 1777463899.118838
% 1777463899.1286583 robobot/cmd/ti rc 0.130 0.262 1777463899.1281378
% 1777463899.1402016 robobot/cmd/ti rc 0.130 0.440 1777463899.139469
% 1777463899.1486173 robobot/cmd/ti rc 0.130 0.375 1777463899.1481261
1777463899.148678 0 0.419 -0.068 -1.190 1 0.45 2.28 -1.436 0.375 20 0.452 -1.190 0.4523 -1.1900
1777463899.1516664 0 0.419 -0.068 -1.192 1 0.45 2.28 -1.436 0.375 20 0.452 -1.192 0.4523 -1.1923
% 1777463899.1585615 robobot/cmd/ti rc 0.130 0.406 1777463899.1580725
% 1777463899.1693587 robobot/cmd/ti rc 0.130 0.426 1777463899.1683657
% 1777463899.1806197 robobot/cmd/ti rc 0.130 0.320 1777463899.1795099
% 1777463899.1927583 robobot/cmd/ti rc 0.130 0.316 1777463899.1898806
% 1777463899.1994767 robobot/cmd/ti rc 0.130 0.297 1777463899.1983259
1777463899.2020788 0 0.421 -0.073 -1.197 1 0.40 2.20 -1.353 0.297 20 0.458 -1.197 0.4578 -1.1970
% 1777463899.2093291 robobot/cmd/ti rc 0.130 0.317 1777463899.2084274
% 1777463899.218902 robobot/cmd/ti rc 0.130 0.057 1777463899.2183015
% 1777463899.2283428 robobot/cmd/ti rc 0.130 0.098 1777463899.2277768
% 1777463899.2378664 robobot/cmd/ti rc 0.130 0.019 1777463899.2375774
% 1777463899.2485907 robobot/cmd/ti rc 0.130 0.014 1777463899.2483022
1777463899.248627 0 0.423 -0.078 -1.185 1 0.35 2.18 -1.338 0.014 20 0.463 -1.185 0.4632 -1.1854
1777463899.2518911 0 0.423 -0.078 -1.184 1 0.35 2.18 -1.338 0.014 20 0.464 -1.184 0.4640 -1.1842
% 1777463899.2591698 robobot/cmd/ti rc 0.130 -0.019 1777463899.2584689
% 1777463899.268391 robobot/cmd/ti rc 0.130 -0.047 1777463899.2680988
% 1777463899.2782292 robobot/cmd/ti rc 0.130 -0.192 1777463899.2779255
% 1777463899.2885435 robobot/cmd/ti rc 0.130 -0.232 1777463899.2882092
% 1777463899.2987046 robobot/cmd/ti rc 0.130 -0.409 1777463899.2982712
1777463899.3015935 0 0.425 -0.084 -1.171 1 0.36 2.22 -1.374 -0.409 20 0.470 -1.171 0.4696 -1.1715
% 1777463899.308349 robobot/cmd/ti rc 0.130 -0.496 1777463899.3079767
% 1777463899.3189652 robobot/cmd/ti rc 0.130 -0.591 1777463899.3185968
% 1777463899.3286164 robobot/cmd/ti rc 0.130 -0.518 1777463899.328256
% 1777463899.338858 robobot/cmd/ti rc 0.130 -0.355 1777463899.3382778
% 1777463899.3485298 robobot/cmd/ti rc 0.130 -0.397 1777463899.3481603
1777463899.3485777 0 0.428 -0.089 -1.176 1 0.33 2.16 -1.319 -0.397 20 0.476 -1.176 0.4758 -1.1761
1777463899.3515706 0 0.428 -0.090 -1.179 1 0.33 2.16 -1.319 -0.397 20 0.476 -1.179 0.4758 -1.1785
% 1777463899.3583183 robobot/cmd/ti rc 0.130 -0.582 1777463899.3579655
% 1777463899.3694973 robobot/cmd/ti rc 0.130 -0.683 1777463899.3689103
% 1777463899.376333 robobot/cmd/ti alive 2026-04-29 13:58:14.194757
% 1777463899.3799992 robobot/cmd/ti rc 0.130 -0.611 1777463899.3782938
% 1777463899.3883064 robobot/cmd/ti rc 0.130 -0.515 1777463899.387681
% 1777463899.4024813 robobot/cmd/ti rc 0.130 -0.465 1777463899.401837
1777463899.4037833 0 0.430 -0.095 -1.197 2 0.21 2.13 -1.291 -0.465 20 0.482 -1.197 0.4818 -1.1970
% 1777463899.4094408 robobot/cmd/ti rc 0.130 -0.460 1777463899.407987
% 1777463899.4208145 robobot/cmd/ti rc 0.130 -0.362 1777463899.4201617
% 1777463899.4289958 robobot/cmd/ti rc 0.130 -0.338 1777463899.4283473
% 1777463899.4398909 robobot/cmd/ti rc 0.130 -0.338 1777463899.438613
% 1777463899.4498165 robobot/cmd/ti rc 0.130 -0.244 1777463899.4491296
1777463899.4498763 0 0.432 -0.101 -1.211 2 0.17 2.02 -1.185 -0.244 20 0.488 -1.211 0.4879 -1.2108
1777463899.4523659 0 0.432 -0.101 -1.211 2 0.17 2.02 -1.185 -0.244 20 0.489 -1.211 0.4889 -1.2108
% 1777463899.4616916 robobot/cmd/ti rc 0.130 -0.132 1777463899.4607947
% 1777463899.46946 robobot/cmd/ti rc 0.130 -0.216 1777463899.4685743
% 1777463899.47853 robobot/cmd/ti rc 0.130 -0.200 1777463899.4779913
% 1777463899.4887145 robobot/cmd/ti rc 0.130 -0.193 1777463899.4883099
% 1777463899.4992716 robobot/cmd/ti rc 0.130 -0.436 1777463899.4988756
1777463899.5024374 0 0.434 -0.107 -1.219 2 0.07 2.01 -1.179 -0.436 20 0.494 -1.219 0.0036 -0.0057
% 1777463899.5085971 robobot/cmd/ti rc 0.130 -0.360 1777463899.5082
% 1777463899.5183506 robobot/cmd/ti rc 0.130 -0.310 1777463899.5179725
% 1777463899.5284538 robobot/cmd/ti rc 0.130 -0.186 1777463899.5280845
% 1777463899.5383735 robobot/cmd/ti rc 0.130 -0.138 1777463899.5379963
% 1777463899.548776 robobot/cmd/ti rc 0.130 -0.232 1777463899.548397
1777463899.5488307 0 0.436 -0.112 -1.228 2 -0.06 1.90 -1.079 -0.232 20 0.500 -1.228 0.0091 -0.0150
1777463899.5521712 0 0.436 -0.112 -1.228 2 -0.06 1.90 -1.079 -0.232 20 0.500 -1.228 0.0091 -0.0150
% 1777463899.5580516 robobot/cmd/ti rc 0.130 -0.084 1777463899.557686
% 1777463899.5701714 robobot/cmd/ti rc 0.130 -0.284 1777463899.5698266
% 1777463899.5789323 robobot/cmd/ti rc 0.130 -0.181 1777463899.5782516
% 1777463899.58867 robobot/cmd/ti rc 0.130 -0.213 1777463899.5882802
% 1777463899.598443 robobot/cmd/ti rc 0.130 -0.327 1777463899.5980508
1777463899.6026971 0 0.439 -0.118 -1.235 2 -0.14 1.87 -1.054 -0.327 20 0.506 -1.235 0.0154 -0.0219
% 1777463899.6088705 robobot/cmd/ti rc 0.130 -0.354 1777463899.608514
% 1777463899.6189861 robobot/cmd/ti rc 0.130 -0.468 1777463899.6186314
% 1777463899.6280673 robobot/cmd/ti rc 0.130 -0.458 1777463899.627661
% 1777463899.6386437 robobot/cmd/ti rc 0.130 -0.355 1777463899.6382983
% 1777463899.6490617 robobot/cmd/ti rc 0.130 -0.358 1777463899.648687
1777463899.6491067 0 0.441 -0.125 -1.240 2 -0.20 1.84 -1.023 -0.358 20 0.513 -1.240 0.0221 -0.0266
1777463899.6521497 0 0.441 -0.126 -1.240 2 -0.20 1.84 -1.023 -0.358 20 0.514 -1.240 0.0234 -0.0266
% 1777463899.662536 robobot/cmd/ti rc 0.130 -0.034 1777463899.6620522
% 1777463899.668488 robobot/cmd/ti rc 0.130 -0.044 1777463899.6680617
% 1777463899.679161 robobot/cmd/ti rc 0.130 -0.005 1777463899.6785326
% 1777463899.6881855 robobot/cmd/ti rc 0.130 -0.079 1777463899.6877117
% 1777463899.6995947 robobot/cmd/ti rc 0.130 0.094 1777463899.6990507
1777463899.7031538 0 0.444 -0.134 -1.243 2 -0.35 1.65 -0.860 0.094 20 0.523 -1.243 0.0322 -0.0300
% 1777463899.7090776 robobot/cmd/ti rc 0.130 0.061 1777463899.7084382
% 1777463899.7186282 robobot/cmd/ti rc 0.130 -0.036 1777463899.7182722
% 1777463899.7284439 robobot/cmd/ti rc 0.130 0.017 1777463899.7280195
% 1777463899.7397091 robobot/cmd/ti rc 0.130 0.161 1777463899.739376
% 1777463899.7494998 robobot/cmd/ti rc 0.130 0.257 1777463899.7489808
1777463899.749585 0 0.446 -0.140 -1.249 2 -0.54 1.53 -0.766 0.257 20 0.530 -1.249 0.0397 -0.0358
1777463899.7525783 0 0.446 -0.141 -1.249 2 -0.54 1.53 -0.766 0.257 20 0.530 -1.249 0.0397 -0.0358
% 1777463899.7591124 robobot/cmd/ti rc 0.130 0.253 1777463899.7587428
% 1777463899.770779 robobot/cmd/ti rc 0.130 0.036 1777463899.7698154
% 1777463899.7799113 robobot/cmd/ti rc 0.130 -0.250 1777463899.7790165
% 1777463899.7895715 robobot/cmd/ti rc 0.130 -0.186 1777463899.7889779
% 1777463899.7988687 robobot/cmd/ti rc 0.130 -0.112 1777463899.7985072
1777463899.8027792 0 0.447 -0.143 -1.252 2 -0.48 1.59 -0.812 -0.112 20 0.535 -1.252 0.0438 -0.0393
% 1777463899.8086967 robobot/cmd/ti rc 0.130 -0.026 1777463899.8083286
% 1777463899.8196816 robobot/cmd/ti rc 0.130 -0.122 1777463899.81932
% 1777463899.8299286 robobot/cmd/ti rc 0.130 -0.184 1777463899.8295562
% 1777463899.839578 robobot/cmd/ti rc 0.130 0.045 1777463899.8391774
% 1777463899.8496134 robobot/cmd/ti rc 0.130 -0.066 1777463899.849183
1777463899.8496883 0 0.448 -0.146 -1.263 2 -0.50 1.52 -0.760 -0.066 20 0.537 -1.263 0.0463 -0.0497
1777463899.8527555 0 0.448 -0.146 -1.264 2 -0.50 1.52 -0.760 -0.066 20 0.537 -1.264 0.0467 -0.0508
% 1777463899.8599143 robobot/cmd/ti rc 0.130 0.014 1777463899.859172
% 1777463899.869301 robobot/cmd/ti rc 0.130 -0.023 1777463899.8689497
% 1777463899.8793812 robobot/cmd/ti rc 0.130 -0.161 1777463899.8789835
% 1777463899.8795016 robobot/cmd/ti alive 2026-04-29 13:58:14.194757
% 1777463899.888953 robobot/cmd/ti rc 0.130 -0.117 1777463899.888577
% 1777463899.8991716 robobot/cmd/ti rc 0.130 -0.288 1777463899.8988113
1777463899.9032195 0 0.449 -0.151 -1.272 2 -0.46 1.55 -0.777 -0.288 20 0.543 -1.272 0.0526 -0.0589
% 1777463899.9092312 robobot/cmd/ti rc 0.130 -0.358 1777463899.9088652
% 1777463899.919589 robobot/cmd/ti rc 0.130 -0.392 1777463899.9192355
% 1777463899.9296985 robobot/cmd/ti rc 0.130 -0.457 1777463899.9292946
% 1777463899.9397898 robobot/cmd/ti rc 0.130 -0.361 1777463899.9394941
% 1777463899.9497654 robobot/cmd/ti rc 0.130 -0.353 1777463899.949453
1777463899.9498122 0 0.450 -0.154 -1.291 2 -0.38 1.54 -0.770 -0.353 20 0.546 -1.291 0.0557 -0.0774
1777463899.9527142 0 0.451 -0.155 -1.293 2 -0.38 1.54 -0.770 -0.353 20 0.546 -1.293 0.0557 -0.0798
% 1777463899.9594822 robobot/cmd/ti rc 0.130 -0.479 1777463899.959125
% 1777463899.9700587 robobot/cmd/ti rc 0.130 -0.499 1777463899.969588
% 1777463899.980055 robobot/cmd/ti rc 0.130 -0.594 1777463899.9796379
% 1777463899.98972 robobot/cmd/ti rc 0.130 -0.396 1777463899.9893146
% 1777463899.9998603 robobot/cmd/ti rc 0.130 -0.400 1777463899.9994795
1777463900.0060024 0 0.452 -0.160 -1.316 2 -0.48 1.53 -0.763 -0.400 20 0.553 -1.316 0.0627 -0.1029
% 1777463900.00994 robobot/cmd/ti rc 0.130 -0.533 1777463900.0094888
% 1777463900.019427 robobot/cmd/ti rc 0.130 -0.579 1777463900.0190732
% 1777463900.0299547 robobot/cmd/ti rc 0.130 -0.319 1777463900.029499
% 1777463900.0391495 robobot/cmd/ti rc 0.130 -0.455 1777463900.038846
% 1777463900.0499046 robobot/cmd/ti rc 0.130 -0.688 1777463900.0493026
1777463900.049952 0 0.453 -0.165 -1.335 2 -0.44 1.60 -0.818 -0.688 20 0.557 -1.335 0.0665 -0.1214
1777463900.053577 0 0.453 -0.166 -1.335 2 -0.44 1.60 -0.818 -0.688 20 0.558 -1.335 0.0677 -0.1214
% 1777463900.0594335 robobot/cmd/ti rc 0.130 -0.588 1777463900.059016
% 1777463900.069879 robobot/cmd/ti rc 0.130 -0.524 1777463900.0692642
% 1777463900.0795584 robobot/cmd/ti rc 0.130 -0.617 1777463900.079181
% 1777463900.0899093 robobot/cmd/ti rc 0.130 -0.417 1777463900.089446
% 1777463900.1005464 robobot/cmd/ti rc 0.130 -0.520 1777463900.0996711
1777463900.1030555 0 0.455 -0.172 -1.363 2 -0.46 1.53 -0.763 -0.520 20 0.565 -1.363 0.0745 -0.1503
% 1777463900.1096249 robobot/cmd/ti rc 0.130 -0.608 1777463900.1092002
% 1777463900.1194718 robobot/cmd/ti rc 0.130 -0.718 1777463900.1191049
% 1777463900.1303158 robobot/cmd/ti rc 0.130 -0.645 1777463900.129865
% 1777463900.1390963 robobot/cmd/ti rc 0.130 -0.582 1777463900.1387398
% 1777463900.1489193 robobot/cmd/ti rc 0.130 -0.580 1777463900.148569
1777463900.148962 0 0.456 -0.177 -1.394 2 -0.46 1.53 -0.768 -0.580 20 0.571 -1.394 0.0799 -0.1804
1777463900.1529706 0 0.456 -0.177 -1.397 2 -0.46 1.53 -0.768 -0.580 20 0.571 -1.397 0.0799 -0.1838
% 1777463900.1594539 robobot/cmd/ti rc 0.130 -0.694 1777463900.1591089
% 1777463900.1726513 robobot/cmd/ti rc 0.130 -0.741 1777463900.1705182
% 1777463900.1803627 robobot/cmd/ti rc 0.130 -0.636 1777463900.1799097
% 1777463900.1894374 robobot/cmd/ti rc 0.130 -0.888 1777463900.1889324
% 1777463900.1992347 robobot/cmd/ti rc 0.130 -0.707 1777463900.198749
1777463900.2034698 0 0.457 -0.184 -1.428 2 -0.47 1.57 -0.795 -0.707 20 0.579 -1.428 0.0879 -0.2151
% 1777463900.209571 robobot/cmd/ti rc 0.130 -0.680 1777463900.2090812
% 1777463900.2195296 robobot/cmd/ti rc 0.130 -0.733 1777463900.2190526
% 1777463900.2287936 robobot/cmd/ti rc 0.130 -0.706 1777463900.2284353
% 1777463900.2397122 robobot/cmd/ti rc 0.130 -0.731 1777463900.2392638
% 1777463900.2495234 robobot/cmd/ti rc 0.130 -0.860 1777463900.2491443
1777463900.2495778 0 0.458 -0.189 -1.465 2 -0.48 1.61 -0.829 -0.860 20 0.583 -1.465 0.0925 -0.2521
1777463900.2532418 0 0.458 -0.189 -1.469 2 -0.48 1.61 -0.829 -0.860 20 0.584 -1.469 0.0935 -0.2555
% 1777463900.2610335 robobot/cmd/ti rc 0.130 -0.890 1777463900.2597914
% 1777463900.2692184 robobot/cmd/ti rc 0.130 -0.584 1777463900.2688937
% 1777463900.2729094 robobot/cmd/ti rc 0.0 0.0
1777463900.3034763 0 0.458 -0.194 -1.487 2 -0.45 1.57 -0.760 -0.584 20 0.590 -1.487 0.0994 -0.2741
1777463900.3491929 0 0.458 -0.194 -1.488 2 -0.48 1.59 -0.760 -0.584 20 0.592 -1.488 0.1009 -0.2752
1777463900.3538444 0 0.458 -0.194 -1.488 2 -0.48 1.59 -0.760 -0.584 20 0.592 -1.488 0.1009 -0.2752
% 1777463900.3826108 robobot/cmd/ti alive 2026-04-29 13:58:14.194757
1777463900.402887 0 0.458 -0.195 -1.493 2 -0.55 1.56 -0.760 -0.584 20 0.592 -1.493 0.1017 -0.2798
1777463900.4487352 0 0.458 -0.195 -1.493 2 -0.49 1.58 -0.760 -0.584 20 0.593 -1.493 0.1021 -0.2798
1777463900.453174 0 0.458 -0.195 -1.493 2 -0.49 1.58 -0.760 -0.584 20 0.593 -1.493 0.1022 -0.2798
1777463900.5029666 0 0.458 -0.195 -1.493 2 -0.46 1.60 -0.760 -0.584 20 0.593 -1.493 0.1026 -0.2798
1777463900.548764 0 0.458 -0.195 -1.493 2 -0.45 1.57 -0.760 -0.584 20 0.594 -1.493 0.1029 -0.2798
1777463900.5532508 0 0.458 -0.195 -1.493 2 -0.45 1.57 -0.760 -0.584 20 0.594 -1.493 0.1029 -0.2798
1777463900.6051087 0 0.458 -0.195 -1.493 2 -0.47 1.57 -0.760 -0.584 20 0.594 -1.493 0.1032 -0.2798
1777463900.649568 0 0.458 -0.195 -1.493 2 -0.47 1.61 -0.760 -0.584 20 0.594 -1.493 0.1033 -0.2798
1777463900.6534142 0 0.458 -0.195 -1.493 2 -0.47 1.61 -0.760 -0.584 20 0.594 -1.493 0.1033 -0.2798
1777463900.7038262 0 0.458 -0.195 -1.493 2 -0.51 1.64 -0.760 -0.584 20 0.594 -1.493 0.1035 -0.2798
1777463900.7494733 0 0.458 -0.195 -1.493 2 -0.44 1.57 -0.760 -0.584 20 0.594 -1.493 0.1036 -0.2798
1777463900.7540169 0 0.458 -0.195 -1.493 2 -0.44 1.57 -0.760 -0.584 20 0.594 -1.493 0.1036 -0.2798
% 1777463900.779052 robobot/cmd/ti rc -0.2 0.0
1777463900.8041506 0 0.458 -0.194 -1.494 2 -0.53 1.58 -0.760 -0.584 20 0.594 -1.494 0.1037 -0.2810
1777463900.8495176 0 0.458 -0.190 -1.491 2 -0.40 1.63 -0.760 -0.584 20 0.592 -1.491 0.1009 -0.2775
1777463900.8540862 0 0.458 -0.190 -1.492 2 -0.40 1.63 -0.760 -0.584 20 0.591 -1.492 0.1003 -0.2787
% 1777463900.8846312 robobot/cmd/ti alive 2026-04-29 13:58:14.194757
1777463900.9043272 0 0.457 -0.186 -1.490 2 -0.33 1.76 -0.760 -0.584 20 0.587 -1.490 0.0966 -0.2764
1777463900.9501803 0 0.457 -0.179 -1.485 2 -0.21 1.85 -0.760 -0.584 20 0.580 -1.485 0.0897 -0.2717
1777463900.955032 0 0.457 -0.179 -1.484 2 -0.21 1.85 -0.760 -0.584 20 0.580 -1.484 0.0897 -0.2706
1777463901.0040603 0 0.456 -0.169 -1.476 2 -0.04 1.99 -0.760 -0.584 20 0.570 -1.476 0.0792 -0.2625
1777463901.0517187 0 0.455 -0.159 -1.477 2 0.07 2.05 -0.760 -0.584 20 0.562 -1.477 0.0710 -0.2636
1777463901.0554616 0 0.455 -0.158 -1.477 2 0.07 2.05 -0.760 -0.584 20 0.560 -1.477 0.0691 -0.2636
1777463901.1040761 0 0.454 -0.148 -1.477 2 0.28 2.25 -0.760 -0.584 20 0.550 -1.477 0.0589 -0.2636
1777463901.1543162 0 0.453 -0.139 -1.477 2 0.42 2.45 -0.760 -0.584 20 0.539 -1.477 0.0483 -0.2636
1777463901.1551032 0 0.453 -0.136 -1.477 2 0.42 2.45 -0.760 -0.584 20 0.539 -1.477 0.0483 -0.2636
1777463901.2055001 0 0.452 -0.126 -1.478 2 0.57 2.43 -0.760 -0.584 20 0.527 -1.478 0.0367 -0.2648
1777463901.2507076 0 0.451 -0.118 -1.480 2 0.67 2.54 -0.760 -0.584 20 0.519 -1.480 0.0286 -0.2671
1777463901.2550983 0 0.451 -0.116 -1.480 2 0.67 2.54 -0.760 -0.584 20 0.518 -1.480 0.0272 -0.2671
1777463901.306455 0 0.450 -0.106 -1.486 2 0.74 2.68 -0.760 -0.584 20 0.508 -1.486 0.0176 -0.2729
1777463901.3522542 0 0.449 -0.099 -1.492 2 0.79 2.84 -0.760 -0.584 20 0.499 -1.492 0.0086 -0.2787
1777463901.3560169 0 0.449 -0.097 -1.493 2 0.79 2.84 -0.760 -0.584 20 0.499 -1.493 0.0086 -0.2798
% 1777463901.3910756 robobot/cmd/ti alive 2026-04-29 13:58:14.194757
1777463901.425704 0 0.449 -0.088 -1.496 2 0.92 2.93 -0.760 -0.584 20 0.489 -1.496 -0.0022 -0.2833
1777463901.4638672 0 0.448 -0.079 -1.500 2 1.09 3.15 -0.760 -0.584 20 0.481 -1.500 -0.0101 -0.2868
1777463901.4682589 0 0.448 -0.077 -1.501 2 1.09 3.15 -0.760 -0.584 20 0.479 -1.501 -0.0118 -0.2879
1777463901.5052154 0 0.447 -0.067 -1.501 2 1.27 3.32 -0.760 -0.584 20 0.469 -1.501 -0.0216 -0.2879
1777463901.5504012 0 0.447 -0.059 -1.503 2 1.33 3.47 -0.760 -0.584 20 0.459 -1.503 -0.0315 -0.2902
1777463901.5553215 0 0.446 -0.057 -1.503 2 1.33 3.47 -0.760 -0.584 20 0.459 -1.503 -0.0315 -0.2902
1777463901.6050801 0 0.446 -0.047 -1.509 2 1.51 3.50 -0.760 -0.584 20 0.448 -1.509 -0.0432 -0.2960
1777463901.6493623 0 0.445 -0.038 -1.513 2 1.77 3.50 -0.760 -0.584 20 0.439 -1.513 -0.0513 -0.2995
1777463901.6551037 0 0.445 -0.036 -1.513 2 1.77 3.50 -0.760 -0.584 20 0.438 -1.513 -0.0531 -0.2995
1777463901.7055233 0 0.445 -0.026 -1.518 2 1.61 3.50 -0.760 -0.584 20 0.428 -1.518 -0.0630 -0.3053
1777463901.7496498 0 0.444 -0.018 -1.520 2 -0.88 3.50 -0.760 -0.584 20 0.418 -1.520 -0.0726 -0.3064
1777463901.7553604 0 0.444 -0.016 -1.520 2 -0.88 3.50 -0.760 -0.584 20 0.418 -1.520 -0.0726 -0.3064
% 1777463901.786762 robobot/cmd/ti rc 0.0 -0.2
1777463901.8054957 0 0.444 -0.006 -1.521 2 -3.49 3.50 -0.760 -0.584 20 0.407 -1.521 -0.0840 -0.3076
1777463901.849684 0 0.443 -0.002 -1.524 2 -3.50 3.50 -0.760 -0.584 20 0.402 -1.524 -0.0883 -0.3111
1777463901.8557434 0 0.443 -0.001 -1.523 2 -3.50 3.50 -0.760 -0.584 20 0.402 -1.523 -0.0893 -0.3099
% 1777463901.8967626 robobot/cmd/ti alive 2026-04-29 13:58:14.194757
1777463901.9062238 0 0.443 0.000 -1.529 2 -3.50 3.50 -0.760 -0.584 20 0.398 -1.529 -0.0927 -0.3157
1777463901.9496636 0 0.443 -0.000 -1.529 2 -3.50 3.50 -0.760 -0.584 20 0.398 -1.529 -0.0932 -0.3157
1777463901.9568503 0 0.443 -0.001 -1.530 2 -3.50 3.50 -0.760 -0.584 20 0.398 -1.530 -0.0931 -0.3168
1777463902.0061593 0 0.443 -0.001 -1.537 2 -3.50 3.50 -0.760 -0.584 20 0.398 -1.537 -0.0923 -0.3238
1777463902.0490813 0 0.443 -0.001 -1.539 2 -3.50 3.50 -0.760 -0.584 20 0.399 -1.539 -0.0918 -0.3261
1777463902.0559897 0 0.443 -0.002 -1.540 2 -3.50 3.50 -0.760 -0.584 20 0.399 -1.540 -0.0918 -0.3273
1777463902.1072764 0 0.443 -0.002 -1.542 2 -3.50 3.50 -0.760 -0.584 20 0.399 -1.542 -0.0914 -0.3284
1777463902.1515534 0 0.443 -0.002 -1.543 2 -3.50 3.50 -0.760 -0.584 20 0.400 -1.543 -0.0910 -0.3296
1777463902.1589134 0 0.443 -0.002 -1.543 2 -3.50 3.50 -0.760 -0.584 20 0.400 -1.543 -0.0910 -0.3296
1777463902.20874 0 0.443 -0.002 -1.545 2 -3.50 3.50 -0.760 -0.584 20 0.400 -1.545 -0.0907 -0.3319
1777463902.2517068 0 0.443 -0.002 -1.546 2 -3.50 3.50 -0.760 -0.584 20 0.400 -1.546 -0.0906 -0.3330
1777463902.256453 0 0.443 -0.002 -1.546 2 -3.50 3.50 -0.760 -0.584 20 0.400 -1.546 -0.0905 -0.3330
1777463902.3067086 0 0.443 -0.001 -1.552 2 -3.50 3.50 -0.760 -0.584 20 0.400 -1.552 -0.0905 -0.3388
1777463902.3517225 0 0.443 -0.001 -1.554 2 -3.50 3.50 -0.760 -0.584 20 0.400 -1.554 -0.0908 -0.3411
1777463902.3582234 0 0.443 -0.001 -1.556 2 -3.50 3.50 -0.760 -0.584 20 0.400 -1.556 -0.0908 -0.3423
1777463902.4094865 0 0.443 -0.002 -1.567 2 -3.50 3.50 -0.760 -0.584 20 0.400 -1.567 -0.0909 -0.3539
% 1777463902.4100056 robobot/cmd/ti alive 2026-04-29 13:58:14.194757
1777463902.4508107 0 0.443 -0.002 -1.581 2 -3.50 3.50 -0.760 -0.584 20 0.400 -1.581 -0.0903 -0.3677
1777463902.4565594 0 0.443 -0.002 -1.584 2 -3.50 3.50 -0.760 -0.584 20 0.401 -1.584 -0.0903 -0.3712
1777463902.506592 0 0.443 -0.002 -1.597 2 -3.50 3.50 -0.760 -0.584 20 0.401 -1.597 -0.0900 -0.3839
1777463902.5547729 0 0.443 -0.003 -1.599 2 -3.50 3.50 -0.760 -0.584 20 0.401 -1.599 -0.0897 -0.3862
1777463902.5667493 0 0.443 -0.003 -1.601 2 -3.50 3.50 -0.760 -0.584 20 0.401 -1.601 -0.0897 -0.3874
1777463902.608817 0 0.443 -0.003 -1.602 2 -3.50 3.50 -0.760 -0.584 20 0.401 -1.602 -0.0895 -0.3886
1777463902.654535 0 0.443 -0.003 -1.607 2 -3.50 3.50 -0.760 -0.584 20 0.401 -1.607 -0.0894 -0.3943
1777463902.657574 0 0.443 -0.002 -1.611 2 -3.50 3.50 -0.760 -0.584 20 0.401 -1.611 -0.0894 -0.3978
1777463902.7067962 0 0.443 -0.002 -1.625 2 -3.50 3.50 -0.760 -0.584 20 0.401 -1.625 -0.0898 -0.4117
1777463902.7503963 0 0.443 -0.002 -1.633 2 -3.50 3.50 -0.760 -0.584 20 0.401 -1.633 -0.0901 -0.4198
1777463902.7573063 0 0.443 -0.002 -1.635 2 -3.50 3.50 -0.760 -0.584 20 0.401 -1.635 -0.0901 -0.4221
1777463902.8070614 0 0.443 -0.002 -1.646 2 -3.50 3.50 -0.760 -0.584 20 0.401 -1.646 -0.0903 -0.4325
1777463902.8497248 0 0.443 -0.002 -1.657 2 -3.50 3.50 -0.760 -0.584 20 0.401 -1.657 -0.0901 -0.4441
1777463902.8566875 0 0.443 -0.002 -1.660 2 -3.50 3.50 -0.760 -0.584 20 0.401 -1.660 -0.0901 -0.4464
1777463902.9068537 0 0.443 -0.003 -1.672 2 -3.50 3.50 -0.760 -0.584 20 0.401 -1.672 -0.0899 -0.4591
% 1777463902.9143307 robobot/cmd/ti alive 2026-04-29 13:58:14.194757
1777463902.9496965 0 0.443 -0.002 -1.686 2 -3.50 3.50 -0.760 -0.584 20 0.400 -1.686 -0.0905 -0.4730
1777463902.9569743 0 0.443 -0.002 -1.687 2 -3.50 3.50 -0.760 -0.584 20 0.400 -1.687 -0.0906 -0.4741
1777463903.0069525 0 0.443 -0.002 -1.691 2 -3.50 3.50 -0.760 -0.584 20 0.400 -1.691 -0.0905 -0.4776
1777463903.0497966 0 0.443 -0.002 -1.704 2 -3.50 3.50 -0.760 -0.584 20 0.400 -1.704 -0.0908 -0.4903
1777463903.0571303 0 0.443 -0.001 -1.706 2 -3.50 3.50 -0.760 -0.584 20 0.400 -1.706 -0.0910 -0.4926
1777463903.1074522 0 0.443 -0.002 -1.714 2 -3.50 3.50 -0.760 -0.584 20 0.399 -1.714 -0.0916 -0.5007
1777463903.1495695 0 0.443 -0.002 -1.720 2 -3.50 3.50 -0.760 -0.584 20 0.399 -1.720 -0.0914 -0.5065
1777463903.1566136 0 0.443 -0.002 -1.720 2 -3.50 3.50 -0.760 -0.584 20 0.399 -1.720 -0.0914 -0.5065
1777463903.2075598 0 0.443 -0.003 -1.724 2 -3.50 3.50 -0.760 -0.584 20 0.400 -1.724 -0.0910 -0.5111
1777463903.249941 0 0.443 -0.003 -1.728 2 -3.50 3.50 -0.760 -0.584 20 0.400 -1.728 -0.0907 -0.5146
1777463903.2575336 0 0.443 -0.003 -1.729 2 -3.50 3.50 -0.760 -0.584 20 0.400 -1.729 -0.0907 -0.5158
1777463903.3074799 0 0.443 -0.004 -1.735 2 -3.50 3.50 -0.760 -0.584 20 0.400 -1.735 -0.0904 -0.5216
1777463903.350272 0 0.443 -0.004 -1.738 2 -3.50 3.50 -0.760 -0.584 20 0.401 -1.738 -0.0899 -0.5250
1777463903.3576334 0 0.443 -0.004 -1.739 2 -3.50 3.50 -0.760 -0.584 20 0.401 -1.739 -0.0898 -0.5262
1777463903.4083633 0 0.443 -0.005 -1.748 2 -3.50 3.50 -0.760 -0.584 20 0.401 -1.748 -0.0894 -0.5343
% 1777463903.4165196 robobot/cmd/ti alive 2026-04-29 13:58:14.194757
1777463903.45493 0 0.443 -0.004 -1.759 2 -3.50 3.50 -0.760 -0.584 20 0.401 -1.759 -0.0896 -0.5458
1777463903.4664412 0 0.443 -0.004 -1.761 2 -3.50 3.50 -0.760 -0.584 20 0.401 -1.761 -0.0896 -0.5482
1777463903.508443 0 0.443 -0.004 -1.772 2 -3.50 3.50 -0.760 -0.584 20 0.401 -1.772 -0.0899 -0.5586
1777463903.5498264 0 0.443 -0.005 -1.778 2 -3.50 3.50 -0.760 -0.584 20 0.401 -1.778 -0.0898 -0.5643
1777463903.5582392 0 0.443 -0.005 -1.780 2 -3.50 3.50 -0.760 -0.584 20 0.401 -1.780 -0.0897 -0.5667
1777463903.6083798 0 0.443 -0.004 -1.791 2 -3.50 3.50 -0.760 -0.584 20 0.401 -1.791 -0.0903 -0.5782
1777463903.6517856 0 0.443 -0.004 -1.797 2 -3.50 3.50 -0.760 -0.584 20 0.400 -1.797 -0.0904 -0.5840
1777463903.6579561 0 0.443 -0.004 -1.797 2 -3.50 3.50 -0.760 -0.584 20 0.400 -1.797 -0.0904 -0.5840
1777463903.7080133 0 0.443 -0.005 -1.804 2 -3.49 3.50 -0.760 -0.584 20 0.400 -1.804 -0.0904 -0.5909
1777463903.7501662 0 0.443 -0.005 -1.812 2 -3.27 3.50 -0.760 -0.584 20 0.401 -1.812 -0.0900 -0.5990
1777463903.7582684 0 0.443 -0.005 -1.815 2 -3.27 3.50 -0.760 -0.584 20 0.401 -1.815 -0.0899 -0.6014
1777463903.8077621 0 0.443 -0.004 -1.828 2 -3.21 3.50 -0.760 -0.584 20 0.400 -1.828 -0.0903 -0.6152
1777463903.8496106 0 0.443 -0.005 -1.838 2 -3.14 3.50 -0.760 -0.584 20 0.400 -1.838 -0.0903 -0.6245
1777463903.857946 0 0.443 -0.005 -1.838 2 -3.14 3.50 -0.760 -0.584 20 0.401 -1.838 -0.0902 -0.6245
1777463903.9093046 0 0.443 -0.005 -1.843 2 -3.17 3.50 -0.760 -0.584 20 0.401 -1.843 -0.0899 -0.6303
% 1777463903.92015 robobot/cmd/ti alive 2026-04-29 13:58:14.194757
1777463903.9501848 0 0.443 -0.005 -1.847 2 -3.08 3.50 -0.760 -0.584 20 0.401 -1.847 -0.0897 -0.6337
1777463903.9585319 0 0.443 -0.005 -1.849 2 -3.08 3.50 -0.760 -0.584 20 0.401 -1.849 -0.0897 -0.6361
1777463904.0086167 0 0.443 -0.004 -1.857 2 -3.08 3.50 -0.760 -0.584 20 0.400 -1.857 -0.0903 -0.6441
1777463904.0505395 0 0.443 -0.005 -1.865 2 -3.07 3.50 -0.760 -0.584 20 0.400 -1.865 -0.0906 -0.6522
1777463904.0593333 0 0.443 -0.005 -1.865 2 -3.07 3.50 -0.760 -0.584 20 0.400 -1.865 -0.0906 -0.6522
1777463904.1087239 0 0.443 -0.005 -1.875 2 -3.08 3.50 -0.760 -0.584 20 0.400 -1.875 -0.0903 -0.6615
1777463904.150285 0 0.443 -0.005 -1.884 2 -3.00 3.50 -0.760 -0.584 20 0.401 -1.884 -0.0901 -0.6707
1777463904.1587582 0 0.443 -0.004 -1.886 2 -3.00 3.50 -0.760 -0.584 20 0.400 -1.886 -0.0903 -0.6731
1777463904.2090294 0 0.443 -0.005 -1.889 2 -2.98 3.50 -0.760 -0.584 20 0.400 -1.889 -0.0909 -0.6754
1777463904.2511177 0 0.443 -0.005 -1.892 2 -3.00 3.50 -0.760 -0.584 20 0.400 -1.892 -0.0909 -0.6788
1777463904.2588053 0 0.443 -0.005 -1.894 2 -3.00 3.50 -0.760 -0.584 20 0.400 -1.894 -0.0909 -0.6812
1777463904.3095138 0 0.443 -0.005 -1.904 2 -2.91 3.50 -0.760 -0.584 20 0.400 -1.904 -0.0906 -0.6904
1777463904.3511589 0 0.443 -0.005 -1.908 2 -2.89 3.50 -0.760 -0.584 20 0.401 -1.908 -0.0902 -0.6950
1777463904.3598952 0 0.443 -0.006 -1.909 2 -2.89 3.50 -0.760 -0.584 20 0.401 -1.909 -0.0902 -0.6962
1777463904.4089499 0 0.443 -0.005 -1.923 2 -2.89 3.50 -0.760 -0.584 20 0.401 -1.923 -0.0900 -0.7101
% 1777463904.4238462 robobot/cmd/ti alive 2026-04-29 13:58:14.194757
1777463904.4515417 0 0.443 -0.005 -1.931 2 -2.86 3.50 -0.760 -0.584 20 0.400 -1.931 -0.0908 -0.7182
1777463904.459338 0 0.443 -0.005 -1.933 2 -2.86 3.50 -0.760 -0.584 20 0.400 -1.933 -0.0908 -0.7193
1777463904.5099046 0 0.443 -0.006 -1.937 2 -2.82 3.50 -0.760 -0.584 20 0.400 -1.937 -0.0908 -0.7240
1777463904.550957 0 0.442 -0.006 -1.944 2 -2.76 3.50 -0.760 -0.584 20 0.400 -1.944 -0.0905 -0.7309
1777463904.559733 0 0.442 -0.006 -1.945 2 -2.76 3.50 -0.760 -0.584 20 0.400 -1.945 -0.0904 -0.7320
1777463904.6101112 0 0.442 -0.007 -1.950 2 -2.70 3.50 -0.760 -0.584 20 0.401 -1.950 -0.0900 -0.7367
1777463904.6511438 0 0.442 -0.007 -1.956 2 -2.69 3.50 -0.760 -0.584 20 0.401 -1.956 -0.0897 -0.7425
1777463904.6603491 0 0.442 -0.007 -1.958 2 -2.69 3.50 -0.760 -0.584 20 0.401 -1.958 -0.0896 -0.7448
1777463904.7110658 0 0.442 -0.006 -1.967 2 -2.67 3.50 -0.760 -0.584 20 0.401 -1.967 -0.0902 -0.7540
1777463904.7517347 0 0.442 -0.006 -1.980 2 -2.66 3.50 -0.760 -0.584 20 0.401 -1.980 -0.0902 -0.7667
1777463904.7604992 0 0.442 -0.007 -1.980 2 -2.66 3.50 -0.760 -0.584 20 0.401 -1.980 -0.0901 -0.7667
% 1777463904.7912397 robobot/cmd/ti rc 0.2 0.0
1777463904.8101568 0 0.442 -0.007 -1.985 2 -2.64 3.50 -0.760 -0.584 20 0.401 -1.985 -0.0895 -0.7714
1777463904.851648 0 0.441 -0.010 -1.992 2 -2.45 3.50 -0.760 -0.584 20 0.403 -1.992 -0.0875 -0.7783
1777463904.8604434 0 0.440 -0.011 -1.994 2 -2.45 3.50 -0.760 -0.584 20 0.404 -1.994 -0.0870 -0.7806
1777463904.9106858 0 0.438 -0.017 -2.006 2 -1.95 3.50 -0.760 -0.584 20 0.410 -2.006 -0.0803 -0.7933
% 1777463904.9269295 robobot/cmd/ti alive 2026-04-29 13:58:14.194757
1777463904.9510393 0 0.435 -0.023 -2.015 2 -1.26 2.84 -0.760 -0.584 20 0.418 -2.015 -0.0731 -0.8014
1777463904.9613516 0 0.434 -0.025 -2.017 2 -1.26 2.84 -0.760 -0.584 20 0.419 -2.017 -0.0714 -0.8037
1777463905.0099218 0 0.429 -0.035 -2.020 2 -1.23 2.14 -0.760 -0.584 20 0.430 -2.020 -0.0609 -0.8072
1777463905.0515943 0 0.425 -0.043 -2.020 2 -2.34 2.77 -0.760 -0.584 20 0.439 -2.020 -0.0521 -0.8072
1777463905.05992 0 0.424 -0.045 -2.020 2 -2.34 2.77 -0.760 -0.584 20 0.441 -2.020 -0.0502 -0.8072
1777463905.1104863 0 0.419 -0.055 -2.020 2 -3.47 3.49 -0.760 -0.584 20 0.453 -2.020 -0.0381 -0.8072
1777463905.1516445 0 0.415 -0.063 -2.024 2 -3.50 3.50 -0.760 -0.584 20 0.462 -2.024 -0.0290 -0.8107
1777463905.161061 0 0.414 -0.065 -2.023 2 -3.50 3.50 -0.760 -0.584 20 0.463 -2.023 -0.0274 -0.8095
1777463905.2107785 0 0.410 -0.075 -2.027 2 -3.50 3.50 -0.760 -0.584 20 0.474 -2.027 -0.0169 -0.8142
1777463905.250686 0 0.406 -0.082 -2.027 2 1.85 3.50 -0.760 -0.584 20 0.482 -2.027 -0.0090 -0.8142
1777463905.261199 0 0.405 -0.084 -2.029 2 1.85 3.50 -0.760 -0.584 20 0.483 -2.029 -0.0073 -0.8153
1777463905.3146598 0 0.401 -0.093 -2.029 2 3.39 3.50 -0.760 -0.584 17 0.495 -2.029 0.0042 -0.8153
1777463905.351849 0 0.397 -0.100 -2.030 2 3.39 3.50 -0.760 -0.584 12 0.503 -2.030 0.0121 -0.8165
1777463905.361194 0 0.396 -0.102 -2.030 2 3.39 3.50 -0.760 -0.584 12 0.504 -2.030 0.0137 -0.8165
1777463905.410512 0 0.392 -0.111 -2.026 2 3.39 3.50 -0.760 -0.584 7 0.514 -2.026 0.0229 -0.8130
% 1777463905.4290555 robobot/cmd/ti alive 2026-04-29 13:58:14.194757
1777463905.4514182 0 0.389 -0.118 -2.024 2 3.39 3.50 -0.760 -0.584 2 0.521 -2.024 0.0307 -0.8107
1777463905.4608152 0 0.388 -0.119 -2.024 2 3.39 3.50 -0.760 -0.584 2 0.523 -2.024 0.0322 -0.8107
1777463905.5112336 0 0.384 -0.128 -2.022 2 3.39 3.50 -0.760 -0.584 0 0.534 -2.022 0.0428 -0.8084
1777463905.551943 0 0.380 -0.135 -2.020 2 3.39 3.50 -0.760 -0.584 0 0.542 -2.020 0.0508 -0.8072
1777463905.5608196 0 0.379 -0.137 -2.020 2 3.39 3.50 -0.760 -0.584 0 0.543 -2.020 0.0523 -0.8072
1777463905.611515 0 0.375 -0.146 -2.019 2 3.39 3.50 -0.760 -0.584 0 0.553 -2.019 0.0620 -0.8061
1777463905.65076 0 0.371 -0.153 -2.017 2 3.39 3.50 -0.760 -0.584 0 0.561 -2.017 0.0703 -0.8037
1777463905.6613984 0 0.370 -0.155 -2.017 2 3.39 3.50 -0.760 -0.584 0 0.563 -2.017 0.0718 -0.8037
1777463905.710893 0 0.366 -0.164 -2.016 2 3.39 3.50 -0.760 -0.584 0 0.574 -2.016 0.0833 -0.8026
1777463905.7516935 0 0.363 -0.171 -2.015 2 3.39 3.50 -0.760 -0.584 0 0.582 -2.015 0.0914 -0.8014
1777463905.7614357 0 0.362 -0.173 -2.015 2 3.39 3.50 -0.760 -0.584 0 0.584 -2.015 0.0931 -0.8014
1777463905.8109248 0 0.358 -0.182 -2.015 2 3.39 3.50 -0.760 -0.584 0 0.593 -2.015 0.1027 -0.8014
1777463905.8507717 0 0.354 -0.189 -2.015 2 3.39 3.50 -0.760 -0.584 0 0.601 -2.015 0.1106 -0.8014
1777463905.8613174 0 0.353 -0.191 -2.014 2 3.39 3.50 -0.760 -0.584 0 0.603 -2.014 0.1121 -0.8003
1777463905.9119081 0 0.349 -0.200 -2.015 2 3.39 3.50 -0.760 -0.584 0 0.614 -2.015 0.1231 -0.8014
% 1777463905.9310448 robobot/cmd/ti alive 2026-04-29 13:58:14.194757
1777463905.9515047 0 0.346 -0.207 -2.014 2 3.39 3.50 -0.760 -0.584 0 0.622 -2.014 0.1312 -0.8003
1777463905.9616594 0 0.345 -0.209 -2.014 2 3.39 3.50 -0.760 -0.584 0 0.624 -2.014 0.1328 -0.8003
1777463906.0118382 0 0.340 -0.218 -2.012 2 3.39 3.50 -0.760 -0.584 0 0.633 -2.012 0.1424 -0.7991
1777463906.0508044 0 0.337 -0.225 -2.011 2 3.39 3.50 -0.760 -0.584 0 0.641 -2.011 0.1505 -0.7980
1777463906.0620522 0 0.336 -0.227 -2.012 2 3.39 3.50 -0.760 -0.584 0 0.645 -2.012 0.1538 -0.7991
1777463906.1120455 0 0.332 -0.237 -2.012 2 3.39 3.50 -0.760 -0.584 0 0.654 -2.012 0.1634 -0.7991
1777463906.1519387 0 0.329 -0.243 -2.011 2 3.39 3.50 -0.760 -0.584 0 0.662 -2.011 0.1713 -0.7980
1777463906.162231 0 0.328 -0.246 -2.010 2 3.39 3.50 -0.760 -0.584 0 0.664 -2.010 0.1730 -0.7968
1777463906.2115417 0 0.323 -0.254 -2.010 2 3.39 3.50 -0.760 -0.584 0 0.673 -2.010 0.1823 -0.7968
1777463906.2508106 0 0.320 -0.261 -2.008 2 3.39 3.50 -0.760 -0.584 0 0.681 -2.008 0.1902 -0.7945
1777463906.2618976 0 0.319 -0.263 -2.008 2 3.39 3.50 -0.760 -0.584 0 0.684 -2.008 0.1935 -0.7945
1777463906.3117275 0 0.315 -0.273 -2.006 2 3.39 3.50 -0.760 -0.584 0 0.694 -2.006 0.2031 -0.7933
1777463906.3517356 0 0.312 -0.279 -2.004 2 3.39 3.50 -0.760 -0.584 0 0.702 -2.004 0.2112 -0.7910
1777463906.3618655 0 0.311 -0.282 -2.005 2 3.39 3.50 -0.760 -0.584 0 0.704 -2.005 0.2130 -0.7922
1777463906.4121568 0 0.306 -0.291 -2.005 2 3.39 3.50 -0.760 -0.584 0 0.714 -2.005 0.2228 -0.7922
% 1777463906.433732 robobot/cmd/ti alive 2026-04-29 13:58:14.194757
1777463906.451505 0 0.303 -0.298 -2.005 2 3.39 3.50 -0.760 -0.584 0 0.721 -2.005 0.2307 -0.7922
1777463906.4635 0 0.302 -0.300 -2.005 2 3.39 3.50 -0.760 -0.584 0 0.725 -2.005 0.2340 -0.7922
1777463906.5126064 0 0.298 -0.309 -2.005 2 3.39 3.50 -0.760 -0.584 0 0.734 -2.005 0.2436 -0.7922
1777463906.5518086 0 0.295 -0.316 -2.005 2 3.39 3.50 -0.760 -0.584 0 0.742 -2.005 0.2515 -0.7922
1777463906.562756 0 0.294 -0.318 -2.004 2 3.39 3.50 -0.760 -0.584 0 0.744 -2.004 0.2531 -0.7910
1777463906.6123698 0 0.289 -0.328 -2.003 2 3.39 3.50 -0.760 -0.584 0 0.753 -2.003 0.2625 -0.7899
1777463906.6518846 0 0.287 -0.334 -2.003 2 3.39 3.50 -0.760 -0.584 0 0.761 -2.003 0.2706 -0.7899
1777463906.6625524 0 0.285 -0.337 -2.003 2 3.39 3.50 -0.760 -0.584 0 0.764 -2.003 0.2737 -0.7899
1777463906.7132235 0 0.281 -0.346 -2.004 2 3.39 3.50 -0.760 -0.584 0 0.774 -2.004 0.2834 -0.7910
1777463906.7516167 0 0.278 -0.352 -2.004 2 3.39 3.50 -0.760 -0.584 0 0.782 -2.004 0.2916 -0.7910
1777463906.7629511 0 0.277 -0.355 -2.003 2 3.39 3.50 -0.760 -0.584 0 0.784 -2.003 0.2930 -0.7899
1777463906.8133674 0 0.273 -0.364 -2.003 2 3.39 3.50 -0.760 -0.584 0 0.794 -2.003 0.3028 -0.7899
1777463906.8512874 0 0.270 -0.370 -2.003 2 3.39 3.50 -0.760 -0.584 0 0.802 -2.003 0.3107 -0.7899
1777463906.8632848 0 0.268 -0.373 -2.002 2 3.39 3.50 -0.760 -0.584 0 0.805 -2.002 0.3141 -0.7887
1777463906.9128578 0 0.264 -0.382 -2.003 2 3.39 3.50 -0.760 -0.584 0 0.815 -2.003 0.3238 -0.7899
% 1777463906.9361866 robobot/cmd/ti alive 2026-04-29 13:58:14.194757
1777463906.951443 0 0.261 -0.388 -2.003 2 3.39 3.50 -0.760 -0.584 0 0.822 -2.003 0.3316 -0.7899
1777463906.9635143 0 0.260 -0.391 -2.002 2 3.39 3.50 -0.760 -0.584 0 0.824 -2.002 0.3330 -0.7887
1777463907.0128725 0 0.256 -0.400 -2.003 2 3.39 3.50 -0.760 -0.584 0 0.833 -2.003 0.3426 -0.7899
1777463907.0516717 0 0.253 -0.406 -2.003 2 3.39 3.50 -0.760 -0.584 0 0.841 -2.003 0.3505 -0.7899
1777463907.0627098 0 0.252 -0.409 -2.002 2 3.39 3.50 -0.760 -0.584 0 0.844 -2.002 0.3537 -0.7887
1777463907.1130161 0 0.248 -0.418 -2.004 2 3.39 3.50 -0.760 -0.584 0 0.854 -2.004 0.3636 -0.7910
1777463907.1510165 0 0.245 -0.425 -2.004 2 3.39 3.50 -0.760 -0.584 0 0.862 -2.004 0.3715 -0.7910
1777463907.1629972 0 0.243 -0.428 -2.004 2 3.39 3.50 -0.760 -0.584 0 0.864 -2.004 0.3732 -0.7910
1777463907.213751 0 0.239 -0.437 -2.004 2 3.39 3.50 -0.760 -0.584 0 0.873 -2.004 0.3826 -0.7910
1777463907.25172 0 0.236 -0.443 -2.004 2 3.39 3.50 -0.760 -0.584 0 0.882 -2.004 0.3908 -0.7910
1777463907.2638354 0 0.235 -0.446 -2.004 2 3.39 3.50 -0.760 -0.584 0 0.885 -2.004 0.3940 -0.7910
1777463907.313661 0 0.231 -0.455 -2.003 2 3.39 3.50 -0.760 -0.584 0 0.894 -2.003 0.4035 -0.7899
1777463907.3519905 0 0.228 -0.461 -2.003 2 3.39 3.50 -0.760 -0.584 0 0.902 -2.003 0.4113 -0.7899
1777463907.3642213 0 0.227 -0.464 -2.003 2 3.39 3.50 -0.760 -0.584 0 0.904 -2.003 0.4130 -0.7899
1777463907.413874 0 0.222 -0.473 -2.004 2 3.39 3.50 -0.760 -0.584 0 0.913 -2.004 0.4227 -0.7910
% 1777463907.43817 robobot/cmd/ti alive 2026-04-29 13:58:14.194757
1777463907.4514043 0 0.219 -0.479 -2.003 2 3.39 3.50 -0.760 -0.584 0 0.921 -2.003 0.4307 -0.7899
1777463907.4633963 0 0.218 -0.482 -2.004 2 3.39 3.50 -0.760 -0.584 0 0.925 -2.004 0.4339 -0.7910
1777463907.5143685 0 0.214 -0.491 -2.003 2 3.39 3.50 -0.760 -0.584 0 0.934 -2.003 0.4435 -0.7899
1777463907.5521004 0 0.211 -0.498 -2.004 2 3.39 3.50 -0.760 -0.584 0 0.942 -2.004 0.4515 -0.7910
1777463907.564128 0 0.210 -0.500 -2.004 2 3.39 3.50 -0.760 -0.584 0 0.944 -2.004 0.4532 -0.7910
1777463907.6146421 0 0.205 -0.509 -2.004 2 3.39 3.50 -0.760 -0.584 0 0.954 -2.004 0.4631 -0.7910
1777463907.6517258 0 0.202 -0.516 -2.004 2 3.39 3.50 -0.760 -0.584 0 0.962 -2.004 0.4709 -0.7910
1777463907.663961 0 0.201 -0.519 -2.005 2 3.39 3.50 -0.760 -0.584 0 0.965 -2.005 0.4742 -0.7922
1777463907.7141206 0 0.197 -0.528 -2.004 2 3.39 3.50 -0.760 -0.584 0 0.975 -2.004 0.4837 -0.7910
1777463907.7521555 0 0.194 -0.534 -2.004 2 3.39 3.50 -0.760 -0.584 0 0.982 -2.004 0.4915 -0.7910
1777463907.764168 0 0.193 -0.536 -2.003 2 3.39 3.50 -0.760 -0.584 0 0.984 -2.003 0.4931 -0.7899
% 1777463907.7980096 robobot/cmd/ti rc 0.0 0.4
1777463907.814135 0 0.189 -0.545 -2.002 2 3.39 3.50 -0.760 -0.584 0 0.993 -2.002 0.5025 -0.7887
1777463907.8523335 0 0.187 -0.549 -1.987 2 3.39 3.50 -0.760 -0.584 0 0.999 -1.987 0.5079 -0.7737
1777463907.8639214 0 0.187 -0.550 -1.982 2 3.39 3.50 -0.760 -0.584 0 1.001 -1.982 0.5098 -0.7691
1777463907.914017 0 0.186 -0.552 -1.963 2 3.39 3.50 -0.760 -0.584 0 1.004 -1.963 0.5136 -0.7494
% 1777463907.9402404 robobot/cmd/ti alive 2026-04-29 13:58:14.194757
1777463907.951774 0 0.186 -0.552 -1.954 2 3.39 3.50 -0.760 -0.584 0 1.005 -1.954 0.5143 -0.7413
1777463907.964635 0 0.186 -0.552 -1.951 2 3.39 3.50 -0.760 -0.584 0 1.005 -1.951 0.5142 -0.7378
1777463908.0154645 0 0.186 -0.551 -1.942 2 3.39 3.50 -0.760 -0.584 0 1.004 -1.942 0.5133 -0.7286
1777463908.051611 0 0.187 -0.550 -1.936 2 3.39 3.50 -0.760 -0.584 0 1.003 -1.936 0.5127 -0.7228
1777463908.0646005 0 0.187 -0.549 -1.931 2 3.39 3.50 -0.760 -0.584 0 1.003 -1.931 0.5124 -0.7182
1777463908.1149035 0 0.187 -0.549 -1.919 2 3.39 3.50 -0.760 -0.584 0 1.002 -1.919 0.5115 -0.7054
1777463908.1519222 0 0.187 -0.549 -1.909 2 3.39 3.50 -0.760 -0.584 0 1.002 -1.909 0.5109 -0.6962
1777463908.1648564 0 0.187 -0.549 -1.904 2 3.39 3.50 -0.760 -0.584 0 1.002 -1.904 0.5109 -0.6904
1777463908.215249 0 0.187 -0.549 -1.886 2 3.39 3.50 -0.760 -0.584 0 1.002 -1.886 0.5108 -0.6731
1777463908.2517517 0 0.187 -0.549 -1.870 2 3.39 3.50 -0.760 -0.584 0 1.002 -1.870 0.5109 -0.6569
1777463908.2648008 0 0.187 -0.549 -1.865 2 3.39 3.50 -0.760 -0.584 0 1.002 -1.865 0.5110 -0.6522
1777463908.3149524 0 0.187 -0.549 -1.841 2 3.39 3.50 -0.760 -0.584 0 1.002 -1.841 0.5111 -0.6280
1777463908.351455 0 0.187 -0.549 -1.835 2 3.39 3.50 -0.760 -0.584 0 1.002 -1.835 0.5111 -0.6222
1777463908.3655803 0 0.187 -0.548 -1.830 2 3.39 3.50 -0.760 -0.584 0 1.002 -1.830 0.5110 -0.6164
1777463908.414911 0 0.187 -0.549 -1.810 2 3.39 3.50 -0.760 -0.584 0 1.002 -1.810 0.5113 -0.5967
% 1777463908.4425094 robobot/cmd/ti alive 2026-04-29 13:58:14.194757
1777463908.45143 0 0.187 -0.549 -1.795 2 3.39 3.50 -0.760 -0.584 0 1.002 -1.795 0.5112 -0.5817
1777463908.4646914 0 0.187 -0.549 -1.788 2 3.39 3.50 -0.760 -0.584 0 1.002 -1.788 0.5111 -0.5748
1777463908.5153782 0 0.187 -0.549 -1.771 2 3.39 3.50 -0.760 -0.584 0 1.002 -1.771 0.5112 -0.5574
1777463908.552338 0 0.187 -0.549 -1.756 2 3.39 3.50 -0.760 -0.584 0 1.002 -1.756 0.5110 -0.5424
1777463908.5654612 0 0.187 -0.549 -1.750 2 3.39 3.50 -0.760 -0.584 0 1.002 -1.750 0.5111 -0.5366
1777463908.615691 0 0.187 -0.549 -1.728 2 3.39 3.50 -0.760 -0.584 0 1.002 -1.728 0.5116 -0.5146
1777463908.6515522 0 0.187 -0.549 -1.713 2 3.39 3.50 -0.760 -0.584 0 1.003 -1.713 0.5118 -0.4996
1777463908.6661766 0 0.187 -0.549 -1.707 2 3.39 3.50 -0.760 -0.584 0 1.003 -1.707 0.5120 -0.4938
1777463908.7154493 0 0.187 -0.549 -1.693 2 3.39 3.50 -0.760 -0.584 0 1.003 -1.693 0.5120 -0.4799
1777463908.751646 0 0.187 -0.549 -1.677 2 3.39 3.50 -0.760 -0.584 0 1.003 -1.677 0.5119 -0.4637
1777463908.7656574 0 0.187 -0.549 -1.675 2 3.39 3.50 -0.760 -0.584 0 1.003 -1.675 0.5120 -0.4614
1777463908.8156254 0 0.187 -0.548 -1.663 2 3.39 3.50 -0.760 -0.584 0 1.002 -1.663 0.5114 -0.4499
1777463908.8523629 0 0.187 -0.547 -1.655 2 3.39 3.50 -0.760 -0.584 0 1.002 -1.655 0.5110 -0.4418
1777463908.865648 0 0.187 -0.547 -1.650 2 3.39 3.50 -0.760 -0.584 0 1.002 -1.650 0.5108 -0.4371
1777463908.915888 0 0.187 -0.547 -1.634 2 3.39 3.50 -0.760 -0.584 0 1.001 -1.634 0.5104 -0.4209
% 1777463908.9446182 robobot/cmd/ti alive 2026-04-29 13:58:14.194757
1777463908.9518764 0 0.187 -0.547 -1.619 2 3.39 3.50 -0.760 -0.584 0 1.001 -1.619 0.5104 -0.4059
1777463908.9667141 0 0.187 -0.547 -1.612 2 3.39 3.50 -0.760 -0.584 0 1.001 -1.612 0.5105 -0.3990
1777463909.0162675 0 0.187 -0.547 -1.588 2 3.39 3.50 -0.760 -0.584 0 1.001 -1.588 0.5106 -0.3747
1777463909.0515692 0 0.187 -0.548 -1.568 2 3.39 3.50 -0.760 -0.584 0 1.002 -1.568 0.5108 -0.3550
1777463909.0657244 0 0.187 -0.548 -1.561 2 3.39 3.50 -0.760 -0.584 0 1.002 -1.561 0.5108 -0.3481
1777463909.115901 0 0.187 -0.547 -1.547 2 3.39 3.50 -0.760 -0.584 0 1.001 -1.547 0.5106 -0.3342
1777463909.152452 0 0.187 -0.548 -1.529 2 3.39 3.50 -0.760 -0.584 0 1.002 -1.529 0.5108 -0.3157
1777463909.1664445 0 0.187 -0.547 -1.527 2 3.39 3.50 -0.760 -0.584 0 1.002 -1.527 0.5109 -0.3134
1777463909.2170827 0 0.187 -0.547 -1.513 2 3.39 3.50 -0.760 -0.584 0 1.001 -1.513 0.5106 -0.2995
1777463909.252042 0 0.187 -0.547 -1.499 2 3.39 3.50 -0.760 -0.584 0 1.002 -1.499 0.5112 -0.2856
1777463909.266865 0 0.187 -0.547 -1.494 2 3.39 3.50 -0.760 -0.584 0 1.002 -1.494 0.5113 -0.2810
1777463909.3164468 0 0.187 -0.547 -1.483 2 3.39 3.50 -0.760 -0.584 0 1.001 -1.483 0.5107 -0.2694
1777463909.3534753 0 0.187 -0.547 -1.470 2 3.39 3.50 -0.760 -0.584 0 1.002 -1.470 0.5111 -0.2567
1777463909.3683305 0 0.187 -0.547 -1.466 2 3.39 3.50 -0.760 -0.584 0 1.002 -1.466 0.5113 -0.2532
1777463909.4172368 0 0.187 -0.547 -1.456 2 3.39 3.50 -0.760 -0.584 0 1.002 -1.456 0.5116 -0.2428
% 1777463909.4484336 robobot/cmd/ti alive 2026-04-29 13:58:14.194757
1777463909.4519167 0 0.187 -0.547 -1.441 2 3.39 3.50 -0.760 -0.584 0 1.002 -1.441 0.5112 -0.2278
1777463909.4664326 0 0.187 -0.547 -1.434 2 3.39 3.50 -0.760 -0.584 0 1.002 -1.434 0.5116 -0.2209
1777463909.516621 0 0.187 -0.546 -1.420 2 3.39 3.50 -0.760 -0.584 0 1.002 -1.420 0.5115 -0.2070
1777463909.5525482 0 0.187 -0.546 -1.412 2 3.39 3.50 -0.760 -0.584 0 1.002 -1.412 0.5110 -0.1989
1777463909.5671499 0 0.187 -0.546 -1.404 2 3.39 3.50 -0.760 -0.584 0 1.002 -1.404 0.5109 -0.1908
1777463909.6174736 0 0.187 -0.545 -1.391 2 3.39 3.50 -0.760 -0.584 0 1.002 -1.391 0.5112 -0.1781
1777463909.652877 0 0.187 -0.546 -1.376 2 3.39 3.50 -0.760 -0.584 0 1.002 -1.376 0.5111 -0.1630
1777463909.6668549 0 0.187 -0.546 -1.371 2 3.39 3.50 -0.760 -0.584 0 1.002 -1.371 0.5112 -0.1573
1777463909.7172985 0 0.187 -0.546 -1.349 2 3.39 3.50 -0.760 -0.584 0 1.002 -1.349 0.5112 -0.1353
1777463909.753141 0 0.187 -0.546 -1.332 2 3.39 3.50 -0.760 -0.584 0 1.002 -1.332 0.5112 -0.1191
1777463909.7667658 0 0.187 -0.546 -1.328 2 3.39 3.50 -0.760 -0.584 0 1.002 -1.328 0.5112 -0.1145
1777463909.8169513 0 0.187 -0.545 -1.304 2 3.39 3.50 -0.760 -0.584 0 1.002 -1.304 0.5109 -0.0913
1777463909.8531623 0 0.187 -0.545 -1.295 2 3.39 3.50 -0.760 -0.584 0 1.002 -1.295 0.5110 -0.0821
1777463909.866621 0 0.187 -0.545 -1.288 2 3.39 3.50 -0.760 -0.584 0 1.002 -1.288 0.5110 -0.0751
1777463909.917257 0 0.187 -0.545 -1.271 2 3.39 3.50 -0.760 -0.584 0 1.002 -1.271 0.5108 -0.0578
% 1777463909.9502885 robobot/cmd/ti alive 2026-04-29 13:58:14.194757
1777463909.9531934 0 0.187 -0.545 -1.261 2 3.39 3.50 -0.760 -0.584 0 1.001 -1.261 0.5107 -0.0474
1777463909.9686556 0 0.187 -0.545 -1.257 2 3.39 3.50 -0.760 -0.584 0 1.001 -1.257 0.5107 -0.0439
1777463910.0180867 0 0.187 -0.545 -1.242 2 3.39 3.50 -0.760 -0.584 0 1.001 -1.242 0.5105 -0.0289
1777463910.0527735 0 0.187 -0.545 -1.229 2 3.39 3.50 -0.760 -0.584 0 1.001 -1.229 0.5105 -0.0162
1777463910.0679607 0 0.187 -0.545 -1.225 2 3.39 3.50 -0.760 -0.584 0 1.001 -1.225 0.5105 -0.0115
1777463910.1179454 0 0.187 -0.545 -1.205 2 3.39 3.50 -0.760 -0.584 0 1.001 -1.205 0.5105 0.0081
1777463910.1526897 0 0.187 -0.545 -1.190 2 3.39 3.50 -0.760 -0.584 0 1.001 -1.190 0.5104 0.0232
1777463910.1689212 0 0.187 -0.545 -1.184 2 3.39 3.50 -0.760 -0.584 0 1.001 -1.184 0.5103 0.0290
1777463910.2175677 0 0.187 -0.545 -1.163 2 3.39 3.50 -0.760 -0.584 0 1.001 -1.163 0.5104 0.0498
1777463910.2534478 0 0.187 -0.545 -1.146 2 3.39 3.50 -0.760 -0.584 0 1.001 -1.146 0.5102 0.0671
1777463910.267833 0 0.187 -0.545 -1.141 2 3.39 3.50 -0.760 -0.584 0 1.001 -1.141 0.5101 0.0717
1777463910.3177595 0 0.187 -0.545 -1.122 2 3.39 3.50 -0.760 -0.584 0 1.001 -1.122 0.5103 0.0914
1777463910.353259 0 0.187 -0.545 -1.108 2 3.39 3.50 -0.760 -0.584 0 1.001 -1.108 0.5102 0.1053
1777463910.3681324 0 0.187 -0.545 -1.102 2 3.39 3.50 -0.760 -0.584 0 1.001 -1.102 0.5102 0.1111
1777463910.4178996 0 0.187 -0.545 -1.083 2 3.39 3.50 -0.760 -0.584 0 1.001 -1.083 0.5104 0.1307
% 1777463910.4524624 robobot/cmd/ti alive 2026-04-29 13:58:14.194757
1777463910.4948106 0 0.187 -0.545 -1.072 2 3.39 3.50 -0.760 -0.584 0 1.001 -1.072 0.5103 0.1411
1777463910.497845 0 0.187 -0.545 -1.065 2 3.39 3.50 -0.760 -0.584 0 1.001 -1.065 0.5102 0.1481
1777463910.5184743 0 0.187 -0.545 -1.049 2 3.39 3.50 -0.760 -0.584 0 1.001 -1.049 0.5100 0.1643
1777463910.5552754 0 0.187 -0.545 -1.036 2 3.39 3.50 -0.760 -0.584 0 1.001 -1.036 0.5103 0.1770
1777463910.5701768 0 0.187 -0.545 -1.029 2 3.39 3.50 -0.760 -0.584 0 1.001 -1.029 0.5101 0.1839
1777463910.6180089 0 0.187 -0.545 -1.015 2 3.39 3.50 -0.760 -0.584 0 1.001 -1.015 0.5101 0.1978
1777463910.6535175 0 0.187 -0.545 -1.000 2 3.39 3.50 -0.760 -0.584 0 1.001 -1.000 0.5100 0.2128
1777463910.668551 0 0.186 -0.544 -0.995 2 3.39 3.50 -0.760 -0.584 0 1.001 -0.995 0.5098 0.2186
1777463910.7192857 0 0.187 -0.544 -0.991 2 3.39 3.50 -0.760 -0.584 0 1.000 -0.991 0.5095 0.2221
1777463910.7530706 0 0.186 -0.544 -0.982 2 3.39 3.50 -0.760 -0.584 0 1.000 -0.982 0.5094 0.2313
1777463910.7690158 0 0.187 -0.545 -0.978 2 3.39 3.50 -0.760 -0.584 0 1.000 -0.978 0.5094 0.2348
1777463910.8193848 0 0.187 -0.545 -0.956 2 3.39 3.50 -0.760 -0.584 0 1.000 -0.956 0.5093 0.2568
1777463910.853443 0 0.187 -0.545 -0.943 2 3.39 3.50 -0.760 -0.584 0 1.000 -0.943 0.5096 0.2707
1777463910.8690586 0 0.187 -0.545 -0.932 2 3.39 3.50 -0.760 -0.584 0 1.000 -0.932 0.5096 0.2811
1777463910.9188588 0 0.187 -0.544 -0.910 2 3.39 3.50 -0.760 -0.584 0 1.000 -0.910 0.5096 0.3030
1777463910.9538655 0 0.187 -0.545 -0.895 2 3.39 3.50 -0.760 -0.584 0 1.000 -0.895 0.5094 0.3181
% 1777463910.9564087 robobot/cmd/ti alive 2026-04-29 13:58:14.194757
1777463910.9698017 0 0.187 -0.545 -0.889 2 3.39 3.50 -0.760 -0.584 0 1.000 -0.889 0.5096 0.3239
1777463911.0199287 0 0.187 -0.545 -0.869 2 3.39 3.50 -0.760 -0.584 0 1.000 -0.869 0.5095 0.3447
1777463911.0538683 0 0.187 -0.545 -0.862 2 3.39 3.50 -0.760 -0.584 0 1.000 -0.862 0.5095 0.3516
1777463911.0690155 0 0.187 -0.545 -0.856 2 3.39 3.50 -0.760 -0.584 0 1.000 -0.856 0.5097 0.3574
1777463911.1188085 0 0.187 -0.545 -0.837 2 3.39 3.50 -0.760 -0.584 0 1.000 -0.837 0.5097 0.3759
1777463911.1534653 0 0.187 -0.545 -0.827 2 3.39 3.50 -0.760 -0.584 0 1.001 -0.827 0.5099 0.3863
1777463911.1704729 0 0.187 -0.545 -0.821 2 3.39 3.50 -0.760 -0.584 0 1.001 -0.821 0.5100 0.3921
1777463911.2198954 0 0.187 -0.545 -0.800 2 3.39 3.50 -0.760 -0.584 0 1.001 -0.800 0.5104 0.4129
1777463911.2537503 0 0.187 -0.545 -0.789 2 3.39 3.50 -0.760 -0.584 0 1.001 -0.789 0.5102 0.4245
1777463911.2694302 0 0.187 -0.545 -0.778 2 3.39 3.50 -0.760 -0.584 0 1.001 -0.778 0.5103 0.4349
1777463911.3191423 0 0.187 -0.545 -0.766 2 3.39 3.50 -0.760 -0.584 0 1.001 -0.766 0.5105 0.4476
1777463911.3530862 0 0.187 -0.545 -0.757 2 3.39 3.50 -0.760 -0.584 0 1.001 -0.757 0.5103 0.4557
1777463911.3708203 0 0.187 -0.545 -0.746 2 3.39 3.50 -0.760 -0.584 0 1.001 -0.746 0.5104 0.4673
1777463911.4204412 0 0.187 -0.545 -0.732 2 3.39 3.50 -0.760 -0.584 0 1.001 -0.732 0.5103 0.4811
1777463911.4537961 0 0.188 -0.546 -0.722 2 3.39 3.50 -0.760 -0.584 0 1.001 -0.722 0.5104 0.4916
% 1777463911.4597497 robobot/cmd/ti alive 2026-04-29 13:58:14.194757
1777463911.4709005 0 0.188 -0.546 -0.712 2 3.39 3.50 -0.760 -0.584 0 1.002 -0.712 0.5107 0.5008
1777463911.5208328 0 0.187 -0.545 -0.703 2 3.39 3.50 -0.760 -0.584 0 1.001 -0.703 0.5102 0.5101
1777463911.5530305 0 0.187 -0.545 -0.697 2 3.39 3.50 -0.760 -0.584 0 1.001 -0.697 0.5102 0.5158
1777463911.5701635 0 0.187 -0.545 -0.694 2 3.39 3.50 -0.760 -0.584 0 1.001 -0.694 0.5102 0.5193
1777463911.6195796 0 0.187 -0.545 -0.680 2 3.39 3.50 -0.760 -0.584 0 1.001 -0.680 0.5102 0.5332
1777463911.653004 0 0.187 -0.545 -0.667 2 3.39 3.50 -0.760 -0.584 0 1.001 -0.667 0.5101 0.5459
1777463911.6704857 0 0.187 -0.545 -0.657 2 3.39 3.50 -0.760 -0.584 0 1.001 -0.657 0.5101 0.5563
1777463911.720687 0 0.187 -0.545 -0.634 2 3.39 3.50 -0.760 -0.584 0 1.001 -0.634 0.5101 0.5794
1777463911.7538807 0 0.187 -0.545 -0.619 2 3.39 3.50 -0.760 -0.584 0 1.001 -0.619 0.5101 0.5945
1777463911.76997 0 0.187 -0.545 -0.611 2 3.39 3.50 -0.760 -0.584 0 1.001 -0.611 0.5101 0.6026
1777463911.8201988 0 0.188 -0.546 -0.592 2 3.39 3.50 -0.760 -0.584 0 1.001 -0.592 0.5104 0.6211
1777463911.8531244 0 0.187 -0.545 -0.577 2 3.39 3.50 -0.760 -0.584 0 1.001 -0.577 0.5103 0.6361
1777463911.869793 0 0.188 -0.546 -0.570 2 3.39 3.50 -0.760 -0.584 0 1.001 -0.570 0.5101 0.6430
1777463911.9207814 0 0.188 -0.546 -0.553 2 3.39 3.50 -0.760 -0.584 0 1.001 -0.553 0.5105 0.6604
1777463911.9533696 0 0.187 -0.545 -0.541 2 3.39 3.50 -0.760 -0.584 0 1.001 -0.541 0.5099 0.6720
% 1777463911.9622698 robobot/cmd/ti alive 2026-04-29 13:58:14.194757
1777463911.971983 0 0.188 -0.546 -0.535 2 3.39 3.50 -0.760 -0.584 0 1.001 -0.535 0.5099 0.6777
1777463912.0209553 0 0.188 -0.546 -0.517 2 3.39 3.50 -0.760 -0.584 0 1.001 -0.517 0.5102 0.6962
1777463912.0539262 0 0.188 -0.546 -0.508 2 3.39 3.50 -0.760 -0.584 0 1.001 -0.508 0.5100 0.7055
1777463912.0706556 0 0.188 -0.546 -0.504 2 3.39 3.50 -0.760 -0.584 0 1.001 -0.504 0.5100 0.7090
1777463912.121198 0 0.188 -0.546 -0.486 2 3.39 3.50 -0.760 -0.584 0 1.001 -0.486 0.5103 0.7275
1777463912.1536586 0 0.188 -0.546 -0.475 2 3.39 3.50 -0.760 -0.584 0 1.001 -0.475 0.5100 0.7379
1777463912.1711066 0 0.188 -0.546 -0.473 2 3.39 3.50 -0.760 -0.584 0 1.001 -0.473 0.5101 0.7402
1777463912.220735 0 0.188 -0.546 -0.457 2 3.39 3.50 -0.760 -0.584 0 1.001 -0.457 0.5101 0.7564
1777463912.2541213 0 0.188 -0.546 -0.449 2 3.39 3.50 -0.760 -0.584 0 1.001 -0.449 0.5100 0.7645
1777463912.2708023 0 0.188 -0.546 -0.444 2 3.39 3.50 -0.760 -0.584 0 1.001 -0.444 0.5100 0.7691
1777463912.3207548 0 0.188 -0.546 -0.426 2 3.39 3.50 -0.760 -0.584 0 1.001 -0.426 0.5100 0.7876
1777463912.3532705 0 0.188 -0.546 -0.413 2 3.39 3.50 -0.760 -0.584 0 1.001 -0.413 0.5100 0.8003
1777463912.3717964 0 0.188 -0.546 -0.405 2 3.39 3.50 -0.760 -0.584 0 1.001 -0.405 0.5101 0.8084
1777463912.4213433 0 0.188 -0.546 -0.378 2 3.39 3.50 -0.760 -0.584 0 1.001 -0.378 0.5101 0.8350
1777463912.453947 0 0.188 -0.546 -0.368 2 3.39 3.50 -0.760 -0.584 0 1.001 -0.368 0.5102 0.8454
% 1777463912.4641635 robobot/cmd/ti alive 2026-04-29 13:58:14.194757
1777463912.470882 0 0.188 -0.546 -0.360 2 3.39 3.50 -0.760 -0.584 0 1.001 -0.360 0.5104 0.8535
1777463912.5211792 0 0.188 -0.546 -0.341 2 3.39 3.50 -0.760 -0.584 0 1.001 -0.341 0.5102 0.8720
1777463912.5539231 0 0.188 -0.546 -0.331 2 3.39 3.50 -0.760 -0.584 0 1.001 -0.331 0.5102 0.8824
1777463912.571173 0 0.188 -0.546 -0.322 2 3.39 3.50 -0.760 -0.584 0 1.001 -0.322 0.5103 0.8917
% 1777463912.619084 robobot/cmd/ti rc 0 0.2
1777463912.6216483 0 0.188 -0.546 -0.303 3 3.39 3.50 -0.760 -0.584 0 1.001 -0.303 0.5103 0.9102
1777463912.653666 0 0.188 -0.546 -0.297 3 3.39 3.50 -0.760 -0.584 0 1.001 -0.297 0.5102 0.9160
1777463912.6719227 0 0.189 -0.546 -0.295 3 3.39 3.50 -0.760 -0.584 0 1.001 -0.295 0.5103 0.9183
1777463912.7218947 0 0.188 -0.546 -0.288 3 3.39 3.50 -0.760 -0.584 0 1.001 -0.288 0.5105 0.9252
1777463912.7532613 0 0.188 -0.546 -0.287 3 3.39 3.50 -0.760 -0.584 0 1.001 -0.287 0.5102 0.9264
1777463912.7725978 0 0.188 -0.546 -0.287 3 3.39 3.50 -0.760 -0.584 0 1.001 -0.287 0.5100 0.9264
1777463912.822405 0 0.188 -0.546 -0.282 3 3.39 3.50 -0.760 -0.584 0 1.001 -0.282 0.5099 0.9310
1777463912.8540888 0 0.189 -0.546 -0.280 3 3.39 3.50 -0.760 -0.584 0 1.001 -0.280 0.5099 0.9333
1777463912.871721 0 0.189 -0.546 -0.276 3 3.39 3.50 -0.760 -0.584 0 1.001 -0.276 0.5100 0.9368
1777463912.9224555 0 0.189 -0.546 -0.265 3 3.39 3.50 -0.760 -0.584 0 1.001 -0.265 0.5105 0.9484
1777463912.9538107 0 0.188 -0.546 -0.256 3 3.39 3.50 -0.760 -0.584 0 1.001 -0.256 0.5105 0.9576
% 1777463912.966151 robobot/cmd/ti alive 2026-04-29 13:58:14.194757
1777463912.972798 0 0.189 -0.546 -0.250 3 3.39 3.50 -0.760 -0.584 0 1.001 -0.250 0.5104 0.9634
% 1777463913.009534 robobot/cmd/ti rc 0 0.2
1777463913.021749 0 0.189 -0.546 -0.243 4 3.39 3.50 -0.760 -0.584 0 1.001 -0.243 0.5105 0.9703
1777463913.053572 0 0.189 -0.546 -0.236 4 3.39 3.50 -0.760 -0.584 0 1.001 -0.236 0.5107 0.9773
1777463913.0721421 0 0.189 -0.546 -0.231 4 3.39 3.50 -0.760 -0.584 0 1.002 -0.231 0.5108 0.9819
1777463913.1216161 0 0.188 -0.546 -0.227 4 3.39 3.50 -0.760 -0.584 0 1.001 -0.227 0.5102 0.9865
1777463913.1539705 0 0.188 -0.546 -0.224 4 3.39 3.50 -0.760 -0.584 0 1.001 -0.224 0.5100 0.9888
1777463913.1721106 0 0.189 -0.546 -0.220 4 3.39 3.50 -0.760 -0.584 0 1.001 -0.220 0.5099 0.9935
1777463913.221611 0 0.189 -0.546 -0.217 4 3.39 3.50 -0.760 -0.584 0 1.001 -0.217 0.5105 0.9958
1777463913.2534862 0 0.189 -0.546 -0.215 4 3.39 3.50 -0.760 -0.584 0 1.001 -0.215 0.5107 0.9981
1777463913.2725198 0 0.189 -0.546 -0.210 4 3.39 3.50 -0.760 -0.584 0 1.001 -0.210 0.5107 1.0027
1777463913.321901 0 0.188 -0.546 -0.198 4 3.39 3.50 -0.760 -0.584 0 1.001 -0.198 0.5107 1.0154
1777463913.3540852 0 0.188 -0.546 -0.195 4 3.39 3.50 -0.760 -0.584 0 1.001 -0.195 0.5104 1.0178
1777463913.372566 0 0.188 -0.546 -0.193 4 3.39 3.50 -0.760 -0.584 0 1.001 -0.193 0.5104 1.0201
% 1777463913.40923 robobot/cmd/ti rc 0 0.2
1777463913.4224792 0 0.189 -0.546 -0.185 5 3.39 3.50 -0.760 -0.584 0 1.001 -0.185 0.5103 1.0282
1777463913.4541142 0 0.189 -0.546 -0.185 5 3.39 3.50 -0.760 -0.584 0 1.002 -0.185 0.5108 1.0282
% 1777463913.4686449 robobot/cmd/ti alive 2026-04-29 13:58:14.194757
1777463913.4736855 0 0.189 -0.546 -0.184 5 3.39 3.50 -0.760 -0.584 0 1.002 -0.184 0.5109 1.0293
1777463913.5229602 0 0.188 -0.546 -0.182 5 3.39 3.50 -0.760 -0.584 0 1.002 -0.182 0.5110 1.0316
1777463913.5544095 0 0.188 -0.546 -0.178 5 3.39 3.50 -0.760 -0.584 0 1.002 -0.178 0.5110 1.0351
1777463913.572721 0 0.188 -0.546 -0.176 5 3.39 3.50 -0.760 -0.584 0 1.002 -0.176 0.5109 1.0374
1777463913.6232343 0 0.188 -0.546 -0.167 5 3.39 3.50 -0.760 -0.584 0 1.001 -0.167 0.5107 1.0467
1777463913.6539204 0 0.188 -0.546 -0.157 5 3.39 3.50 -0.760 -0.584 0 1.001 -0.157 0.5107 1.0559
1777463913.673543 0 0.188 -0.546 -0.150 5 3.39 3.50 -0.760 -0.584 0 1.001 -0.150 0.5107 1.0629
1777463913.7236185 0 0.188 -0.546 -0.138 5 3.39 3.50 -0.760 -0.584 0 1.002 -0.138 0.5108 1.0756
1777463913.7541363 0 0.188 -0.546 -0.128 5 3.39 3.50 -0.760 -0.584 0 1.002 -0.128 0.5108 1.0848
1777463913.7737098 0 0.188 -0.546 -0.124 5 3.39 3.50 -0.760 -0.584 0 1.002 -0.124 0.5108 1.0895
% 1777463913.8144977 robobot/cmd/ti rc 0 0.2
1777463913.823707 0 0.188 -0.546 -0.111 6 3.39 3.50 -0.760 -0.584 0 1.002 -0.111 0.5112 1.1022
1777463913.8538885 0 0.188 -0.546 -0.106 6 3.39 3.50 -0.760 -0.584 0 1.002 -0.106 0.5110 1.1068
1777463913.872867 0 0.188 -0.546 -0.105 6 3.39 3.50 -0.760 -0.584 0 1.002 -0.105 0.5109 1.1080
1777463913.9226034 0 0.188 -0.546 -0.103 6 3.39 3.50 -0.760 -0.584 0 1.002 -0.103 0.5109 1.1103
1777463913.95502 0 0.188 -0.546 -0.102 6 3.39 3.50 -0.760 -0.584 0 1.002 -0.102 0.5109 1.1114
% 1777463913.9709506 robobot/cmd/ti alive 2026-04-29 13:58:14.194757
1777463913.973093 0 0.188 -0.546 -0.102 6 3.39 3.50 -0.760 -0.584 0 1.002 -0.102 0.5109 1.1114
1777463914.0234258 0 0.188 -0.546 -0.101 6 3.39 3.50 -0.760 -0.584 0 1.002 -0.101 0.5108 1.1126
1777463914.054855 0 0.188 -0.546 -0.101 6 3.39 3.50 -0.760 -0.584 0 1.002 -0.101 0.5108 1.1126
1777463914.0752406 0 0.188 -0.546 -0.100 6 3.39 3.50 -0.760 -0.584 0 1.001 -0.100 0.5107 1.1137
1777463914.1235495 0 0.188 -0.546 -0.097 6 3.39 3.50 -0.760 -0.584 0 1.001 -0.097 0.5107 1.1161
1777463914.154294 0 0.188 -0.546 -0.090 6 3.39 3.50 -0.760 -0.584 0 1.001 -0.090 0.5107 1.1230
1777463914.1742342 0 0.188 -0.546 -0.083 6 3.39 3.50 -0.760 -0.584 0 1.002 -0.083 0.5108 1.1299
% 1777463914.2205818 robobot/cmd/ti rc 0 0.2
1777463914.2241192 0 0.188 -0.546 -0.066 7 3.39 3.50 -0.760 -0.584 0 1.002 -0.066 0.5107 1.1473
1777463914.2543955 0 0.188 -0.546 -0.054 7 3.39 3.50 -0.760 -0.584 0 1.001 -0.054 0.5106 1.1588
1777463914.2744553 0 0.188 -0.546 -0.050 7 3.39 3.50 -0.760 -0.584 0 1.001 -0.050 0.5105 1.1635
1777463914.323506 0 0.188 -0.546 -0.038 7 3.39 3.50 -0.760 -0.584 0 1.001 -0.038 0.5104 1.1750
1777463914.3541274 0 0.188 -0.546 -0.036 7 3.39 3.50 -0.760 -0.584 0 1.001 -0.036 0.5105 1.1773
1777463914.3753555 0 0.188 -0.546 -0.036 7 3.39 3.50 -0.760 -0.584 0 1.001 -0.036 0.5106 1.1773
1777463914.4237425 0 0.188 -0.546 -0.036 7 3.39 3.50 -0.760 -0.584 0 1.001 -0.036 0.5106 1.1773
1777463914.4548812 0 0.188 -0.546 -0.036 7 3.39 3.50 -0.760 -0.584 0 1.001 -0.036 0.5106 1.1773
% 1777463914.472996 robobot/cmd/ti alive 2026-04-29 13:58:14.194757
1777463914.474137 0 0.188 -0.546 -0.036 7 3.39 3.50 -0.760 -0.584 0 1.001 -0.036 0.5106 1.1773
1777463914.5248127 0 0.188 -0.546 -0.034 7 3.39 3.50 -0.760 -0.584 0 1.001 -0.034 0.5106 1.1797
1777463914.554996 0 0.188 -0.546 -0.025 7 3.39 3.50 -0.760 -0.584 0 1.001 -0.025 0.5107 1.1878
1777463914.5750895 0 0.188 -0.546 -0.020 7 3.39 3.50 -0.760 -0.584 0 1.001 -0.020 0.5107 1.1935
% 1777463914.6176126 robobot/cmd/ti rc 0 0.2
1777463914.624766 0 0.188 -0.546 -0.001 8 3.39 3.50 -0.760 -0.584 0 1.001 -0.001 0.5107 1.2120
1777463914.655117 0 0.188 -0.546 0.014 8 3.39 3.50 -0.760 -0.584 0 1.001 0.014 0.5105 1.2271
1777463914.6742048 0 0.188 -0.546 0.020 8 3.39 3.50 -0.760 -0.584 0 1.001 0.020 0.5107 1.2329
1777463914.7248533 0 0.188 -0.546 0.027 8 3.39 3.50 -0.760 -0.584 0 1.002 0.027 0.5108 1.2398
1777463914.7550445 0 0.188 -0.546 0.028 8 3.39 3.50 -0.760 -0.584 0 1.001 0.028 0.5107 1.2410
1777463914.7749143 0 0.188 -0.546 0.028 8 3.39 3.50 -0.760 -0.584 0 1.001 0.028 0.5107 1.2410
1777463914.8250828 0 0.187 -0.546 0.032 8 3.39 3.50 -0.760 -0.584 0 1.001 0.032 0.5107 1.2456
1777463914.855164 0 0.187 -0.546 0.037 8 3.39 3.50 -0.760 -0.584 0 1.001 0.037 0.5105 1.2502
1777463914.87502 0 0.188 -0.546 0.041 8 3.39 3.50 -0.760 -0.584 0 1.001 0.041 0.5103 1.2537
1777463914.9249446 0 0.188 -0.546 0.050 8 3.39 3.50 -0.760 -0.584 0 1.001 0.050 0.5104 1.2629
1777463914.9551175 0 0.188 -0.546 0.059 8 3.39 3.50 -0.760 -0.584 0 1.001 0.059 0.5106 1.2722
1777463914.9749804 0 0.188 -0.546 0.061 8 3.39 3.50 -0.760 -0.584 0 1.001 0.061 0.5107 1.2745
% 1777463914.9756403 robobot/cmd/ti alive 2026-04-29 13:58:14.194757
% 1777463915.0112102 robobot/cmd/ti rc 0 0.2
1777463915.0251935 0 0.188 -0.546 0.079 9 3.39 3.50 -0.760 -0.584 0 1.001 0.079 0.5105 1.2918
1777463915.05518 0 0.187 -0.546 0.088 9 3.39 3.50 -0.760 -0.584 0 1.002 0.088 0.5108 1.3011
1777463915.0755332 0 0.188 -0.546 0.089 9 3.39 3.50 -0.760 -0.584 0 1.002 0.089 0.5107 1.3022
1777463915.1251185 0 0.188 -0.546 0.089 9 3.39 3.50 -0.760 -0.584 0 1.001 0.089 0.5107 1.3022
1777463915.1557379 0 0.188 -0.546 0.089 9 3.39 3.50 -0.760 -0.584 0 1.001 0.089 0.5107 1.3022
1777463915.1753879 0 0.188 -0.546 0.089 9 3.39 3.50 -0.760 -0.584 0 1.001 0.089 0.5107 1.3022
1777463915.2247522 0 0.188 -0.546 0.089 9 3.39 3.50 -0.760 -0.584 0 1.002 0.089 0.5107 1.3022
1777463915.2562275 0 0.188 -0.546 0.089 9 3.39 3.50 -0.760 -0.584 0 1.002 0.089 0.5107 1.3022
1777463915.275574 0 0.188 -0.546 0.091 9 3.39 3.50 -0.760 -0.584 0 1.002 0.091 0.5107 1.3046
1777463915.3249576 0 0.187 -0.546 0.100 9 3.39 3.50 -0.760 -0.584 0 1.001 0.100 0.5107 1.3127
1777463915.3547108 0 0.188 -0.546 0.108 9 3.39 3.50 -0.760 -0.584 0 1.002 0.108 0.5108 1.3208
1777463915.3757348 0 0.188 -0.546 0.118 9 3.39 3.50 -0.760 -0.584 0 1.002 0.118 0.5107 1.3312
% 1777463915.411911 robobot/cmd/ti rc 0 0.2
1777463915.4263167 0 0.188 -0.546 0.137 10 3.39 3.50 -0.760 -0.584 0 1.002 0.137 0.5109 1.3497
1777463915.455643 0 0.188 -0.546 0.143 10 3.39 3.50 -0.760 -0.584 0 1.002 0.143 0.5111 1.3566
1777463915.4763124 0 0.188 -0.546 0.153 10 3.39 3.50 -0.760 -0.584 0 1.002 0.153 0.5111 1.3659
% 1777463915.4784288 robobot/cmd/ti alive 2026-04-29 13:58:14.194757
1777463915.5263348 0 0.188 -0.546 0.154 10 3.39 3.50 -0.760 -0.584 0 1.002 0.154 0.5109 1.3670
1777463915.5549934 0 0.188 -0.546 0.154 10 3.39 3.50 -0.760 -0.584 0 1.002 0.154 0.5108 1.3670
1777463915.5763195 0 0.187 -0.546 0.155 10 3.39 3.50 -0.760 -0.584 0 1.002 0.155 0.5108 1.3682
1777463915.6264896 0 0.187 -0.546 0.158 10 3.39 3.50 -0.760 -0.584 0 1.002 0.158 0.5108 1.3716
1777463915.6547694 0 0.187 -0.546 0.160 10 3.39 3.50 -0.760 -0.584 0 1.001 0.160 0.5107 1.3728
1777463915.6764007 0 0.187 -0.546 0.160 10 3.39 3.50 -0.760 -0.584 0 1.001 0.160 0.5106 1.3728
1777463915.725888 0 0.187 -0.546 0.162 10 3.39 3.50 -0.760 -0.584 0 1.001 0.162 0.5105 1.3751
1777463915.7565696 0 0.187 -0.546 0.165 10 3.39 3.50 -0.760 -0.584 0 1.001 0.165 0.5104 1.3786
1777463915.7761517 0 0.187 -0.546 0.171 10 3.39 3.50 -0.760 -0.584 0 1.001 0.171 0.5105 1.3844
% 1777463915.8146935 robobot/cmd/ti rc 0 0.2
1777463915.8284137 0 0.187 -0.546 0.190 11 3.39 3.50 -0.760 -0.584 0 1.001 0.190 0.5106 1.4029
1777463915.8554232 0 0.187 -0.546 0.195 11 3.39 3.50 -0.760 -0.584 0 1.001 0.195 0.5105 1.4086
1777463915.8772755 0 0.187 -0.546 0.206 11 3.39 3.50 -0.760 -0.584 0 1.001 0.206 0.5104 1.4191
1777463915.926652 0 0.188 -0.546 0.216 11 3.39 3.50 -0.760 -0.584 0 1.001 0.216 0.5107 1.4295
1777463915.9551203 0 0.187 -0.546 0.221 11 3.39 3.50 -0.760 -0.584 0 1.002 0.221 0.5109 1.4341
1777463915.9768612 0 0.187 -0.546 0.226 11 3.39 3.50 -0.760 -0.584 0 1.002 0.226 0.5108 1.4387
% 1777463915.9828477 robobot/cmd/ti alive 2026-04-29 13:58:14.194757
1777463916.0263808 0 0.186 -0.546 0.230 11 3.39 3.50 -0.760 -0.584 0 1.001 0.230 0.5101 1.4433
1777463916.055856 0 0.186 -0.546 0.230 11 3.39 3.50 -0.760 -0.584 0 1.001 0.230 0.5099 1.4433
1777463916.0768893 0 0.186 -0.546 0.230 11 3.39 3.50 -0.760 -0.584 0 1.001 0.230 0.5099 1.4433
1777463916.126665 0 0.187 -0.546 0.238 11 3.39 3.50 -0.760 -0.584 0 1.001 0.238 0.5098 1.4514
1777463916.1550975 0 0.187 -0.546 0.240 11 3.39 3.50 -0.760 -0.584 0 1.001 0.240 0.5100 1.4537
1777463916.178204 0 0.188 -0.546 0.246 11 3.39 3.50 -0.760 -0.584 0 1.001 0.246 0.5102 1.4595
% 1777463916.2140498 robobot/cmd/ti rc 0 0.2
1777463916.2268302 0 0.187 -0.546 0.251 12 3.39 3.50 -0.760 -0.584 0 1.002 0.251 0.5108 1.4642
1777463916.2552066 0 0.187 -0.546 0.254 12 3.39 3.50 -0.760 -0.584 0 1.002 0.254 0.5109 1.4676
1777463916.2773209 0 0.187 -0.546 0.258 12 3.39 3.50 -0.760 -0.584 0 1.001 0.258 0.5107 1.4711
1777463916.327015 0 0.187 -0.546 0.271 12 3.39 3.50 -0.760 -0.584 0 1.001 0.271 0.5103 1.4838
1777463916.3550575 0 0.187 -0.546 0.276 12 3.39 3.50 -0.760 -0.584 0 1.001 0.276 0.5103 1.4896
1777463916.3773005 0 0.187 -0.546 0.287 12 3.39 3.50 -0.760 -0.584 0 1.001 0.287 0.5103 1.5000
1777463916.4275353 0 0.186 -0.546 0.296 12 3.39 3.50 -0.760 -0.584 0 1.001 0.296 0.5103 1.5093
1777463916.4564104 0 0.187 -0.546 0.302 12 3.39 3.50 -0.760 -0.584 0 1.001 0.302 0.5103 1.5150
1777463916.477614 0 0.187 -0.546 0.302 12 3.39 3.50 -0.760 -0.584 0 1.001 0.302 0.5106 1.5150
% 1777463916.4847975 robobot/cmd/ti alive 2026-04-29 13:58:14.194757
1777463916.5274124 0 0.187 -0.546 0.304 12 3.39 3.50 -0.760 -0.584 0 1.001 0.304 0.5107 1.5174
1777463916.556224 0 0.187 -0.546 0.306 12 3.39 3.50 -0.760 -0.584 0 1.001 0.306 0.5107 1.5197
1777463916.5783722 0 0.186 -0.546 0.315 12 3.39 3.50 -0.760 -0.584 0 1.001 0.315 0.5105 1.5278
1777463916.628473 0 0.187 -0.546 0.320 13 3.39 3.50 -0.760 -0.584 0 1.001 0.320 0.5098 1.5335
% 1777463916.6396155 robobot/cmd/ti rc 0 0.2
1777463916.655249 0 0.187 -0.546 0.325 13 3.39 3.50 -0.760 -0.584 0 1.001 0.325 0.5099 1.5382
1777463916.6774578 0 0.187 -0.546 0.332 13 3.39 3.50 -0.760 -0.584 0 1.001 0.332 0.5100 1.5451
1777463916.7274344 0 0.187 -0.546 0.338 13 3.39 3.50 -0.760 -0.584 0 1.001 0.338 0.5104 1.5509
1777463916.756154 0 0.187 -0.546 0.342 13 3.39 3.50 -0.760 -0.584 0 1.001 0.342 0.5106 1.5555
1777463916.7782102 0 0.187 -0.546 0.350 13 3.39 3.50 -0.760 -0.584 0 1.001 0.350 0.5106 1.5636
1777463916.827797 0 0.186 -0.546 0.358 13 3.39 3.50 -0.760 -0.584 0 1.001 0.358 0.5098 1.5717
1777463916.855983 0 0.186 -0.546 0.360 13 3.39 3.50 -0.760 -0.584 0 1.000 0.360 0.5096 1.5729
1777463916.877709 0 0.187 -0.546 0.367 13 3.39 3.50 -0.760 -0.584 0 1.000 0.367 0.5097 1.5798
1777463916.9277258 0 0.187 -0.546 0.367 13 3.39 3.50 -0.760 -0.584 0 1.001 0.367 0.5104 1.5798
1777463916.9554229 0 0.187 -0.546 0.367 13 3.39 3.50 -0.760 -0.584 0 1.001 0.367 0.5105 1.5798
1777463916.9793336 0 0.187 -0.546 0.369 13 3.39 3.50 -0.760 -0.584 0 1.001 0.369 0.5106 1.5821
% 1777463916.9882383 robobot/cmd/ti alive 2026-04-29 13:58:14.194757
% 1777463917.0137262 robobot/cmd/ti rc 0 0.2
1777463917.0277903 0 0.187 -0.546 0.375 14 3.39 3.50 -0.760 -0.584 0 1.001 0.375 0.5107 1.5879
1777463917.056017 0 0.187 -0.546 0.383 14 3.39 3.50 -0.760 -0.584 0 1.001 0.383 0.5104 1.5960
1777463917.0777786 0 0.187 -0.546 0.384 14 3.39 3.50 -0.760 -0.584 0 1.001 0.384 0.5099 1.5972
1777463917.1282787 0 0.187 -0.546 0.393 14 3.39 3.50 -0.760 -0.584 0 1.000 0.393 0.5096 1.6064
1777463917.156231 0 0.187 -0.546 0.398 14 3.39 3.50 -0.760 -0.584 0 1.000 0.398 0.5096 1.6110
1777463917.1802862 0 0.188 -0.546 0.401 14 3.39 3.50 -0.760 -0.584 0 1.001 0.401 0.5098 1.6145
1777463917.2277303 0 0.188 -0.546 0.407 14 3.39 3.50 -0.760 -0.584 0 1.001 0.407 0.5104 1.6203
1777463917.2560918 0 0.187 -0.546 0.416 14 3.39 3.50 -0.760 -0.584 0 1.001 0.416 0.5105 1.6295
1777463917.278 0 0.187 -0.546 0.424 14 3.39 3.50 -0.760 -0.584 0 1.001 0.424 0.5102 1.6376
1777463917.329172 0 0.187 -0.546 0.430 14 3.39 3.50 -0.760 -0.584 0 1.001 0.430 0.5100 1.6434
1777463917.3555763 0 0.188 -0.546 0.432 14 3.39 3.50 -0.760 -0.584 0 1.001 0.432 0.5100 1.6457
1777463917.379479 0 0.188 -0.546 0.436 14 3.39 3.50 -0.760 -0.584 0 1.001 0.436 0.5100 1.6492
% 1777463917.411126 robobot/cmd/ti rc 0 0.2
1777463917.4285052 0 0.188 -0.545 0.444 15 3.39 3.50 -0.760 -0.584 0 1.001 0.444 0.5105 1.6573
1777463917.4557757 0 0.188 -0.545 0.450 15 3.39 3.50 -0.760 -0.584 0 1.001 0.450 0.5107 1.6631
1777463917.4793384 0 0.188 -0.546 0.457 15 3.39 3.50 -0.760 -0.584 0 1.001 0.457 0.5105 1.6700
% 1777463917.4917917 robobot/cmd/ti alive 2026-04-29 13:58:14.194757
1777463917.5293028 0 0.188 -0.546 0.468 15 3.39 3.50 -0.760 -0.584 0 1.001 0.468 0.5103 1.6816
1777463917.5558946 0 0.188 -0.545 0.469 15 3.39 3.50 -0.760 -0.584 0 1.001 0.469 0.5103 1.6827
1777463917.5788875 0 0.188 -0.545 0.473 15 3.39 3.50 -0.760 -0.584 0 1.001 0.473 0.5103 1.6862
1777463917.6294389 0 0.188 -0.545 0.479 15 3.39 3.50 -0.760 -0.584 0 1.001 0.479 0.5105 1.6920
1777463917.6556854 0 0.188 -0.545 0.486 15 3.39 3.50 -0.760 -0.584 0 1.001 0.486 0.5107 1.6989
1777463917.6792846 0 0.188 -0.545 0.493 15 3.39 3.50 -0.760 -0.584 0 1.001 0.493 0.5105 1.7059
1777463917.7291744 0 0.188 -0.546 0.498 15 3.39 3.50 -0.760 -0.584 0 1.001 0.498 0.5102 1.7116
1777463917.7554858 0 0.188 -0.546 0.498 15 3.39 3.50 -0.760 -0.584 0 1.001 0.498 0.5101 1.7116
1777463917.7803009 0 0.188 -0.546 0.498 15 3.39 3.50 -0.760 -0.584 0 1.001 0.498 0.5100 1.7116
% 1777463917.8115022 robobot/cmd/ti rc 0 0.2
1777463917.8288617 0 0.188 -0.545 0.502 16 3.39 3.50 -0.760 -0.584 0 1.001 0.502 0.5100 1.7151
1777463917.8553953 0 0.188 -0.545 0.504 16 3.39 3.50 -0.760 -0.584 0 1.001 0.504 0.5100 1.7174
1777463917.880065 0 0.188 -0.545 0.508 16 3.39 3.50 -0.760 -0.584 0 1.001 0.508 0.5101 1.7209
1777463917.9297225 0 0.189 -0.545 0.517 16 3.39 3.50 -0.760 -0.584 0 1.001 0.517 0.5105 1.7302
1777463917.9564278 0 0.189 -0.545 0.523 16 3.39 3.50 -0.760 -0.584 0 1.001 0.523 0.5107 1.7359
1777463917.9793878 0 0.189 -0.545 0.532 16 3.39 3.50 -0.760 -0.584 0 1.001 0.532 0.5106 1.7452
% 1777463917.9944532 robobot/cmd/ti alive 2026-04-29 13:58:14.194757
1777463918.029489 0 0.189 -0.545 0.541 16 3.39 3.50 -0.760 -0.584 0 1.001 0.541 0.5105 1.7544
1777463918.055337 0 0.189 -0.545 0.546 16 3.39 3.50 -0.760 -0.584 0 1.001 0.546 0.5106 1.7591
1777463918.0796785 0 0.189 -0.545 0.548 16 3.39 3.50 -0.760 -0.584 0 1.002 0.548 0.5109 1.7614
1777463918.1299818 0 0.189 -0.545 0.564 16 3.39 3.50 -0.760 -0.584 0 1.002 0.564 0.5109 1.7776
1777463918.1564453 0 0.189 -0.545 0.566 16 3.39 3.50 -0.760 -0.584 0 1.001 0.566 0.5107 1.7787
1777463918.1804235 0 0.189 -0.545 0.568 16 3.39 3.50 -0.760 -0.584 0 1.001 0.568 0.5107 1.7810
% 1777463918.2167845 robobot/cmd/ti rc 0 0.2
1777463918.230426 0 0.189 -0.545 0.570 17 3.39 3.50 -0.760 -0.584 0 1.001 0.570 0.5105 1.7833
1777463918.255782 0 0.189 -0.545 0.574 17 3.39 3.50 -0.760 -0.584 0 1.001 0.574 0.5105 1.7868
1777463918.2794797 0 0.189 -0.545 0.577 17 3.39 3.50 -0.760 -0.584 0 1.001 0.577 0.5105 1.7903
1777463918.3304985 0 0.190 -0.545 0.581 17 3.39 3.50 -0.760 -0.584 0 1.001 0.581 0.5107 1.7938
1777463918.355617 0 0.190 -0.544 0.584 17 3.39 3.50 -0.760 -0.584 0 1.002 0.584 0.5109 1.7972
1777463918.380298 0 0.190 -0.544 0.591 17 3.39 3.50 -0.760 -0.584 0 1.002 0.591 0.5111 1.8042
1777463918.4305918 0 0.190 -0.545 0.606 17 3.39 3.50 -0.760 -0.584 0 1.002 0.606 0.5111 1.8192
1777463918.4554396 0 0.189 -0.545 0.610 17 3.39 3.50 -0.760 -0.584 0 1.002 0.610 0.5110 1.8227
1777463918.4805455 0 0.189 -0.545 0.614 17 3.39 3.50 -0.760 -0.584 0 1.002 0.614 0.5109 1.8273
% 1777463918.4970462 robobot/cmd/ti alive 2026-04-29 13:58:14.194757
1777463918.5304208 0 0.190 -0.545 0.634 17 3.39 3.50 -0.760 -0.584 0 1.002 0.634 0.5111 1.8470
1777463918.5568697 0 0.189 -0.545 0.637 17 3.39 3.50 -0.760 -0.584 0 1.002 0.637 0.5112 1.8504
1777463918.580576 0 0.189 -0.545 0.639 18 3.39 3.50 -0.760 -0.584 0 1.002 0.639 0.5112 1.8527
% 1777463918.608086 robobot/cmd/ti rc 0 0.2
1777463918.6306696 0 0.189 -0.545 0.641 18 3.39 3.50 -0.760 -0.584 0 1.002 0.641 0.5111 1.8539
1777463918.6558495 0 0.189 -0.545 0.642 18 3.39 3.50 -0.760 -0.584 0 1.002 0.642 0.5111 1.8550
1777463918.6796145 0 0.189 -0.545 0.644 18 3.39 3.50 -0.760 -0.584 0 1.002 0.644 0.5110 1.8574
1777463918.730129 0 0.189 -0.545 0.649 18 3.39 3.50 -0.760 -0.584 0 1.002 0.649 0.5109 1.8620
1777463918.7564003 0 0.189 -0.545 0.653 18 3.39 3.50 -0.760 -0.584 0 1.002 0.653 0.5108 1.8666
1777463918.7812357 0 0.189 -0.545 0.660 18 3.39 3.50 -0.760 -0.584 0 1.002 0.660 0.5110 1.8736
1777463918.8306234 0 0.189 -0.545 0.668 18 3.39 3.50 -0.760 -0.584 0 1.002 0.668 0.5111 1.8816
1777463918.8557248 0 0.189 -0.545 0.676 18 3.39 3.50 -0.760 -0.584 0 1.002 0.676 0.5111 1.8897
1777463918.8806925 0 0.189 -0.545 0.682 18 3.39 3.50 -0.760 -0.584 0 1.002 0.682 0.5113 1.8955
1777463918.9316454 0 0.189 -0.545 0.693 18 3.39 3.50 -0.760 -0.584 0 1.002 0.693 0.5114 1.9059
1777463918.9566097 0 0.189 -0.545 0.696 18 3.39 3.50 -0.760 -0.584 0 1.002 0.696 0.5113 1.9094
1777463918.982178 0 0.189 -0.545 0.699 19 3.39 3.50 -0.760 -0.584 0 1.002 0.699 0.5112 1.9117
% 1777463919.0018477 robobot/cmd/ti alive 2026-04-29 13:58:14.194757
% 1777463919.007504 robobot/cmd/ti rc 0 0.2
1777463919.0306532 0 0.189 -0.545 0.708 19 3.39 3.50 -0.760 -0.584 0 1.002 0.708 0.5114 1.9210
1777463919.056473 0 0.188 -0.545 0.715 19 3.39 3.50 -0.760 -0.584 0 1.002 0.715 0.5112 1.9279
1777463919.0806994 0 0.188 -0.545 0.717 19 3.39 3.50 -0.760 -0.584 0 1.002 0.717 0.5109 1.9302
1777463919.130692 0 0.189 -0.545 0.725 19 3.39 3.50 -0.760 -0.584 0 1.002 0.725 0.5107 1.9383
1777463919.1567013 0 0.189 -0.545 0.726 19 3.39 3.50 -0.760 -0.584 0 1.002 0.726 0.5109 1.9395
1777463919.181606 0 0.189 -0.545 0.726 19 3.39 3.50 -0.760 -0.584 0 1.002 0.726 0.5109 1.9395
1777463919.2313533 0 0.189 -0.545 0.730 19 3.39 3.50 -0.760 -0.584 0 1.002 0.730 0.5109 1.9429
1777463919.2575345 0 0.189 -0.545 0.734 19 3.39 3.50 -0.760 -0.584 0 1.002 0.734 0.5110 1.9476
1777463919.2811978 0 0.189 -0.545 0.737 19 3.39 3.50 -0.760 -0.584 0 1.002 0.737 0.5110 1.9499
1777463919.3309844 0 0.189 -0.545 0.743 19 3.39 3.50 -0.760 -0.584 0 1.002 0.743 0.5112 1.9557
1777463919.3571017 0 0.189 -0.545 0.748 19 3.39 3.50 -0.760 -0.584 0 1.002 0.748 0.5111 1.9614
1777463919.3813257 0 0.189 -0.545 0.754 20 3.39 3.50 -0.760 -0.584 0 1.002 0.754 0.5110 1.9672
% 1777463919.4085205 robobot/cmd/ti rc 0 0.2
1777463919.4312203 0 0.189 -0.545 0.766 20 3.39 3.50 -0.760 -0.584 0 1.002 0.766 0.5110 1.9788
1777463919.4573402 0 0.189 -0.545 0.770 20 3.39 3.50 -0.760 -0.584 0 1.002 0.770 0.5111 1.9834
1777463919.4823172 0 0.189 -0.545 0.772 20 3.39 3.50 -0.760 -0.584 0 1.002 0.772 0.5112 1.9857
% 1777463919.504936 robobot/cmd/ti alive 2026-04-29 13:58:14.194757
1777463919.5315502 0 0.188 -0.546 0.782 20 3.39 3.50 -0.760 -0.584 0 1.002 0.782 0.5110 1.9950
1777463919.5567 0 0.189 -0.545 0.792 20 3.39 3.50 -0.760 -0.584 0 1.002 0.792 0.5110 2.0054
1777463919.5819826 0 0.188 -0.545 0.794 20 3.39 3.50 -0.760 -0.584 0 1.002 0.794 0.5113 2.0077
1777463919.6316874 0 0.188 -0.546 0.801 20 3.39 3.50 -0.760 -0.584 0 1.002 0.801 0.5111 2.0146
1777463919.6566072 0 0.188 -0.546 0.809 20 3.39 3.50 -0.760 -0.584 0 1.002 0.809 0.5110 2.0227
1777463919.6818876 0 0.188 -0.546 0.814 20 3.39 3.50 -0.760 -0.584 0 1.002 0.814 0.5110 2.0274
1777463919.7320652 0 0.188 -0.545 0.820 20 3.39 3.50 -0.760 -0.584 0 1.002 0.820 0.5110 2.0331
1777463919.757536 0 0.188 -0.545 0.827 20 3.39 3.50 -0.760 -0.584 0 1.002 0.827 0.5112 2.0401
1777463919.7819812 0 0.188 -0.546 0.829 21 3.39 3.50 -0.760 -0.584 0 1.002 0.829 0.5114 2.0424
% 1777463919.8136904 robobot/cmd/ti rc 0 0.2
1777463919.8318856 0 0.188 -0.546 0.834 21 3.39 3.50 -0.760 -0.584 0 1.002 0.834 0.5114 2.0470
1777463919.8569624 0 0.188 -0.546 0.837 21 3.39 3.50 -0.760 -0.584 0 1.002 0.837 0.5113 2.0505
1777463919.8816562 0 0.188 -0.546 0.844 21 3.39 3.50 -0.760 -0.584 0 1.002 0.844 0.5111 2.0574
1777463919.9323626 0 0.188 -0.546 0.852 21 3.39 3.50 -0.760 -0.584 0 1.002 0.852 0.5113 2.0655
1777463919.9574943 0 0.188 -0.546 0.858 21 3.39 3.50 -0.760 -0.584 0 1.002 0.858 0.5114 2.0713
1777463919.9818623 0 0.188 -0.546 0.862 21 3.39 3.50 -0.760 -0.584 0 1.002 0.862 0.5114 2.0748
% 1777463920.0073297 robobot/cmd/ti alive 2026-04-29 13:58:14.194757
1777463920.0318303 0 0.187 -0.546 0.871 21 3.39 3.50 -0.760 -0.584 0 1.002 0.871 0.5111 2.0840
1777463920.056941 0 0.188 -0.546 0.877 21 3.39 3.50 -0.760 -0.584 0 1.002 0.877 0.5109 2.0898
1777463920.0823996 0 0.188 -0.546 0.880 21 3.39 3.50 -0.760 -0.584 0 1.002 0.880 0.5110 2.0933
1777463920.1325443 0 0.188 -0.546 0.887 21 3.39 3.50 -0.760 -0.584 0 1.002 0.887 0.5110 2.1002
1777463920.1575935 0 0.188 -0.546 0.890 21 3.39 3.50 -0.760 -0.584 0 1.002 0.890 0.5109 2.1037
1777463920.1829312 0 0.188 -0.546 0.893 22 3.39 3.50 -0.760 -0.584 0 1.002 0.893 0.5109 2.1060
% 1777463920.213864 robobot/cmd/ti rc 0 0.2
1777463920.2325933 0 0.188 -0.546 0.902 22 3.39 3.50 -0.760 -0.584 0 1.002 0.902 0.5110 2.1153
1777463920.2575378 0 0.188 -0.546 0.905 22 3.39 3.50 -0.760 -0.584 0 1.002 0.905 0.5110 2.1187
1777463920.2838414 0 0.187 -0.547 0.914 22 3.39 3.50 -0.760 -0.584 0 1.002 0.914 0.5109 2.1268
1777463920.3334334 0 0.187 -0.547 0.916 22 3.39 3.50 -0.760 -0.584 0 1.001 0.916 0.5106 2.1291
1777463920.3576086 0 0.188 -0.546 0.919 22 3.39 3.50 -0.760 -0.584 0 1.001 0.919 0.5105 2.1326
1777463920.3834705 0 0.188 -0.546 0.929 22 3.39 3.50 -0.760 -0.584 0 1.002 0.929 0.5110 2.1418
1777463920.4327602 0 0.187 -0.547 0.934 22 3.39 3.50 -0.760 -0.584 0 1.002 0.934 0.5108 2.1476
1777463920.4575891 0 0.188 -0.546 0.937 22 3.39 3.50 -0.760 -0.584 0 1.001 0.937 0.5107 2.1499
1777463920.4837427 0 0.188 -0.546 0.941 22 3.39 3.50 -0.760 -0.584 0 1.001 0.941 0.5107 2.1546
% 1777463920.5095792 robobot/cmd/ti alive 2026-04-29 13:58:14.194757
1777463920.5328388 0 0.187 -0.547 0.946 22 3.39 3.50 -0.760 -0.584 0 1.002 0.946 0.5109 2.1592
1777463920.556968 0 0.187 -0.547 0.947 22 3.39 3.50 -0.760 -0.584 0 1.002 0.947 0.5109 2.1604
1777463920.583242 0 0.187 -0.547 0.950 23 3.39 3.50 -0.760 -0.584 0 1.002 0.950 0.5108 2.1627
% 1777463920.6144276 robobot/cmd/ti rc 0 0.2
1777463920.6329794 0 0.187 -0.547 0.955 23 3.39 3.50 -0.760 -0.584 0 1.001 0.955 0.5105 2.1684
1777463920.6576788 0 0.187 -0.547 0.956 23 3.39 3.50 -0.760 -0.584 0 1.001 0.956 0.5104 2.1696
1777463920.6833208 0 0.187 -0.547 0.962 23 3.39 3.50 -0.760 -0.584 0 1.001 0.962 0.5103 2.1754
1777463920.7336109 0 0.188 -0.546 0.976 23 3.39 3.50 -0.760 -0.584 0 1.002 0.976 0.5108 2.1893
1777463920.7574735 0 0.187 -0.547 0.978 23 3.39 3.50 -0.760 -0.584 0 1.002 0.978 0.5110 2.1916
1777463920.783599 0 0.187 -0.547 0.987 23 3.39 3.50 -0.760 -0.584 0 1.002 0.987 0.5109 2.1997
1777463920.833874 0 0.188 -0.546 0.999 23 3.39 3.50 -0.760 -0.584 0 1.002 0.999 0.5108 2.2124
1777463920.8580892 0 0.187 -0.547 1.005 23 3.39 3.50 -0.760 -0.584 0 1.002 1.005 0.5112 2.2182
1777463920.8838828 0 0.187 -0.547 1.013 23 3.39 3.50 -0.760 -0.584 0 1.002 1.013 0.5110 2.2263
1777463920.934162 0 0.187 -0.547 1.016 23 3.39 3.50 -0.760 -0.584 0 1.001 1.016 0.5105 2.2297
1777463920.958259 0 0.187 -0.547 1.016 23 3.39 3.50 -0.760 -0.584 0 1.001 1.016 0.5104 2.2297
1777463920.9846663 0 0.187 -0.547 1.018 24 3.39 3.50 -0.760 -0.584 0 1.001 1.018 0.5104 2.2309
% 1777463921.011124 robobot/cmd/ti rc 0 0.2
% 1777463921.0118592 robobot/cmd/ti alive 2026-04-29 13:58:14.194757
1777463921.034171 0 0.187 -0.547 1.018 24 3.39 3.50 -0.760 -0.584 0 1.001 1.018 0.5103 2.2309
1777463921.0571563 0 0.187 -0.547 1.019 24 3.39 3.50 -0.760 -0.584 0 1.001 1.019 0.5103 2.2321
1777463921.0839632 0 0.187 -0.547 1.026 24 3.39 3.50 -0.760 -0.584 0 1.001 1.026 0.5103 2.2390
1777463921.133746 0 0.187 -0.547 1.033 24 3.39 3.50 -0.760 -0.584 0 1.002 1.033 0.5109 2.2459
1777463921.1578498 0 0.187 -0.547 1.035 24 3.39 3.50 -0.760 -0.584 0 1.002 1.035 0.5109 2.2482
1777463921.1841917 0 0.187 -0.548 1.041 24 3.39 3.50 -0.760 -0.584 0 1.002 1.041 0.5108 2.2540
1777463921.233585 0 0.187 -0.548 1.051 24 3.39 3.50 -0.760 -0.584 0 1.001 1.051 0.5104 2.2644
1777463921.2574406 0 0.187 -0.548 1.055 24 3.39 3.50 -0.760 -0.584 0 1.001 1.055 0.5104 2.2679
1777463921.2845669 0 0.187 -0.547 1.062 24 3.39 3.50 -0.760 -0.584 0 1.001 1.062 0.5104 2.2748
1777463921.3343024 0 0.187 -0.547 1.071 24 3.39 3.50 -0.760 -0.584 0 1.001 1.071 0.5107 2.2841
1777463921.3581243 0 0.187 -0.547 1.075 24 3.39 3.50 -0.760 -0.584 0 1.001 1.075 0.5107 2.2887
1777463921.3847432 0 0.187 -0.547 1.083 25 3.39 3.50 -0.760 -0.584 0 1.001 1.083 0.5107 2.2957
% 1777463921.4170182 robobot/cmd/ti rc 0 0
1777463921.434508 0 0.186 -0.548 1.087 25 3.39 3.50 -0.760 -0.584 0 1.001 1.087 0.5105 2.3003
1777463921.4582849 0 0.186 -0.548 1.085 25 3.39 3.50 -0.760 -0.584 0 1.001 1.085 0.5103 2.2980
1777463921.485569 0 0.186 -0.548 1.085 25 3.39 3.50 -0.760 -0.584 0 1.001 1.085 0.5102 2.2980
% 1777463921.513984 robobot/cmd/ti alive 2026-04-29 13:58:14.194757
1777463921.5343955 0 0.186 -0.548 1.085 25 3.39 3.50 -0.760 -0.584 0 1.001 1.085 0.5099 2.2980
1777463921.558115 0 0.186 -0.548 1.085 25 3.39 3.50 -0.760 -0.584 0 1.001 1.085 0.5098 2.2980
1777463921.5855548 0 0.186 -0.548 1.085 25 3.39 3.50 -0.760 -0.584 0 1.000 1.085 0.5097 2.2980
1777463921.6358 0 0.186 -0.548 1.085 25 3.39 3.50 -0.760 -0.584 0 1.000 1.085 0.5097 2.2980
1777463921.6584213 0 0.186 -0.548 1.085 25 3.39 3.50 -0.760 -0.584 0 1.000 1.085 0.5097 2.2980
1777463921.6862166 0 0.186 -0.548 1.085 25 3.39 3.50 -0.760 -0.584 0 1.000 1.085 0.5097 2.2980
1777463921.7354214 0 0.186 -0.548 1.085 25 3.39 3.50 -0.760 -0.584 0 1.000 1.085 0.5097 2.2980
1777463921.758719 0 0.186 -0.548 1.085 25 3.39 3.50 -0.760 -0.584 0 1.000 1.085 0.5096 2.2980
1777463921.78559 0 0.186 -0.548 1.085 25 3.39 3.50 -0.760 -0.584 0 1.000 1.085 0.5096 2.2980
1777463921.8347888 0 0.186 -0.548 1.085 25 3.39 3.50 -0.760 -0.584 0 1.000 1.085 0.5096 2.2980
1777463921.857912 0 0.186 -0.548 1.085 25 3.39 3.50 -0.760 -0.584 0 1.000 1.085 0.5096 2.2980
1777463921.8865714 0 0.186 -0.548 1.085 25 3.39 3.50 -0.760 -0.584 0 1.000 1.085 0.5096 2.2980
1777463921.9359448 0 0.186 -0.548 1.085 25 3.39 3.50 -0.760 -0.584 0 1.000 1.085 0.5096 2.2980
1777463921.9575737 0 0.186 -0.548 1.085 25 3.39 3.50 -0.760 -0.584 0 1.000 1.085 0.5096 2.2980
1777463921.9851208 0 0.186 -0.548 1.085 25 3.39 3.50 -0.760 -0.584 0 1.000 1.085 0.5096 2.2980
% 1777463922.0171556 robobot/cmd/ti alive 2026-04-29 13:58:14.194757
1777463922.0358396 0 0.186 -0.548 1.085 25 3.39 3.50 -0.760 -0.584 0 1.000 1.085 0.5096 2.2980
1777463922.0579712 0 0.186 -0.548 1.085 25 3.39 3.50 -0.760 -0.584 0 1.000 1.085 0.5096 2.2980
1777463922.0859916 0 0.186 -0.548 1.085 25 3.39 3.50 -0.760 -0.584 0 1.000 1.085 0.5096 2.2980
1777463922.1357584 0 0.186 -0.548 1.085 25 3.39 3.50 -0.760 -0.584 0 1.000 1.085 0.5096 2.2980
1777463922.1574955 0 0.186 -0.548 1.085 25 3.39 3.50 -0.760 -0.584 0 1.000 1.085 0.5096 2.2980
1777463922.1867332 0 0.186 -0.548 1.085 25 3.39 3.50 -0.760 -0.584 0 1.000 1.085 0.5096 2.2980
1777463922.2366204 0 0.186 -0.548 1.085 26 3.39 3.50 -0.760 -0.584 0 1.000 1.085 0.5096 2.2980
% 1777463922.2512658 robobot/cmd/ti rc 0 0
1777463922.2583363 0 0.186 -0.548 1.085 26 3.39 3.50 -0.760 -0.584 0 1.000 1.085 0.5096 2.2980
1777463922.2861052 0 0.186 -0.548 1.085 26 3.39 3.50 -0.760 -0.584 0 1.000 1.085 0.5096 2.2980
1777463922.336495 0 0.186 -0.548 1.085 26 3.39 3.50 -0.760 -0.584 0 1.000 1.085 0.5096 2.2980
1777463922.3574648 0 0.186 -0.548 1.085 26 3.39 3.50 -0.760 -0.584 0 1.000 1.085 0.5096 2.2980
1777463922.3861043 0 0.186 -0.548 1.085 26 3.39 3.50 -0.760 -0.584 0 1.000 1.085 0.5096 2.2980
1777463922.436542 0 0.186 -0.548 1.085 26 3.39 3.50 -0.760 -0.584 0 1.000 1.085 0.5096 2.2980
1777463922.4577937 0 0.186 -0.548 1.085 26 3.39 3.50 -0.760 -0.584 0 1.000 1.085 0.5096 2.2980
1777463922.4865665 0 0.186 -0.548 1.085 26 3.39 3.50 -0.760 -0.584 0 1.000 1.085 0.5096 2.2980
% 1777463922.5229192 robobot/cmd/ti alive 2026-04-29 13:58:14.194757
1777463922.5363169 0 0.186 -0.548 1.085 26 3.39 3.50 -0.760 -0.584 0 1.000 1.085 0.5096 2.2980
1777463922.5611615 0 0.186 -0.548 1.085 26 3.39 3.50 -0.760 -0.584 0 1.000 1.085 0.5096 2.2980
1777463922.5866296 0 0.186 -0.548 1.085 26 3.39 3.50 -0.760 -0.584 0 1.000 1.085 0.5096 2.2980
1777463922.6362145 0 0.186 -0.548 1.085 26 3.39 3.50 -0.760 -0.584 0 1.000 1.085 0.5096 2.2980
1777463922.6576807 0 0.186 -0.548 1.085 26 3.39 3.50 -0.760 -0.584 0 1.000 1.085 0.5096 2.2980
1777463922.6864345 0 0.186 -0.548 1.085 26 3.39 3.50 -0.760 -0.584 0 1.000 1.085 0.5096 2.2980
1777463922.7373428 0 0.186 -0.548 1.085 26 3.39 3.50 -0.760 -0.584 0 1.000 1.085 0.5096 2.2980
1777463922.7594767 0 0.186 -0.548 1.085 26 3.39 3.50 -0.760 -0.584 0 1.000 1.085 0.5096 2.2980
1777463922.786956 0 0.186 -0.548 1.085 26 3.39 3.50 -0.760 -0.584 0 1.000 1.085 0.5096 2.2980
% 1777463922.8256865 robobot/cmd/ti rc 0 0.2
1777463922.836459 0 0.186 -0.548 1.085 27 3.39 3.50 -0.760 -0.584 0 1.000 1.085 0.5096 2.2980
1777463922.8582232 0 0.186 -0.548 1.085 27 3.39 3.50 -0.760 -0.584 0 1.000 1.085 0.5096 2.2980
1777463922.8866649 0 0.186 -0.548 1.085 27 3.39 3.50 -0.760 -0.584 0 1.000 1.085 0.5096 2.2980
1777463922.9364882 0 0.186 -0.548 1.087 27 3.39 3.50 -0.760 -0.584 0 1.000 1.087 0.5096 2.3003
1777463922.9583423 0 0.186 -0.548 1.087 27 3.39 3.50 -0.760 -0.584 0 1.000 1.087 0.5096 2.3003
1777463922.9867868 0 0.186 -0.548 1.089 27 3.39 3.50 -0.760 -0.584 0 1.000 1.089 0.5096 2.3026
% 1777463923.0266638 robobot/cmd/ti alive 2026-04-29 13:58:14.194757
1777463923.0362349 0 0.186 -0.549 1.094 27 3.39 3.50 -0.760 -0.584 0 1.000 1.094 0.5096 2.3072
1777463923.057641 0 0.186 -0.549 1.099 27 3.39 3.50 -0.760 -0.584 0 1.000 1.099 0.5094 2.3119
1777463923.0870972 0 0.186 -0.548 1.109 27 3.39 3.50 -0.760 -0.584 0 1.000 1.109 0.5097 2.3223
1777463923.1373553 0 0.186 -0.549 1.118 27 3.39 3.50 -0.760 -0.584 0 1.001 1.118 0.5099 2.3315
1777463923.1582801 0 0.186 -0.549 1.126 27 3.39 3.50 -0.760 -0.584 0 1.001 1.126 0.5098 2.3396
1777463923.1872432 0 0.186 -0.549 1.132 28 3.39 3.50 -0.760 -0.584 0 1.001 1.132 0.5098 2.3454
% 1777463923.2191193 robobot/cmd/ti rc 0 0.2
1777463923.2369478 0 0.186 -0.549 1.141 28 3.39 3.50 -0.760 -0.584 0 1.001 1.141 0.5099 2.3546
1777463923.2584348 0 0.186 -0.549 1.143 28 3.39 3.50 -0.760 -0.584 0 1.001 1.143 0.5099 2.3558
1777463923.2869782 0 0.186 -0.549 1.146 28 3.39 3.50 -0.760 -0.584 0 1.001 1.146 0.5098 2.3593
1777463923.337255 0 0.186 -0.550 1.153 28 3.39 3.50 -0.760 -0.584 0 1.000 1.153 0.5095 2.3662
1777463923.3581364 0 0.186 -0.550 1.157 28 3.39 3.50 -0.760 -0.584 0 1.000 1.157 0.5093 2.3697
1777463923.3865445 0 0.186 -0.549 1.163 28 3.39 3.50 -0.760 -0.584 0 1.000 1.163 0.5093 2.3766
1777463923.436576 0 0.186 -0.549 1.174 28 3.39 3.50 -0.760 -0.584 0 1.000 1.174 0.5097 2.3870
1777463923.4584937 0 0.186 -0.549 1.177 28 3.39 3.50 -0.760 -0.584 0 1.001 1.177 0.5098 2.3905
1777463923.486529 0 0.186 -0.550 1.183 28 3.39 3.50 -0.760 -0.584 0 1.001 1.183 0.5097 2.3963
% 1777463923.5300145 robobot/cmd/ti alive 2026-04-29 13:58:14.194757
1777463923.5377743 0 0.186 -0.549 1.196 28 3.39 3.50 -0.760 -0.584 0 1.000 1.196 0.5094 2.4090
1777463923.5587149 0 0.186 -0.550 1.200 28 3.39 3.50 -0.760 -0.584 0 1.000 1.200 0.5095 2.4136
1777463923.5885725 0 0.186 -0.550 1.203 29 3.39 3.50 -0.760 -0.584 0 1.000 1.203 0.5094 2.4159
% 1777463923.608938 robobot/cmd/ti rc 0 0.2
1777463923.6375027 0 0.186 -0.550 1.214 29 3.39 3.50 -0.760 -0.584 0 1.000 1.214 0.5091 2.4275
1777463923.6583266 0 0.186 -0.550 1.214 29 3.39 3.50 -0.760 -0.584 0 1.000 1.214 0.5093 2.4275
1777463923.6874716 0 0.186 -0.550 1.214 29 3.39 3.50 -0.760 -0.584 0 1.000 1.214 0.5095 2.4275
1777463923.737115 0 0.186 -0.550 1.214 29 3.39 3.50 -0.760 -0.584 0 1.000 1.214 0.5096 2.4275
1777463923.758271 0 0.186 -0.550 1.216 29 3.39 3.50 -0.760 -0.584 0 1.000 1.216 0.5096 2.4287
1777463923.788572 0 0.186 -0.550 1.216 29 3.39 3.50 -0.760 -0.584 0 1.000 1.216 0.5096 2.4287
1777463923.8376637 0 0.186 -0.550 1.217 29 3.39 3.50 -0.760 -0.584 0 1.000 1.217 0.5096 2.4298
1777463923.8580792 0 0.186 -0.550 1.219 29 3.39 3.50 -0.760 -0.584 0 1.000 1.219 0.5096 2.4321
1777463923.887468 0 0.186 -0.550 1.226 29 3.39 3.50 -0.760 -0.584 0 1.000 1.226 0.5096 2.4391
1777463923.9383104 0 0.186 -0.550 1.242 29 3.39 3.50 -0.760 -0.584 0 1.000 1.242 0.5094 2.4553
1777463923.9581676 0 0.186 -0.550 1.248 29 3.39 3.50 -0.760 -0.584 0 1.000 1.248 0.5094 2.4611
1777463923.9901862 0 0.186 -0.550 1.261 30 3.39 3.50 -0.760 -0.584 0 1.000 1.261 0.5094 2.4738
% 1777463924.0336595 robobot/cmd/ti alive 2026-04-29 13:58:14.194757
1777463924.0390007 0 0.185 -0.551 1.270 30 3.39 3.50 -0.760 -0.584 0 1.000 1.270 0.5090 2.4830
1777463924.0587327 0 0.185 -0.551 1.270 30 3.39 3.50 -0.760 -0.584 0 1.000 1.270 0.5089 2.4830
1777463924.088425 0 0.185 -0.551 1.270 30 3.39 3.50 -0.760 -0.584 0 1.000 1.270 0.5088 2.4830
1777463924.1385517 0 0.185 -0.551 1.270 30 3.39 3.50 -0.760 -0.584 0 0.999 1.270 0.5087 2.4830
1777463924.158779 0 0.185 -0.551 1.273 30 3.39 3.50 -0.760 -0.584 0 0.999 1.273 0.5087 2.4865
1777463924.1876795 0 0.186 -0.550 1.278 30 3.39 3.50 -0.760 -0.584 0 1.000 1.278 0.5088 2.4911
1777463924.2378898 0 0.186 -0.550 1.291 30 3.39 3.50 -0.760 -0.584 0 1.000 1.291 0.5092 2.5038
1777463924.258332 0 0.186 -0.551 1.296 30 3.39 3.50 -0.760 -0.584 0 1.000 1.296 0.5092 2.5096
1777463924.2880204 0 0.185 -0.551 1.303 30 3.39 3.50 -0.760 -0.584 0 1.000 1.303 0.5089 2.5166
1777463924.3379922 0 0.185 -0.551 1.316 30 3.39 3.50 -0.760 -0.584 0 1.000 1.316 0.5089 2.5293
1777463924.3590167 0 0.185 -0.551 1.318 30 3.39 3.50 -0.760 -0.584 0 1.000 1.318 0.5089 2.5316
1777463924.3880613 0 0.185 -0.551 1.320 30 3.39 3.50 -0.760 -0.584 0 1.000 1.320 0.5087 2.5328
1777463924.438468 0 0.185 -0.551 1.328 30 3.39 3.50 -0.760 -0.584 0 0.999 1.328 0.5086 2.5409
% 1777463924.4478092 robobot/cmd/ti rc 0 0.2
1777463924.459511 0 0.185 -0.551 1.330 30 3.39 3.50 -0.760 -0.584 0 0.999 1.330 0.5085 2.5432
1777463924.4895144 0 0.185 -0.551 1.333 30 3.39 3.50 -0.760 -0.584 0 0.999 1.333 0.5086 2.5466
% 1777463924.535585 robobot/cmd/ti alive 2026-04-29 13:58:14.194757
1777463924.5392985 0 0.185 -0.551 1.339 30 3.39 3.50 -0.760 -0.584 0 0.999 1.339 0.5087 2.5524
1777463924.5589783 0 0.185 -0.551 1.341 30 3.39 3.50 -0.760 -0.584 0 0.999 1.341 0.5087 2.5547
1777463924.5886896 0 0.185 -0.551 1.351 30 3.39 3.50 -0.760 -0.584 0 1.000 1.351 0.5088 2.5640
1777463924.6388376 0 0.185 -0.551 1.366 30 3.39 3.50 -0.760 -0.584 0 0.999 1.366 0.5087 2.5790
1777463924.659359 0 0.185 -0.551 1.368 30 3.39 3.50 -0.760 -0.584 0 0.999 1.368 0.5086 2.5813
1777463924.6890788 0 0.185 -0.551 1.380 30 3.39 3.50 -0.760 -0.584 0 1.000 1.380 0.5088 2.5929
1777463924.7389529 0 0.185 -0.551 1.388 30 3.39 3.50 -0.760 -0.584 0 0.999 1.388 0.5086 2.6010
1777463924.7594829 0 0.185 -0.551 1.390 30 3.39 3.50 -0.760 -0.584 0 0.999 1.390 0.5084 2.6033
1777463924.7898252 0 0.185 -0.551 1.399 31 3.39 3.50 -0.760 -0.584 0 0.999 1.399 0.5085 2.6126
% 1777463924.8160427 robobot/cmd/ti rc 0 0.2
1777463924.8391547 0 0.186 -0.550 1.403 31 3.39 3.50 -0.760 -0.584 0 1.000 1.403 0.5090 2.6160
1777463924.8595116 0 0.186 -0.550 1.405 31 3.39 3.50 -0.760 -0.584 0 1.000 1.405 0.5090 2.6183
1777463924.8885896 0 0.185 -0.551 1.413 31 3.39 3.50 -0.760 -0.584 0 1.000 1.413 0.5090 2.6264
1777463924.9393482 0 0.185 -0.551 1.421 31 3.39 3.50 -0.760 -0.584 0 0.999 1.421 0.5085 2.6345
1777463924.9590437 0 0.185 -0.551 1.423 31 3.39 3.50 -0.760 -0.584 0 0.999 1.423 0.5084 2.6357
1777463924.9895287 0 0.185 -0.550 1.426 31 3.39 3.50 -0.760 -0.584 0 0.999 1.426 0.5084 2.6392
% 1777463925.0374374 robobot/cmd/ti alive 2026-04-29 13:58:14.194757
1777463925.0394073 0 0.186 -0.550 1.433 31 3.39 3.50 -0.760 -0.584 0 0.999 1.433 0.5086 2.6461
1777463925.0586545 0 0.186 -0.550 1.434 31 3.39 3.50 -0.760 -0.584 0 0.999 1.434 0.5087 2.6473
1777463925.0897288 0 0.186 -0.550 1.439 31 3.39 3.50 -0.760 -0.584 0 1.000 1.439 0.5091 2.6519
1777463925.1397712 0 0.186 -0.550 1.448 31 3.39 3.50 -0.760 -0.584 0 0.999 1.448 0.5087 2.6611
1777463925.1594203 0 0.186 -0.550 1.449 31 3.39 3.50 -0.760 -0.584 0 0.999 1.449 0.5085 2.6623
1777463925.190067 0 0.185 -0.551 1.457 32 3.39 3.50 -0.760 -0.584 0 0.999 1.457 0.5085 2.6704
% 1777463925.2198777 robobot/cmd/ti rc 0 0.2
1777463925.2401211 0 0.186 -0.550 1.463 32 3.39 3.50 -0.760 -0.584 0 0.999 1.463 0.5082 2.6762
1777463925.2590294 0 0.186 -0.550 1.465 32 3.39 3.50 -0.760 -0.584 0 0.999 1.465 0.5082 2.6785
1777463925.2901251 0 0.186 -0.550 1.470 32 3.39 3.50 -0.760 -0.584 0 0.999 1.470 0.5084 2.6831
1777463925.3399217 0 0.186 -0.550 1.479 32 3.39 3.50 -0.760 -0.584 0 0.999 1.479 0.5087 2.6924
1777463925.3594189 0 0.186 -0.550 1.483 32 3.39 3.50 -0.760 -0.584 0 0.999 1.483 0.5083 2.6958
1777463925.389984 0 0.186 -0.550 1.486 32 3.39 3.50 -0.760 -0.584 0 0.999 1.486 0.5081 2.6993
1777463925.4405556 0 0.186 -0.550 1.492 32 3.39 3.50 -0.760 -0.584 0 0.999 1.492 0.5078 2.7051
1777463925.4598978 0 0.186 -0.550 1.493 32 3.39 3.50 -0.760 -0.584 0 0.999 1.493 0.5078 2.7062
1777463925.4904797 0 0.186 -0.550 1.499 32 3.39 3.50 -0.760 -0.584 0 0.999 1.499 0.5079 2.7120
% 1777463925.539718 robobot/cmd/ti alive 2026-04-29 13:58:14.194757
1777463925.5402987 0 0.186 -0.550 1.515 32 3.39 3.50 -0.760 -0.584 0 0.999 1.515 0.5084 2.7282
1777463925.5596523 0 0.186 -0.550 1.516 32 3.39 3.50 -0.760 -0.584 0 0.999 1.516 0.5083 2.7294
1777463925.5914109 0 0.186 -0.550 1.527 33 3.39 3.50 -0.760 -0.584 0 0.999 1.527 0.5082 2.7398
% 1777463925.6113157 robobot/cmd/ti rc 0 0
1777463925.6404345 0 0.186 -0.550 1.530 33 3.39 3.50 -0.760 -0.584 0 0.999 1.530 0.5087 2.7432
1777463925.6599154 0 0.186 -0.550 1.529 33 3.39 3.50 -0.760 -0.584 0 0.999 1.529 0.5086 2.7421
1777463925.6907153 0 0.186 -0.550 1.527 33 3.39 3.50 -0.760 -0.584 0 0.999 1.527 0.5082 2.7398
1777463925.7412462 0 0.186 -0.550 1.527 33 3.39 3.50 -0.760 -0.584 0 0.999 1.527 0.5078 2.7398
1777463925.7594466 0 0.186 -0.550 1.527 33 3.39 3.50 -0.760 -0.584 0 0.998 1.527 0.5077 2.7398
1777463925.7904081 0 0.186 -0.550 1.525 33 3.39 3.50 -0.760 -0.584 0 0.998 1.525 0.5075 2.7386
1777463925.8414488 0 0.186 -0.550 1.527 33 3.39 3.50 -0.760 -0.584 0 0.998 1.527 0.5074 2.7398
1777463925.8590758 0 0.186 -0.550 1.527 33 3.39 3.50 -0.760 -0.584 0 0.998 1.527 0.5074 2.7398
1777463925.8909898 0 0.186 -0.550 1.527 33 3.39 3.50 -0.760 -0.584 0 0.998 1.527 0.5074 2.7398
1777463925.9405468 0 0.186 -0.550 1.527 33 3.39 3.50 -0.760 -0.584 0 0.998 1.527 0.5074 2.7398
1777463925.9591143 0 0.186 -0.550 1.527 33 3.39 3.50 -0.760 -0.584 0 0.998 1.527 0.5074 2.7398
1777463925.9914637 0 0.186 -0.550 1.527 33 3.39 3.50 -0.760 -0.584 0 0.998 1.527 0.5074 2.7398
1777463926.0409267 0 0.186 -0.550 1.527 33 3.39 3.50 -0.760 -0.584 0 0.998 1.527 0.5074 2.7398
% 1777463926.0416944 robobot/cmd/ti alive 2026-04-29 13:58:14.194757
1777463926.0589726 0 0.186 -0.550 1.527 33 3.39 3.50 -0.760 -0.584 0 0.998 1.527 0.5074 2.7398
1777463926.0909925 0 0.186 -0.550 1.527 33 3.39 3.50 -0.760 -0.584 0 0.998 1.527 0.5074 2.7398
1777463926.1408043 0 0.186 -0.550 1.527 33 3.39 3.50 -0.760 -0.584 0 0.998 1.527 0.5075 2.7398
1777463926.1590412 0 0.186 -0.550 1.527 33 3.39 3.50 -0.760 -0.584 0 0.998 1.527 0.5075 2.7398
1777463926.191269 0 0.186 -0.550 1.527 33 3.39 3.50 -0.760 -0.584 0 0.998 1.527 0.5075 2.7398
1777463926.2410567 0 0.186 -0.550 1.527 33 3.39 3.50 -0.760 -0.584 0 0.998 1.527 0.5075 2.7398
1777463926.2592769 0 0.186 -0.550 1.527 33 3.39 3.50 -0.760 -0.584 0 0.998 1.527 0.5075 2.7398
1777463926.2911344 0 0.186 -0.550 1.527 33 3.39 3.50 -0.760 -0.584 0 0.998 1.527 0.5076 2.7398
1777463926.3418505 0 0.186 -0.550 1.527 33 3.39 3.50 -0.760 -0.584 0 0.998 1.527 0.5076 2.7398
1777463926.3600087 0 0.186 -0.550 1.527 33 3.39 3.50 -0.760 -0.584 0 0.998 1.527 0.5076 2.7398
1777463926.3922246 0 0.186 -0.550 1.527 34 3.39 3.50 -0.760 -0.584 0 0.998 1.527 0.5076 2.7398
% 1777463926.4127116 robobot/cmd/ti rc 0 -0.2
1777463926.4418178 0 0.186 -0.550 1.525 34 3.39 3.50 -0.760 -0.584 0 0.998 1.525 0.5076 2.7386
1777463926.459804 0 0.186 -0.550 1.525 34 3.39 3.50 -0.760 -0.584 0 0.998 1.525 0.5076 2.7386
1777463926.4923663 0 0.186 -0.550 1.523 34 3.39 3.50 -0.760 -0.584 0 0.998 1.523 0.5076 2.7363
1777463926.5420156 0 0.186 -0.550 1.522 34 3.39 3.50 -0.760 -0.584 0 0.998 1.522 0.5076 2.7352
% 1777463926.5452297 robobot/cmd/ti alive 2026-04-29 13:58:14.194757
1777463926.5596013 0 0.186 -0.550 1.522 34 3.39 3.50 -0.760 -0.584 0 0.998 1.522 0.5076 2.7352
1777463926.5920177 0 0.186 -0.549 1.518 34 3.39 3.50 -0.760 -0.584 0 0.998 1.518 0.5076 2.7317
1777463926.6425812 0 0.186 -0.549 1.509 34 3.39 3.50 -0.760 -0.584 0 0.999 1.509 0.5081 2.7224
1777463926.659226 0 0.186 -0.549 1.506 34 3.39 3.50 -0.760 -0.584 0 0.999 1.506 0.5084 2.7190
1777463926.6923888 0 0.186 -0.549 1.495 34 3.39 3.50 -0.760 -0.584 0 0.999 1.495 0.5083 2.7086
1777463926.7415452 0 0.186 -0.549 1.486 34 3.39 3.50 -0.760 -0.584 0 0.999 1.486 0.5082 2.6993
1777463926.759981 0 0.186 -0.549 1.483 34 3.39 3.50 -0.760 -0.584 0 0.999 1.483 0.5082 2.6958
1777463926.7940495 0 0.186 -0.549 1.480 35 3.39 3.50 -0.760 -0.584 0 0.999 1.480 0.5082 2.6935
% 1777463926.819165 robobot/cmd/ti rc 0 0
1777463926.8419886 0 0.186 -0.549 1.466 35 3.39 3.50 -0.760 -0.584 0 0.999 1.466 0.5082 2.6796
1777463926.8595023 0 0.186 -0.549 1.468 35 3.39 3.50 -0.760 -0.584 0 0.999 1.468 0.5079 2.6808
1777463926.8925712 0 0.186 -0.549 1.468 35 3.39 3.50 -0.760 -0.584 0 0.998 1.468 0.5076 2.6808
1777463926.9425738 0 0.186 -0.549 1.466 35 3.39 3.50 -0.760 -0.584 0 0.998 1.466 0.5074 2.6796
1777463926.9599547 0 0.186 -0.549 1.466 35 3.39 3.50 -0.760 -0.584 0 0.998 1.466 0.5074 2.6796
1777463926.9923983 0 0.186 -0.549 1.466 35 3.39 3.50 -0.760 -0.584 0 0.998 1.466 0.5073 2.6796
1777463927.0423086 0 0.186 -0.549 1.466 35 3.39 3.50 -0.760 -0.584 0 0.998 1.466 0.5072 2.6796
% 1777463927.0487633 robobot/cmd/ti alive 2026-04-29 13:58:14.194757
1777463927.059871 0 0.186 -0.549 1.466 35 3.39 3.50 -0.760 -0.584 0 0.998 1.466 0.5072 2.6796
1777463927.0919735 0 0.186 -0.549 1.466 35 3.39 3.50 -0.760 -0.584 0 0.998 1.466 0.5072 2.6796
1777463927.142875 0 0.186 -0.549 1.466 35 3.39 3.50 -0.760 -0.584 0 0.998 1.466 0.5071 2.6796
1777463927.1599393 0 0.186 -0.549 1.466 35 3.39 3.50 -0.760 -0.584 0 0.998 1.466 0.5071 2.6796
1777463927.1924155 0 0.186 -0.549 1.466 35 3.39 3.50 -0.760 -0.584 0 0.998 1.466 0.5071 2.6796
1777463927.2425275 0 0.186 -0.549 1.466 35 3.39 3.50 -0.760 -0.584 0 0.998 1.466 0.5071 2.6796
1777463927.2593725 0 0.186 -0.549 1.466 35 3.39 3.50 -0.760 -0.584 0 0.998 1.466 0.5070 2.6796
1777463927.2930217 0 0.186 -0.549 1.466 35 3.39 3.50 -0.760 -0.584 0 0.998 1.466 0.5070 2.6796
1777463927.3428755 0 0.186 -0.549 1.466 35 3.39 3.50 -0.760 -0.584 0 0.998 1.466 0.5070 2.6796
1777463927.3593037 0 0.186 -0.549 1.466 35 3.39 3.50 -0.760 -0.584 0 0.998 1.466 0.5070 2.6796
1777463927.3928213 0 0.186 -0.549 1.466 36 3.39 3.50 -0.760 -0.584 0 0.998 1.466 0.5070 2.6796
% 1777463927.4117293 robobot/cmd/ti rc 0 0.2
1777463927.442921 0 0.186 -0.549 1.466 36 3.39 3.50 -0.760 -0.584 0 0.998 1.466 0.5070 2.6796
1777463927.4596987 0 0.186 -0.549 1.468 36 3.39 3.50 -0.760 -0.584 0 0.998 1.468 0.5070 2.6808
1777463927.4931545 0 0.186 -0.549 1.468 36 3.39 3.50 -0.760 -0.584 0 0.998 1.468 0.5070 2.6808
1777463927.5431314 0 0.186 -0.549 1.470 36 3.39 3.50 -0.760 -0.584 0 0.998 1.470 0.5070 2.6831
% 1777463927.5520344 robobot/cmd/ti alive 2026-04-29 13:58:14.194757
1777463927.5599337 0 0.186 -0.549 1.470 36 3.39 3.50 -0.760 -0.584 0 0.998 1.470 0.5070 2.6831
1777463927.5927613 0 0.186 -0.549 1.474 36 3.39 3.50 -0.760 -0.584 0 0.998 1.474 0.5070 2.6877
1777463927.6438975 0 0.186 -0.549 1.488 36 3.39 3.50 -0.760 -0.584 0 0.998 1.488 0.5070 2.7016
1777463927.660072 0 0.186 -0.549 1.492 36 3.39 3.50 -0.760 -0.584 0 0.998 1.492 0.5070 2.7051
1777463927.6929648 0 0.186 -0.550 1.500 36 3.39 3.50 -0.760 -0.584 0 0.998 1.500 0.5070 2.7132
1777463927.7438438 0 0.186 -0.550 1.517 36 3.39 3.50 -0.760 -0.584 0 0.998 1.517 0.5070 2.7305
1777463927.7606223 0 0.186 -0.549 1.523 36 3.39 3.50 -0.760 -0.584 0 0.998 1.523 0.5069 2.7363
1777463927.7940109 0 0.186 -0.549 1.530 36 3.39 3.50 -0.760 -0.584 0 0.998 1.530 0.5070 2.7432
1777463927.8439317 0 0.186 -0.549 1.535 37 3.39 3.50 -0.760 -0.584 0 0.998 1.535 0.5070 2.7479
% 1777463927.8474286 robobot/cmd/ti rc 0 0
1777463927.8597174 0 0.186 -0.549 1.536 37 3.39 3.50 -0.760 -0.584 0 0.998 1.536 0.5070 2.7490
1777463927.894492 0 0.186 -0.549 1.535 37 3.39 3.50 -0.760 -0.584 0 0.998 1.535 0.5072 2.7479
1777463927.9442985 0 0.186 -0.549 1.532 37 3.39 3.50 -0.760 -0.584 0 0.998 1.532 0.5075 2.7456
1777463927.9597757 0 0.186 -0.549 1.532 37 3.39 3.50 -0.760 -0.584 0 0.998 1.532 0.5075 2.7456
1777463927.9943213 0 0.186 -0.549 1.532 37 3.39 3.50 -0.760 -0.584 0 0.998 1.532 0.5077 2.7456
1777463928.0444713 0 0.186 -0.549 1.532 37 3.39 3.50 -0.760 -0.584 0 0.999 1.532 0.5078 2.7456
% 1777463928.0605016 robobot/cmd/ti alive 2026-04-29 13:58:14.194757
1777463928.0620306 0 0.186 -0.549 1.532 37 3.39 3.50 -0.760 -0.584 0 0.999 1.532 0.5078 2.7456
1777463928.094256 0 0.186 -0.549 1.532 37 3.39 3.50 -0.760 -0.584 0 0.999 1.532 0.5079 2.7456
1777463928.1447332 0 0.186 -0.549 1.532 37 3.39 3.50 -0.760 -0.584 0 0.999 1.532 0.5080 2.7456
1777463928.160576 0 0.186 -0.549 1.532 37 3.39 3.50 -0.760 -0.584 0 0.999 1.532 0.5080 2.7456
1777463928.195167 0 0.186 -0.549 1.532 37 3.39 3.50 -0.760 -0.584 0 0.999 1.532 0.5080 2.7456
1777463928.2445762 0 0.186 -0.549 1.532 37 3.39 3.50 -0.760 -0.584 0 0.999 1.532 0.5080 2.7456
1777463928.2604473 0 0.186 -0.549 1.532 37 3.39 3.50 -0.760 -0.584 0 0.999 1.532 0.5080 2.7456
1777463928.294345 0 0.186 -0.549 1.532 37 3.39 3.50 -0.760 -0.584 0 0.999 1.532 0.5080 2.7456
1777463928.345083 0 0.186 -0.549 1.532 37 3.39 3.50 -0.760 -0.584 0 0.999 1.532 0.5080 2.7456
1777463928.361067 0 0.186 -0.549 1.532 37 3.39 3.50 -0.760 -0.584 0 0.999 1.532 0.5080 2.7456
1777463928.3955142 0 0.186 -0.549 1.532 37 3.39 3.50 -0.760 -0.584 0 0.999 1.532 0.5080 2.7456
1777463928.4449384 0 0.186 -0.549 1.532 37 3.39 3.50 -0.760 -0.584 0 0.999 1.532 0.5080 2.7456
1777463928.4604864 0 0.186 -0.549 1.532 37 3.39 3.50 -0.760 -0.584 0 0.999 1.532 0.5080 2.7456
1777463928.4948533 0 0.186 -0.549 1.532 37 3.39 3.50 -0.760 -0.584 0 0.999 1.532 0.5080 2.7456
% 1777463928.6220422 robobot/cmd/ti alive 2026-04-29 13:58:14.194757
1777463928.6238964 0 0.186 -0.549 1.532 38 3.39 3.50 -0.760 -0.584 0 0.999 1.532 0.5080 2.7456
1777463928.625281 0 0.186 -0.549 1.532 38 3.39 3.50 -0.760 -0.584 0 0.999 1.532 0.5080 2.7456
1777463928.628515 0 0.186 -0.549 1.532 38 3.39 3.50 -0.760 -0.584 0 0.999 1.532 0.5080 2.7456
1777463928.6454406 0 0.186 -0.549 1.532 38 3.39 3.50 -0.760 -0.584 0 0.999 1.532 0.5080 2.7456
1777463928.6606166 0 0.186 -0.549 1.532 38 3.39 3.50 -0.760 -0.584 0 0.999 1.532 0.5080 2.7456
% 1777463928.6634624 robobot/cmd/ti rc 0 -0.2
1777463928.6953726 0 0.186 -0.549 1.532 38 3.39 3.50 -0.760 -0.584 0 0.999 1.532 0.5080 2.7456
1777463928.744815 0 0.186 -0.549 1.531 38 3.39 3.50 -0.760 -0.584 0 0.999 1.531 0.5080 2.7444
1777463928.7604177 0 0.186 -0.549 1.531 38 3.39 3.50 -0.760 -0.584 0 0.999 1.531 0.5080 2.7444
1777463928.7955012 0 0.186 -0.549 1.528 38 3.39 3.50 -0.760 -0.584 0 0.999 1.528 0.5080 2.7409
1777463928.8445897 0 0.186 -0.548 1.520 38 3.39 3.50 -0.760 -0.584 0 0.999 1.520 0.5085 2.7328
1777463928.860143 0 0.186 -0.548 1.516 38 3.39 3.50 -0.760 -0.584 0 0.999 1.516 0.5087 2.7294
1777463928.8947947 0 0.186 -0.548 1.510 38 3.39 3.50 -0.760 -0.584 0 0.999 1.510 0.5085 2.7236
1777463928.9452872 0 0.186 -0.548 1.505 38 3.39 3.50 -0.760 -0.584 0 0.999 1.505 0.5087 2.7178
1777463928.9602473 0 0.186 -0.548 1.503 38 3.39 3.50 -0.760 -0.584 0 1.000 1.503 0.5088 2.7166
1777463928.9955611 0 0.186 -0.549 1.496 39 3.39 3.50 -0.760 -0.584 0 0.999 1.496 0.5084 2.7097
% 1777463929.0115683 robobot/cmd/ti rc 0 -0.2
1777463929.044852 0 0.186 -0.549 1.488 39 3.39 3.50 -0.760 -0.584 0 0.999 1.488 0.5081 2.7016
1777463929.0597296 0 0.186 -0.549 1.487 39 3.39 3.50 -0.760 -0.584 0 0.999 1.487 0.5080 2.7005
1777463929.095343 0 0.186 -0.549 1.480 39 3.39 3.50 -0.760 -0.584 0 0.999 1.480 0.5078 2.6935
% 1777463929.1246436 robobot/cmd/ti alive 2026-04-29 13:58:14.194757
1777463929.1455662 0 0.186 -0.548 1.470 39 3.39 3.50 -0.760 -0.584 0 0.999 1.470 0.5083 2.6831
1777463929.1609223 0 0.186 -0.548 1.466 39 3.39 3.50 -0.760 -0.584 0 0.999 1.466 0.5084 2.6796
1777463929.1964211 0 0.186 -0.548 1.456 39 3.39 3.50 -0.760 -0.584 0 0.999 1.456 0.5081 2.6692
1777463929.246448 0 0.186 -0.549 1.453 39 3.39 3.50 -0.760 -0.584 0 0.999 1.453 0.5079 2.6658
1777463929.261061 0 0.186 -0.549 1.451 39 3.39 3.50 -0.760 -0.584 0 0.999 1.451 0.5079 2.6646
1777463929.2964191 0 0.186 -0.548 1.447 39 3.39 3.50 -0.760 -0.584 0 0.999 1.447 0.5078 2.6600
1777463929.3461826 0 0.186 -0.548 1.442 39 3.39 3.50 -0.760 -0.584 0 0.999 1.442 0.5081 2.6554
1777463929.3620083 0 0.186 -0.548 1.441 39 3.39 3.50 -0.760 -0.584 0 0.999 1.441 0.5082 2.6542
1777463929.396258 0 0.186 -0.547 1.438 40 3.39 3.50 -0.760 -0.584 0 0.999 1.438 0.5084 2.6507
% 1777463929.4222903 robobot/cmd/ti rc 0 -0.2
1777463929.4464223 0 0.186 -0.547 1.431 40 3.39 3.50 -0.760 -0.584 0 1.000 1.431 0.5087 2.6438
1777463929.4612012 0 0.186 -0.547 1.428 40 3.39 3.50 -0.760 -0.584 0 1.000 1.428 0.5089 2.6415
1777463929.4960172 0 0.186 -0.547 1.419 40 3.39 3.50 -0.760 -0.584 0 1.000 1.419 0.5088 2.6322
1777463929.546587 0 0.186 -0.547 1.407 40 3.39 3.50 -0.760 -0.584 0 0.999 1.407 0.5086 2.6207
1777463929.5614645 0 0.186 -0.547 1.406 40 3.39 3.50 -0.760 -0.584 0 0.999 1.406 0.5085 2.6195
1777463929.5964904 0 0.186 -0.547 1.403 40 3.39 3.50 -0.760 -0.584 0 0.999 1.403 0.5086 2.6160
% 1777463929.6280613 robobot/cmd/ti alive 2026-04-29 13:58:14.194757
1777463929.6470418 0 0.186 -0.547 1.394 40 3.39 3.50 -0.760 -0.584 0 1.000 1.394 0.5088 2.6068
1777463929.6605184 0 0.186 -0.547 1.391 40 3.39 3.50 -0.760 -0.584 0 0.999 1.391 0.5086 2.6045
1777463929.6963508 0 0.186 -0.547 1.387 40 3.39 3.50 -0.760 -0.584 0 0.999 1.387 0.5084 2.5998
1777463929.7457862 0 0.186 -0.547 1.375 40 3.39 3.50 -0.760 -0.584 0 0.999 1.375 0.5085 2.5883
1777463929.7612357 0 0.186 -0.547 1.373 40 3.39 3.50 -0.760 -0.584 0 0.999 1.373 0.5085 2.5860
1777463929.7995965 0 0.186 -0.546 1.366 41 3.39 3.50 -0.760 -0.584 0 0.999 1.366 0.5087 2.5790
% 1777463929.8180008 robobot/cmd/ti rc 0 -0.2
1777463929.8468938 0 0.186 -0.546 1.362 41 3.39 3.50 -0.760 -0.584 0 1.000 1.362 0.5091 2.5755
1777463929.8608217 0 0.186 -0.546 1.361 41 3.39 3.50 -0.760 -0.584 0 1.000 1.361 0.5091 2.5744
1777463929.8971121 0 0.186 -0.546 1.354 41 3.39 3.50 -0.760 -0.584 0 1.000 1.354 0.5094 2.5675
1777463929.9474711 0 0.186 -0.546 1.346 41 3.39 3.50 -0.760 -0.584 0 1.000 1.346 0.5094 2.5594
1777463929.9612715 0 0.186 -0.546 1.345 41 3.39 3.50 -0.760 -0.584 0 1.000 1.345 0.5094 2.5582
1777463929.9965734 0 0.186 -0.546 1.331 41 3.39 3.50 -0.760 -0.584 0 1.000 1.331 0.5091 2.5443
1777463930.0472546 0 0.186 -0.547 1.318 41 3.39 3.50 -0.760 -0.584 0 1.000 1.318 0.5088 2.5316
1777463930.0608697 0 0.186 -0.547 1.315 41 3.39 3.50 -0.760 -0.584 0 0.999 1.315 0.5085 2.5281
1777463930.0975783 0 0.186 -0.547 1.310 41 3.39 3.50 -0.760 -0.584 0 0.999 1.310 0.5080 2.5235
% 1777463930.1299717 robobot/cmd/ti alive 2026-04-29 13:58:14.194757
1777463930.1470275 0 0.186 -0.547 1.310 41 3.39 3.50 -0.760 -0.584 0 0.999 1.310 0.5079 2.5235
1777463930.1612256 0 0.186 -0.547 1.310 41 3.39 3.50 -0.760 -0.584 0 0.999 1.310 0.5079 2.5235
1777463930.1993287 0 0.186 -0.547 1.310 42 3.39 3.50 -0.760 -0.584 0 0.999 1.310 0.5080 2.5235
% 1777463930.2149427 robobot/cmd/ti rc 0 -0.2
1777463930.247149 0 0.186 -0.547 1.308 42 3.39 3.50 -0.760 -0.584 0 0.999 1.308 0.5080 2.5212
1777463930.261501 0 0.186 -0.547 1.308 42 3.39 3.50 -0.760 -0.584 0 0.999 1.308 0.5080 2.5212
1777463930.2973566 0 0.186 -0.546 1.301 42 3.39 3.50 -0.760 -0.584 0 0.999 1.301 0.5081 2.5143
1777463930.3476894 0 0.186 -0.546 1.290 42 3.39 3.50 -0.760 -0.584 0 1.000 1.290 0.5088 2.5027
1777463930.3615596 0 0.186 -0.546 1.286 42 3.39 3.50 -0.760 -0.584 0 1.000 1.286 0.5091 2.4992
1777463930.397527 0 0.186 -0.546 1.272 42 3.39 3.50 -0.760 -0.584 0 1.000 1.272 0.5093 2.4853
1777463930.4473789 0 0.186 -0.546 1.261 42 3.39 3.50 -0.760 -0.584 0 1.000 1.261 0.5090 2.4738
1777463930.461116 0 0.186 -0.546 1.256 42 3.39 3.50 -0.760 -0.584 0 1.000 1.256 0.5089 2.4691
1777463930.497853 0 0.186 -0.546 1.251 42 3.39 3.50 -0.760 -0.584 0 0.999 1.251 0.5085 2.4645
1777463930.5477555 0 0.186 -0.547 1.246 42 3.39 3.50 -0.760 -0.584 0 0.999 1.246 0.5082 2.4587
1777463930.561311 0 0.186 -0.547 1.246 42 3.39 3.50 -0.760 -0.584 0 0.999 1.246 0.5081 2.4587
1777463930.5986655 0 0.186 -0.546 1.242 43 3.39 3.50 -0.760 -0.584 0 0.999 1.242 0.5080 2.4553
% 1777463930.62354 robobot/cmd/ti rc 0 0
% 1777463930.6334605 robobot/cmd/ti alive 2026-04-29 13:58:14.194757
1777463930.6621566 0 0.186 -0.546 1.243 43 3.39 3.50 -0.760 -0.584 0 0.999 1.243 0.5079 2.4564
1777463930.6635756 0 0.186 -0.546 1.243 43 3.39 3.50 -0.760 -0.584 0 0.999 1.243 0.5079 2.4564
1777463930.6978238 0 0.186 -0.546 1.244 43 3.39 3.50 -0.760 -0.584 0 0.999 1.244 0.5079 2.4576
1777463930.7481174 0 0.186 -0.546 1.243 43 3.39 3.50 -0.760 -0.584 0 0.999 1.243 0.5079 2.4564
1777463930.761132 0 0.186 -0.546 1.243 43 3.39 3.50 -0.760 -0.584 0 0.999 1.243 0.5078 2.4564
1777463930.7980158 0 0.186 -0.546 1.243 43 3.39 3.50 -0.760 -0.584 0 0.999 1.243 0.5078 2.4564
1777463930.8475292 0 0.186 -0.546 1.244 43 3.39 3.50 -0.760 -0.584 0 0.998 1.244 0.5077 2.4576
1777463930.8607478 0 0.186 -0.546 1.244 43 3.39 3.50 -0.760 -0.584 0 0.998 1.244 0.5077 2.4576
1777463930.8985424 0 0.186 -0.546 1.244 43 3.39 3.50 -0.760 -0.584 0 0.998 1.244 0.5077 2.4576
1777463930.947948 0 0.186 -0.546 1.244 43 3.39 3.50 -0.760 -0.584 0 0.998 1.244 0.5077 2.4576
1777463930.9616508 0 0.186 -0.546 1.244 43 3.39 3.50 -0.760 -0.584 0 0.998 1.244 0.5077 2.4576
1777463930.9983773 0 0.186 -0.546 1.244 43 3.39 3.50 -0.760 -0.584 0 0.998 1.244 0.5076 2.4576
1777463931.0486465 0 0.186 -0.546 1.244 43 3.39 3.50 -0.760 -0.584 0 0.998 1.244 0.5076 2.4576
1777463931.0617115 0 0.186 -0.546 1.244 43 3.39 3.50 -0.760 -0.584 0 0.998 1.244 0.5076 2.4576
1777463931.098362 0 0.186 -0.546 1.244 43 3.39 3.50 -0.760 -0.584 0 0.998 1.244 0.5076 2.4576
% 1777463931.1361644 robobot/cmd/ti alive 2026-04-29 13:58:14.194757
1777463931.1482277 0 0.186 -0.546 1.244 43 3.39 3.50 -0.760 -0.584 0 0.998 1.244 0.5076 2.4576
1777463931.1623735 0 0.186 -0.546 1.244 43 3.39 3.50 -0.760 -0.584 0 0.998 1.244 0.5076 2.4576
1777463931.1989317 0 0.186 -0.546 1.244 44 3.39 3.50 -0.760 -0.584 0 0.998 1.244 0.5075 2.4576
% 1777463931.2159696 robobot/cmd/ti rc 0 0.2
1777463931.2493546 0 0.186 -0.546 1.244 44 3.39 3.50 -0.760 -0.584 0 0.998 1.244 0.5075 2.4576
1777463931.2617445 0 0.186 -0.546 1.244 44 3.39 3.50 -0.760 -0.584 0 0.998 1.244 0.5075 2.4576
1777463931.2993302 0 0.186 -0.546 1.246 44 3.39 3.50 -0.760 -0.584 0 0.998 1.246 0.5075 2.4587
1777463931.3494196 0 0.186 -0.547 1.251 44 3.39 3.50 -0.760 -0.584 0 0.998 1.251 0.5074 2.4645
1777463931.3620212 0 0.186 -0.547 1.252 44 3.39 3.50 -0.760 -0.584 0 0.998 1.252 0.5073 2.4657
1777463931.3993688 0 0.186 -0.547 1.258 44 3.39 3.50 -0.760 -0.584 0 0.998 1.258 0.5070 2.4715
1777463931.4500191 0 0.186 -0.547 1.264 44 3.39 3.50 -0.760 -0.584 0 0.998 1.264 0.5070 2.4772
1777463931.4621258 0 0.186 -0.547 1.265 44 3.39 3.50 -0.760 -0.584 0 0.998 1.265 0.5070 2.4784
1777463931.499021 0 0.186 -0.547 1.269 44 3.39 3.50 -0.760 -0.584 0 0.998 1.269 0.5071 2.4819
1777463931.5492718 0 0.186 -0.547 1.274 44 3.39 3.50 -0.760 -0.584 0 0.998 1.274 0.5068 2.4877
1777463931.561578 0 0.186 -0.547 1.276 44 3.39 3.50 -0.760 -0.584 0 0.997 1.276 0.5067 2.4888
1777463931.5997412 0 0.186 -0.547 1.285 45 3.39 3.50 -0.760 -0.584 0 0.997 1.285 0.5066 2.4981
% 1777463931.606394 robobot/cmd/ti rc 0 0.2
% 1777463931.6392627 robobot/cmd/ti alive 2026-04-29 13:58:14.194757
1777463931.6496737 0 0.186 -0.547 1.301 45 3.39 3.50 -0.760 -0.584 0 0.997 1.301 0.5066 2.5143
1777463931.661518 0 0.186 -0.547 1.302 45 3.39 3.50 -0.760 -0.584 0 0.997 1.302 0.5067 2.5154
1777463931.698714 0 0.186 -0.547 1.315 45 3.39 3.50 -0.760 -0.584 0 0.998 1.315 0.5069 2.5281
1777463931.7503138 0 0.186 -0.547 1.324 45 3.39 3.50 -0.760 -0.584 0 0.998 1.324 0.5073 2.5374
1777463931.7612932 0 0.186 -0.546 1.325 45 3.39 3.50 -0.760 -0.584 0 0.998 1.325 0.5074 2.5385
1777463931.7999098 0 0.186 -0.547 1.329 45 3.39 3.50 -0.760 -0.584 0 0.998 1.329 0.5075 2.5420
1777463931.8498669 0 0.186 -0.547 1.335 45 3.39 3.50 -0.760 -0.584 0 0.998 1.335 0.5074 2.5478
1777463931.861146 0 0.186 -0.547 1.337 45 3.39 3.50 -0.760 -0.584 0 0.998 1.337 0.5073 2.5501
1777463931.8995855 0 0.186 -0.547 1.346 45 3.39 3.50 -0.760 -0.584 0 0.998 1.346 0.5073 2.5594
1777463931.9496355 0 0.186 -0.547 1.350 45 3.39 3.50 -0.760 -0.584 0 0.998 1.350 0.5075 2.5628
1777463931.9621472 0 0.186 -0.547 1.350 45 3.39 3.50 -0.760 -0.584 0 0.998 1.350 0.5075 2.5628
1777463932.0007753 0 0.186 -0.548 1.353 46 3.39 3.50 -0.760 -0.584 0 0.998 1.353 0.5074 2.5663
% 1777463932.0188248 robobot/cmd/ti rc 0 0.2
1777463932.050355 0 0.185 -0.548 1.359 46 3.39 3.50 -0.760 -0.584 0 0.998 1.359 0.5071 2.5721
1777463932.0614257 0 0.185 -0.548 1.360 46 3.39 3.50 -0.760 -0.584 0 0.998 1.360 0.5071 2.5732
1777463932.0996478 0 0.185 -0.548 1.368 46 3.39 3.50 -0.760 -0.584 0 0.998 1.368 0.5069 2.5813
% 1777463932.1412034 robobot/cmd/ti alive 2026-04-29 13:58:14.194757
1777463932.1503384 0 0.186 -0.548 1.380 46 3.39 3.50 -0.760 -0.584 0 0.998 1.380 0.5070 2.5929
1777463932.1613142 0 0.186 -0.548 1.382 46 3.39 3.50 -0.760 -0.584 0 0.998 1.382 0.5071 2.5952
1777463932.1996982 0 0.186 -0.547 1.397 46 3.39 3.50 -0.760 -0.584 0 0.998 1.397 0.5073 2.6102
1777463932.2502244 0 0.186 -0.547 1.413 46 3.39 3.50 -0.760 -0.584 0 0.998 1.413 0.5076 2.6264
1777463932.2612565 0 0.186 -0.547 1.416 46 3.39 3.50 -0.760 -0.584 0 0.999 1.416 0.5078 2.6288
1777463932.300577 0 0.186 -0.547 1.426 46 3.39 3.50 -0.760 -0.584 0 0.999 1.426 0.5079 2.6392
1777463932.3498392 0 0.186 -0.547 1.428 46 3.39 3.50 -0.760 -0.584 0 0.999 1.428 0.5079 2.6415
1777463932.361524 0 0.186 -0.547 1.428 46 3.39 3.50 -0.760 -0.584 0 0.999 1.428 0.5079 2.6415
1777463932.4003599 0 0.186 -0.547 1.432 47 3.39 3.50 -0.760 -0.584 0 0.999 1.432 0.5079 2.6449
% 1777463932.4092073 robobot/cmd/ti rc 0 0.2
1777463932.450888 0 0.186 -0.547 1.441 47 3.39 3.50 -0.760 -0.584 0 0.999 1.441 0.5080 2.6542
1777463932.4619606 0 0.186 -0.547 1.441 47 3.39 3.50 -0.760 -0.584 0 0.999 1.441 0.5080 2.6542
1777463932.5000184 0 0.186 -0.548 1.448 47 3.39 3.50 -0.760 -0.584 0 0.999 1.448 0.5078 2.6611
1777463932.5512123 0 0.186 -0.548 1.456 47 3.39 3.50 -0.760 -0.584 0 0.998 1.456 0.5073 2.6692
1777463932.5619571 0 0.186 -0.548 1.461 47 3.39 3.50 -0.760 -0.584 0 0.998 1.461 0.5072 2.6739
1777463932.6017065 0 0.186 -0.548 1.466 47 3.39 3.50 -0.760 -0.584 0 0.998 1.466 0.5070 2.6796
% 1777463932.6433475 robobot/cmd/ti alive 2026-04-29 13:58:14.194757
1777463932.6511023 0 0.186 -0.548 1.478 47 3.39 3.50 -0.760 -0.584 0 0.998 1.478 0.5069 2.6912
1777463932.6619458 0 0.186 -0.548 1.480 47 3.39 3.50 -0.760 -0.584 0 0.998 1.480 0.5070 2.6935
1777463932.7009728 0 0.186 -0.548 1.487 47 3.39 3.50 -0.760 -0.584 0 0.998 1.487 0.5071 2.7005
1777463932.7511477 0 0.186 -0.547 1.499 47 3.39 3.50 -0.760 -0.584 0 0.998 1.499 0.5075 2.7120
1777463932.762264 0 0.186 -0.547 1.501 47 3.39 3.50 -0.760 -0.584 0 0.998 1.501 0.5076 2.7143
1777463932.8019238 0 0.186 -0.547 1.512 48 3.39 3.50 -0.760 -0.584 0 0.999 1.512 0.5078 2.7247
% 1777463932.8153079 robobot/cmd/ti rc 0 0.2
1777463932.8520498 0 0.186 -0.548 1.516 48 3.39 3.50 -0.760 -0.584 0 0.999 1.516 0.5078 2.7294
1777463932.8620453 0 0.186 -0.548 1.518 48 3.39 3.50 -0.760 -0.584 0 0.999 1.518 0.5078 2.7317
1777463932.9011915 0 0.186 -0.548 1.527 48 3.39 3.50 -0.760 -0.584 0 0.998 1.527 0.5076 2.7398
1777463932.9509249 0 0.186 -0.548 1.530 48 3.39 3.50 -0.760 -0.584 0 0.998 1.530 0.5074 2.7432
1777463932.9616559 0 0.186 -0.548 1.531 48 3.39 3.50 -0.760 -0.584 0 0.998 1.531 0.5074 2.7444
1777463933.0018554 0 0.186 -0.549 1.535 48 3.39 3.50 -0.760 -0.584 0 0.998 1.535 0.5073 2.7479
1777463933.0512848 0 0.186 -0.549 1.539 48 3.39 3.50 -0.760 -0.584 0 0.998 1.539 0.5070 2.7525
1777463933.0615633 0 0.186 -0.549 1.540 48 3.39 3.50 -0.760 -0.584 0 0.998 1.540 0.5069 2.7537
1777463933.100815 0 0.186 -0.549 1.550 48 3.39 3.50 -0.760 -0.584 0 0.997 1.550 0.5067 2.7629
% 1777463933.1459098 robobot/cmd/ti alive 2026-04-29 13:58:14.194757
1777463933.151474 0 0.186 -0.549 1.564 48 3.39 3.50 -0.760 -0.584 0 0.997 1.564 0.5067 2.7768
1777463933.16229 0 0.186 -0.549 1.566 48 3.39 3.50 -0.760 -0.584 0 0.998 1.566 0.5068 2.7791
1777463933.203176 0 0.186 -0.548 1.575 49 3.39 3.50 -0.760 -0.584 0 0.998 1.575 0.5070 2.7884
% 1777463933.2154362 robobot/cmd/ti rc 0 0.2
1777463933.2523034 0 0.186 -0.548 1.593 49 3.39 3.50 -0.760 -0.584 0 0.998 1.593 0.5076 2.8057
1777463933.2619061 0 0.186 -0.548 1.593 49 3.39 3.50 -0.760 -0.584 0 0.998 1.593 0.5077 2.8057
1777463933.301742 0 0.186 -0.549 1.599 49 3.39 3.50 -0.760 -0.584 0 0.998 1.599 0.5077 2.8126
1777463933.3521676 0 0.186 -0.549 1.601 49 3.39 3.50 -0.760 -0.584 0 0.998 1.601 0.5072 2.8138
1777463933.3627133 0 0.186 -0.549 1.601 49 3.39 3.50 -0.760 -0.584 0 0.998 1.601 0.5071 2.8138
1777463933.4026155 0 0.186 -0.549 1.601 49 3.39 3.50 -0.760 -0.584 0 0.998 1.601 0.5069 2.8138
1777463933.4521697 0 0.186 -0.549 1.602 49 3.39 3.50 -0.760 -0.584 0 0.998 1.602 0.5068 2.8150
1777463933.4621246 0 0.186 -0.549 1.602 49 3.39 3.50 -0.760 -0.584 0 0.998 1.602 0.5068 2.8150
1777463933.5026953 0 0.186 -0.549 1.610 49 3.39 3.50 -0.760 -0.584 0 0.998 1.610 0.5068 2.8231
1777463933.5517793 0 0.186 -0.549 1.623 49 3.39 3.50 -0.760 -0.584 0 0.998 1.623 0.5075 2.8358
1777463933.562193 0 0.186 -0.549 1.624 49 3.39 3.50 -0.760 -0.584 0 0.998 1.624 0.5075 2.8369
1777463933.6027064 0 0.186 -0.549 1.633 50 3.39 3.50 -0.760 -0.584 0 0.998 1.633 0.5073 2.8462
% 1777463933.60809 robobot/cmd/ti rc 0 0.2
% 1777463933.6492462 robobot/cmd/ti alive 2026-04-29 13:58:14.194757
1777463933.6531546 0 0.186 -0.549 1.647 50 3.39 3.50 -0.760 -0.584 0 0.998 1.647 0.5073 2.8601
1777463933.6624787 0 0.186 -0.549 1.649 50 3.39 3.50 -0.760 -0.584 0 0.998 1.649 0.5074 2.8624
1777463933.7029645 0 0.186 -0.549 1.660 50 3.39 3.50 -0.760 -0.584 0 0.999 1.660 0.5079 2.8728
1777463933.7520416 0 0.186 -0.549 1.662 50 3.39 3.50 -0.760 -0.584 0 0.998 1.662 0.5077 2.8751
1777463933.762913 0 0.186 -0.549 1.662 50 3.39 3.50 -0.760 -0.584 0 0.998 1.662 0.5077 2.8751
1777463933.802771 0 0.186 -0.549 1.663 50 3.39 3.50 -0.760 -0.584 0 0.998 1.663 0.5076 2.8763
1777463933.8528335 0 0.186 -0.549 1.663 50 3.39 3.50 -0.760 -0.584 0 0.998 1.663 0.5076 2.8763
1777463933.8620353 0 0.186 -0.549 1.663 50 3.39 3.50 -0.760 -0.584 0 0.998 1.663 0.5076 2.8763
1777463933.9028215 0 0.186 -0.549 1.665 50 3.39 3.50 -0.760 -0.584 0 0.998 1.665 0.5075 2.8786
1777463933.953775 0 0.186 -0.549 1.673 50 3.39 3.50 -0.760 -0.584 0 0.998 1.673 0.5075 2.8867
1777463933.9624934 0 0.186 -0.549 1.673 50 3.39 3.50 -0.760 -0.584 0 0.998 1.673 0.5074 2.8867
1777463934.0063157 0 0.186 -0.550 1.686 51 3.39 3.50 -0.760 -0.584 0 0.998 1.686 0.5072 2.8994
% 1777463934.0313456 robobot/cmd/ti rc 0 0.2
1777463934.0528488 0 0.186 -0.550 1.701 51 3.39 3.50 -0.760 -0.584 0 0.998 1.701 0.5072 2.9144
1777463934.0622833 0 0.186 -0.550 1.701 51 3.39 3.50 -0.760 -0.584 0 0.998 1.701 0.5072 2.9144
1777463934.102818 0 0.186 -0.550 1.707 51 3.39 3.50 -0.760 -0.584 0 0.998 1.707 0.5070 2.9202
1777463934.1531131 0 0.186 -0.550 1.719 51 3.39 3.50 -0.760 -0.584 0 0.998 1.719 0.5068 2.9318
% 1777463934.1537864 robobot/cmd/ti alive 2026-04-29 13:58:14.194757
1777463934.1623561 0 0.186 -0.550 1.719 51 3.39 3.50 -0.760 -0.584 0 0.998 1.719 0.5069 2.9318
1777463934.2031944 0 0.186 -0.550 1.722 51 3.39 3.50 -0.760 -0.584 0 0.998 1.722 0.5072 2.9352
1777463934.2537024 0 0.186 -0.550 1.731 51 3.39 3.50 -0.760 -0.584 0 0.998 1.731 0.5072 2.9445
1777463934.2616947 0 0.186 -0.550 1.732 51 3.39 3.50 -0.760 -0.584 0 0.998 1.732 0.5072 2.9456
1777463934.3034139 0 0.186 -0.550 1.743 51 3.39 3.50 -0.760 -0.584 0 0.998 1.743 0.5070 2.9561
1777463934.3534298 0 0.186 -0.550 1.758 51 3.39 3.50 -0.760 -0.584 0 0.998 1.758 0.5070 2.9711
1777463934.3623703 0 0.186 -0.550 1.759 51 3.39 3.50 -0.760 -0.584 0 0.998 1.759 0.5069 2.9722
1777463934.403947 0 0.186 -0.550 1.770 52 3.39 3.50 -0.760 -0.584 0 0.998 1.770 0.5069 2.9827
% 1777463934.4120338 robobot/cmd/ti rc 0 0.2
1777463934.4530053 0 0.186 -0.550 1.778 52 3.39 3.50 -0.760 -0.584 0 0.998 1.778 0.5070 2.9908
1777463934.4621496 0 0.186 -0.550 1.778 52 3.39 3.50 -0.760 -0.584 0 0.998 1.778 0.5070 2.9908
1777463934.5033298 0 0.186 -0.550 1.780 52 3.39 3.50 -0.760 -0.584 0 0.998 1.780 0.5070 2.9931
1777463934.5535383 0 0.186 -0.550 1.786 52 3.39 3.50 -0.760 -0.584 0 0.998 1.786 0.5072 2.9988
1777463934.5620937 0 0.186 -0.550 1.787 52 3.39 3.50 -0.760 -0.584 0 0.998 1.787 0.5072 3.0000
1777463934.604168 0 0.186 -0.550 1.791 52 3.39 3.50 -0.760 -0.584 0 0.998 1.791 0.5071 3.0046
1777463934.6543584 0 0.186 -0.550 1.800 52 3.39 3.50 -0.760 -0.584 0 0.998 1.800 0.5068 3.0127
% 1777463934.6555738 robobot/cmd/ti alive 2026-04-29 13:58:14.194757
1777463934.6630976 0 0.186 -0.550 1.802 52 3.39 3.50 -0.760 -0.584 0 0.998 1.802 0.5068 3.0150
1777463934.7044702 0 0.186 -0.550 1.812 52 3.39 3.50 -0.760 -0.584 0 0.997 1.812 0.5067 3.0254
1777463934.7543886 0 0.186 -0.550 1.826 52 3.39 3.50 -0.760 -0.584 0 0.998 1.826 0.5068 3.0393
1777463934.7639608 0 0.186 -0.550 1.826 52 3.39 3.50 -0.760 -0.584 0 0.998 1.826 0.5069 3.0393
1777463934.8046846 0 0.186 -0.551 1.834 53 3.39 3.50 -0.760 -0.584 0 0.998 1.834 0.5070 3.0474
% 1777463934.8090782 robobot/cmd/ti rc 0 0.2
1777463934.8545876 0 0.186 -0.551 1.843 53 3.39 3.50 -0.760 -0.584 0 0.997 1.843 0.5063 3.0567
1777463934.8626635 0 0.186 -0.551 1.845 53 3.39 3.50 -0.760 -0.584 0 0.997 1.845 0.5062 3.0578
1777463934.904462 0 0.186 -0.550 1.850 53 3.39 3.50 -0.760 -0.584 0 0.997 1.850 0.5066 3.0636
1777463934.9543252 0 0.186 -0.550 1.852 53 3.39 3.50 -0.760 -0.584 0 0.998 1.852 0.5068 3.0648
1777463934.9635568 0 0.186 -0.550 1.852 53 3.39 3.50 -0.760 -0.584 0 0.998 1.852 0.5068 3.0648
1777463935.0039952 0 0.186 -0.550 1.857 53 3.39 3.50 -0.760 -0.584 0 0.998 1.857 0.5069 3.0706
1777463935.053949 0 0.186 -0.550 1.864 53 3.39 3.50 -0.760 -0.584 0 0.998 1.864 0.5069 3.0775
1777463935.063358 0 0.186 -0.550 1.865 53 3.39 3.50 -0.760 -0.584 0 0.998 1.865 0.5069 3.0786
1777463935.1040072 0 0.186 -0.550 1.877 53 3.39 3.50 -0.760 -0.584 0 0.998 1.877 0.5068 3.0902
1777463935.1548493 0 0.186 -0.550 1.892 53 3.39 3.50 -0.760 -0.584 0 0.998 1.892 0.5067 3.1052
% 1777463935.1589262 robobot/cmd/ti alive 2026-04-29 13:58:14.194757
1777463935.164489 0 0.186 -0.550 1.893 53 3.39 3.50 -0.760 -0.584 0 0.998 1.893 0.5068 3.1064
1777463935.2051384 0 0.186 -0.551 1.900 54 3.39 3.50 -0.760 -0.584 0 0.997 1.900 0.5067 3.1133
% 1777463935.21272 robobot/cmd/ti rc 0 0.2
1777463935.2546036 0 0.186 -0.551 1.903 54 3.39 3.50 -0.760 -0.584 0 0.997 1.903 0.5066 3.1157
1777463935.263017 0 0.186 -0.551 1.903 54 3.39 3.50 -0.760 -0.584 0 0.997 1.903 0.5066 3.1157
1777463935.304747 0 0.186 -0.551 1.917 54 3.39 3.50 -0.760 -0.584 0 0.997 1.917 0.5065 3.1307
1777463935.3555243 0 0.186 -0.551 1.921 54 3.39 3.50 -0.760 -0.584 0 0.997 1.921 0.5066 3.1342
1777463935.363579 0 0.186 -0.551 1.921 54 3.39 3.50 -0.760 -0.584 0 0.997 1.921 0.5065 3.1342
1777463935.4052022 0 0.186 -0.551 1.926 54 3.39 3.50 -0.760 -0.584 0 0.997 1.926 0.5064 3.1388
1777463935.4550264 0 0.186 -0.551 1.933 54 3.39 3.50 -0.760 -0.584 0 0.998 1.933 0.5069 3.1457
1777463935.4631433 0 0.186 -0.551 1.933 54 3.39 3.50 -0.760 -0.584 0 0.998 1.933 0.5070 3.1457
1777463935.5044851 0 0.186 -0.551 1.940 54 3.39 3.50 -0.760 -0.584 0 0.998 1.940 0.5071 3.1527
1777463935.5545676 0 0.186 -0.552 1.942 54 3.39 3.50 -0.760 -0.584 0 0.997 1.942 0.5064 3.1550
1777463935.5633595 0 0.186 -0.552 1.943 54 3.39 3.50 -0.760 -0.584 0 0.997 1.943 0.5063 3.1561
1777463935.6060402 0 0.186 -0.551 1.952 55 3.39 3.50 -0.760 -0.584 0 0.998 1.952 0.5067 3.1654
% 1777463935.6223888 robobot/cmd/ti rc 0 0.2
1777463935.6546829 0 0.186 -0.552 1.954 55 3.39 3.50 -0.760 -0.584 0 0.998 1.954 0.5071 3.1677
% 1777463935.6616435 robobot/cmd/ti alive 2026-04-29 13:58:14.194757
1777463935.6632624 0 0.186 -0.552 1.954 55 3.39 3.50 -0.760 -0.584 0 0.998 1.954 0.5071 3.1677
1777463935.704661 0 0.186 -0.552 1.958 55 3.39 3.50 -0.760 -0.584 0 0.998 1.958 0.5071 3.1712
1777463935.755759 0 0.186 -0.551 1.965 55 3.39 3.50 -0.760 -0.584 0 0.998 1.965 0.5071 3.1781
1777463935.7639148 0 0.186 -0.552 1.966 55 3.39 3.50 -0.760 -0.584 0 0.998 1.966 0.5071 3.1793
1777463935.8055067 0 0.186 -0.552 1.975 55 3.39 3.50 -0.760 -0.584 0 0.998 1.975 0.5071 3.1885
1777463935.855461 0 0.186 -0.552 1.992 55 3.39 3.50 -0.760 -0.584 0 0.998 1.992 0.5072 3.2047
1777463935.8630133 0 0.186 -0.552 1.993 55 3.39 3.50 -0.760 -0.584 0 0.998 1.993 0.5072 3.2059
1777463935.9057384 0 0.186 -0.551 2.003 55 3.39 3.50 -0.760 -0.584 0 0.998 2.003 0.5071 3.2163
1777463935.9583488 0 0.186 -0.551 2.018 55 3.39 3.50 -0.760 -0.584 0 0.998 2.018 0.5070 3.2313
1777463935.9647763 0 0.186 -0.551 2.019 55 3.39 3.50 -0.760 -0.584 0 0.998 2.019 0.5070 3.2325
1777463936.0084717 0 0.186 -0.551 2.022 56 3.39 3.50 -0.760 -0.584 0 0.998 2.022 0.5072 3.2348
% 1777463936.0196886 robobot/cmd/ti rc 0 0.2
1777463936.0567923 0 0.186 -0.552 2.031 56 3.39 3.50 -0.760 -0.584 0 0.998 2.031 0.5073 3.2440
1777463936.0638607 0 0.186 -0.552 2.032 56 3.39 3.50 -0.760 -0.584 0 0.998 2.032 0.5073 3.2452
1777463936.106768 0 0.186 -0.552 2.032 56 3.39 3.50 -0.760 -0.584 0 0.998 2.032 0.5070 3.2452
1777463936.15703 0 0.186 -0.552 2.033 56 3.39 3.50 -0.760 -0.584 0 0.998 2.033 0.5068 3.2463
1777463936.1643982 0 0.186 -0.552 2.033 56 3.39 3.50 -0.760 -0.584 0 0.998 2.033 0.5068 3.2463
% 1777463936.1658123 robobot/cmd/ti alive 2026-04-29 13:58:14.194757
1777463936.2058473 0 0.186 -0.552 2.038 56 3.39 3.50 -0.760 -0.584 0 0.998 2.038 0.5068 3.2510
1777463936.2560153 0 0.186 -0.552 2.047 56 3.39 3.50 -0.760 -0.584 0 0.997 2.047 0.5067 3.2602
1777463936.2632096 0 0.186 -0.552 2.047 56 3.39 3.50 -0.760 -0.584 0 0.997 2.047 0.5067 3.2602
1777463936.3057656 0 0.186 -0.552 2.059 56 3.39 3.50 -0.760 -0.584 0 0.998 2.059 0.5070 3.2718
1777463936.3566914 0 0.186 -0.552 2.070 56 3.39 3.50 -0.760 -0.584 0 0.998 2.070 0.5071 3.2833
1777463936.3638232 0 0.186 -0.552 2.071 56 3.39 3.50 -0.760 -0.584 0 0.998 2.071 0.5070 3.2845
1777463936.4066887 0 0.186 -0.552 2.078 57 3.39 3.50 -0.760 -0.584 0 0.998 2.078 0.5068 3.2914
% 1777463936.4147313 robobot/cmd/ti rc 0 0.2
1777463936.4561555 0 0.186 -0.552 2.084 57 3.39 3.50 -0.760 -0.584 0 0.998 2.084 0.5073 3.2972
1777463936.466097 0 0.186 -0.552 2.086 57 3.39 3.50 -0.760 -0.584 0 0.998 2.086 0.5073 3.2995
1777463936.5064783 0 0.186 -0.552 2.097 57 3.39 3.50 -0.760 -0.584 0 0.997 2.097 0.5067 3.3099
1777463936.556112 0 0.186 -0.552 2.104 57 3.39 3.50 -0.760 -0.584 0 0.998 2.104 0.5068 3.3169
1777463936.5638797 0 0.186 -0.552 2.104 57 3.39 3.50 -0.760 -0.584 0 0.998 2.104 0.5069 3.3169
1777463936.6063452 0 0.186 -0.552 2.104 57 3.39 3.50 -0.760 -0.584 0 0.998 2.104 0.5069 3.3169
1777463936.6566615 0 0.187 -0.552 2.104 57 3.39 3.50 -0.760 -0.584 0 0.997 2.104 0.5067 3.3169
1777463936.6629393 0 0.187 -0.552 2.104 57 3.39 3.50 -0.760 -0.584 0 0.997 2.104 0.5067 3.3169
% 1777463936.6684818 robobot/cmd/ti alive 2026-04-29 13:58:14.194757
1777463936.7069592 0 0.187 -0.552 2.110 57 3.39 3.50 -0.760 -0.584 0 0.997 2.110 0.5067 3.3227
1777463936.7576997 0 0.187 -0.552 2.123 57 3.39 3.50 -0.760 -0.584 0 0.998 2.123 0.5069 3.3365
1777463936.764118 0 0.187 -0.552 2.126 57 3.39 3.50 -0.760 -0.584 0 0.998 2.126 0.5069 3.3389
% 1777463936.8040373 robobot/cmd/ti rc 0 0.2
1777463936.807225 0 0.187 -0.553 2.137 58 3.39 3.50 -0.760 -0.584 0 0.997 2.137 0.5067 3.3504
1777463936.8566513 0 0.187 -0.553 2.150 58 3.39 3.50 -0.760 -0.584 0 0.997 2.150 0.5064 3.3631
1777463936.8638213 0 0.187 -0.553 2.151 58 3.39 3.50 -0.760 -0.584 0 0.997 2.151 0.5064 3.3643
1777463936.9071856 0 0.187 -0.553 2.164 58 3.39 3.50 -0.760 -0.584 0 0.998 2.164 0.5068 3.3770
1777463936.9575672 0 0.187 -0.553 2.180 58 3.39 3.50 -0.760 -0.584 0 0.997 2.180 0.5060 3.3932
1777463936.9641454 0 0.187 -0.554 2.181 58 3.39 3.50 -0.760 -0.584 0 0.997 2.181 0.5059 3.3944
1777463937.0067265 0 0.188 -0.554 2.185 58 3.39 3.50 -0.760 -0.584 0 0.996 2.185 0.5055 3.3978
1777463937.0572634 0 0.188 -0.554 2.185 58 3.39 3.50 -0.760 -0.584 0 0.996 2.185 0.5053 3.3978
1777463937.0630715 0 0.188 -0.554 2.185 58 3.39 3.50 -0.760 -0.584 0 0.996 2.185 0.5052 3.3978
1777463937.107413 0 0.188 -0.554 2.192 58 3.39 3.50 -0.760 -0.584 0 0.996 2.192 0.5051 3.4048
1777463937.1580708 0 0.188 -0.555 2.204 58 3.39 3.50 -0.760 -0.584 0 0.995 2.204 0.5046 3.4175
1777463937.164526 0 0.188 -0.555 2.204 58 3.39 3.50 -0.760 -0.584 0 0.995 2.204 0.5045 3.4175
% 1777463937.1713703 robobot/cmd/ti alive 2026-04-29 13:58:14.194757
1777463937.2076585 0 0.189 -0.555 2.210 59 3.39 3.50 -0.760 -0.584 0 0.995 2.210 0.5041 3.4233
% 1777463937.2162693 robobot/cmd/ti rc 0 0.2
1777463937.2569242 0 0.189 -0.555 2.210 59 3.39 3.50 -0.760 -0.584 0 0.994 2.210 0.5037 3.4233
1777463937.2633293 0 0.189 -0.555 2.211 59 3.39 3.50 -0.760 -0.584 0 0.994 2.211 0.5036 3.4244
1777463937.308564 0 0.189 -0.555 2.213 59 3.39 3.50 -0.760 -0.584 0 0.994 2.213 0.5036 3.4267
1777463937.3577912 0 0.189 -0.556 2.220 59 3.39 3.50 -0.760 -0.584 0 0.994 2.220 0.5035 3.4337
1777463937.3644645 0 0.189 -0.556 2.220 59 3.39 3.50 -0.760 -0.584 0 0.994 2.220 0.5034 3.4337
1777463937.4084136 0 0.189 -0.556 2.224 59 3.39 3.50 -0.760 -0.584 0 0.994 2.224 0.5029 3.4371
1777463937.4575262 0 0.189 -0.555 2.233 59 3.39 3.50 -0.760 -0.584 0 0.994 2.233 0.5033 3.4464
1777463937.4635575 0 0.189 -0.556 2.234 59 3.39 3.50 -0.760 -0.584 0 0.994 2.234 0.5034 3.4475
1777463937.5081475 0 0.189 -0.556 2.240 59 3.39 3.50 -0.760 -0.584 0 0.994 2.240 0.5036 3.4533
1777463937.5580719 0 0.189 -0.556 2.246 59 3.39 3.50 -0.760 -0.584 0 0.994 2.246 0.5030 3.4591
1777463937.5647027 0 0.189 -0.556 2.246 59 3.39 3.50 -0.760 -0.584 0 0.994 2.246 0.5029 3.4591
% 1777463937.6034946 robobot/cmd/ti rc 0 0.2
1777463937.6082604 0 0.189 -0.556 2.253 60 3.39 3.50 -0.760 -0.584 0 0.994 2.253 0.5029 3.4661
1777463937.6586716 0 0.188 -0.555 2.264 60 3.39 3.50 -0.760 -0.584 0 0.995 2.264 0.5038 3.4776
1777463937.663866 0 0.189 -0.555 2.266 60 3.39 3.50 -0.760 -0.584 0 0.995 2.266 0.5039 3.4788
% 1777463937.6740685 robobot/cmd/ti alive 2026-04-29 13:58:14.194757
1777463937.7079751 0 0.189 -0.555 2.277 60 3.39 3.50 -0.760 -0.584 0 0.995 2.277 0.5042 3.4903
1777463937.7579684 0 0.188 -0.555 2.288 60 3.39 3.50 -0.760 -0.584 0 0.995 2.288 0.5044 3.5007
1777463937.7647502 0 0.188 -0.554 2.290 60 3.39 3.50 -0.760 -0.584 0 0.995 2.290 0.5046 3.5031
1777463937.808657 0 0.187 -0.553 2.303 60 3.39 3.50 -0.760 -0.584 0 0.996 2.303 0.5056 3.5158
1777463937.8590775 0 0.186 -0.553 2.321 60 3.39 3.50 -0.760 -0.584 0 0.998 2.321 0.5068 3.5343
1777463937.8639164 0 0.186 -0.553 2.322 60 3.39 3.50 -0.760 -0.584 0 0.998 2.322 0.5070 3.5354
1777463937.908883 0 0.186 -0.552 2.329 60 3.39 3.50 -0.760 -0.584 0 0.999 2.329 0.5079 3.5424
1777463937.9589663 0 0.184 -0.551 2.346 60 3.39 3.50 -0.760 -0.584 0 1.000 2.346 0.5097 3.5597
1777463937.967284 0 0.184 -0.550 2.348 60 3.39 3.50 -0.760 -0.584 0 1.001 2.348 0.5099 3.5609
1777463938.0095391 0 0.184 -0.550 2.355 61 3.39 3.50 -0.760 -0.584 0 1.002 2.355 0.5109 3.5678
% 1777463938.01092 robobot/cmd/ti rc 0 0.2
1777463938.0587435 0 0.184 -0.551 2.360 61 3.39 3.50 -0.760 -0.584 0 1.002 2.360 0.5113 3.5736
1777463938.0639703 0 0.184 -0.551 2.360 61 3.39 3.50 -0.760 -0.584 0 1.002 2.360 0.5113 3.5736
1777463938.1089978 0 0.185 -0.551 2.364 61 3.39 3.50 -0.760 -0.584 0 1.001 2.364 0.5106 3.5771
1777463938.159221 0 0.185 -0.551 2.365 61 3.39 3.50 -0.760 -0.584 0 1.001 2.365 0.5103 3.5782
1777463938.1645286 0 0.185 -0.551 2.365 61 3.39 3.50 -0.760 -0.584 0 1.001 2.365 0.5102 3.5782
% 1777463938.1762068 robobot/cmd/ti alive 2026-04-29 13:58:14.194757
1777463938.2092607 0 0.185 -0.551 2.369 61 3.39 3.50 -0.760 -0.584 0 1.001 2.369 0.5101 3.5817
1777463938.2596805 0 0.185 -0.551 2.369 61 3.39 3.50 -0.760 -0.584 0 1.001 2.369 0.5099 3.5817
1777463938.2644742 0 0.185 -0.551 2.369 61 3.39 3.50 -0.760 -0.584 0 1.001 2.369 0.5098 3.5817
1777463938.3101707 0 0.185 -0.551 2.369 61 3.39 3.50 -0.760 -0.584 0 1.000 2.369 0.5097 3.5817
1777463938.3593037 0 0.185 -0.551 2.369 61 3.39 3.50 -0.760 -0.584 0 1.000 2.369 0.5096 3.5817
1777463938.3640919 0 0.185 -0.551 2.369 61 3.39 3.50 -0.760 -0.584 0 1.000 2.369 0.5096 3.5817
1777463938.410119 0 0.185 -0.552 2.372 62 3.39 3.50 -0.760 -0.584 0 1.000 2.372 0.5095 3.5852
% 1777463938.4126174 robobot/cmd/ti rc 0 0.2
1777463938.4597392 0 0.186 -0.552 2.382 62 3.39 3.50 -0.760 -0.584 0 1.000 2.382 0.5091 3.5956
1777463938.465929 0 0.186 -0.552 2.382 62 3.39 3.50 -0.760 -0.584 0 1.000 2.382 0.5089 3.5956
1777463938.5095417 0 0.187 -0.553 2.387 62 3.39 3.50 -0.760 -0.584 0 0.999 2.387 0.5080 3.6002
1777463938.5597534 0 0.187 -0.553 2.393 62 3.39 3.50 -0.760 -0.584 0 0.998 2.393 0.5074 3.6060
1777463938.5661364 0 0.187 -0.553 2.393 62 3.39 3.50 -0.760 -0.584 0 0.998 2.393 0.5073 3.6060
1777463938.609924 0 0.187 -0.553 2.395 62 3.39 3.50 -0.760 -0.584 0 0.998 2.395 0.5069 3.6083
1777463938.6601624 0 0.187 -0.553 2.402 62 3.39 3.50 -0.760 -0.584 0 0.997 2.402 0.5066 3.6152
1777463938.6638973 0 0.187 -0.553 2.402 62 3.39 3.50 -0.760 -0.584 0 0.997 2.402 0.5065 3.6152
% 1777463938.6787138 robobot/cmd/ti alive 2026-04-29 13:58:14.194757
1777463938.7101893 0 0.187 -0.553 2.421 62 3.39 3.50 -0.760 -0.584 0 0.997 2.421 0.5063 3.6337
1777463938.7606847 0 0.187 -0.553 2.439 62 3.39 3.50 -0.760 -0.584 0 0.997 2.439 0.5066 3.6522
1777463938.7648003 0 0.187 -0.553 2.439 62 3.39 3.50 -0.760 -0.584 0 0.997 2.439 0.5066 3.6522
1777463938.8105724 0 0.187 -0.553 2.456 63 3.39 3.50 -0.760 -0.584 0 0.998 2.456 0.5071 3.6696
% 1777463938.8141801 robobot/cmd/ti rc 0 0.2
1777463938.8602653 0 0.187 -0.553 2.462 63 3.39 3.50 -0.760 -0.584 0 0.998 2.462 0.5070 3.6754
1777463938.8640695 0 0.187 -0.553 2.462 63 3.39 3.50 -0.760 -0.584 0 0.998 2.462 0.5070 3.6754
1777463938.9104326 0 0.187 -0.553 2.471 63 3.39 3.50 -0.760 -0.584 0 0.998 2.471 0.5070 3.6846
1777463938.960671 0 0.187 -0.553 2.471 63 3.39 3.50 -0.760 -0.584 0 0.998 2.471 0.5074 3.6846
1777463938.9647024 0 0.187 -0.553 2.471 63 3.39 3.50 -0.760 -0.584 0 0.998 2.471 0.5074 3.6846
1777463939.010089 0 0.187 -0.553 2.474 63 3.39 3.50 -0.760 -0.584 0 0.998 2.474 0.5074 3.6869
1777463939.0617163 0 0.186 -0.553 2.479 63 3.39 3.50 -0.760 -0.584 0 0.998 2.479 0.5075 3.6927
1777463939.0661297 0 0.186 -0.553 2.479 63 3.39 3.50 -0.760 -0.584 0 0.998 2.479 0.5075 3.6927
1777463939.1106632 0 0.187 -0.553 2.485 63 3.39 3.50 -0.760 -0.584 0 0.999 2.485 0.5078 3.6985
1777463939.160743 0 0.187 -0.553 2.499 63 3.39 3.50 -0.760 -0.584 0 0.998 2.499 0.5076 3.7124
1777463939.1649897 0 0.187 -0.553 2.499 63 3.39 3.50 -0.760 -0.584 0 0.998 2.499 0.5076 3.7124
% 1777463939.1819272 robobot/cmd/ti alive 2026-04-29 13:58:14.194757
1777463939.2114854 0 0.187 -0.553 2.511 64 3.39 3.50 -0.760 -0.584 0 0.998 2.511 0.5073 3.7239
% 1777463939.2475843 robobot/cmd/ti rc 0 0.2
1777463939.2601326 0 0.187 -0.553 2.523 64 3.39 3.50 -0.760 -0.584 0 0.998 2.523 0.5073 3.7366
1777463939.2657368 0 0.187 -0.553 2.523 64 3.39 3.50 -0.760 -0.584 0 0.998 2.523 0.5073 3.7366
1777463939.3108714 0 0.187 -0.553 2.533 64 3.39 3.50 -0.760 -0.584 0 0.998 2.533 0.5069 3.7459
1777463939.361489 0 0.187 -0.553 2.537 64 3.39 3.50 -0.760 -0.584 0 0.998 2.537 0.5072 3.7505
1777463939.3657224 0 0.187 -0.553 2.537 64 3.39 3.50 -0.760 -0.584 0 0.998 2.537 0.5073 3.7505
1777463939.4107742 0 0.187 -0.553 2.538 64 3.39 3.50 -0.760 -0.584 0 0.998 2.538 0.5074 3.7517
1777463939.4610214 0 0.187 -0.553 2.541 64 3.39 3.50 -0.760 -0.584 0 0.998 2.541 0.5074 3.7540
1777463939.4649384 0 0.187 -0.553 2.541 64 3.39 3.50 -0.760 -0.584 0 0.998 2.541 0.5074 3.7540
1777463939.5108688 0 0.187 -0.554 2.547 64 3.39 3.50 -0.760 -0.584 0 0.998 2.547 0.5073 3.7598
1777463939.5622833 0 0.188 -0.554 2.558 64 3.39 3.50 -0.760 -0.584 0 0.998 2.558 0.5070 3.7713
1777463939.5664408 0 0.188 -0.554 2.558 64 3.39 3.50 -0.760 -0.584 0 0.998 2.558 0.5070 3.7713
1777463939.6142952 0 0.187 -0.554 2.574 65 3.39 3.50 -0.760 -0.584 0 0.998 2.574 0.5070 3.7875
% 1777463939.6416569 robobot/cmd/ti rc 0 0.2
1777463939.6611493 0 0.187 -0.553 2.592 65 3.39 3.50 -0.760 -0.584 0 0.998 2.592 0.5072 3.8049
1777463939.66546 0 0.187 -0.553 2.592 65 3.39 3.50 -0.760 -0.584 0 0.998 2.592 0.5072 3.8049
% 1777463939.6857133 robobot/cmd/ti alive 2026-04-29 13:58:14.194757
1777463939.7114875 0 0.187 -0.554 2.609 65 3.39 3.50 -0.760 -0.584 0 0.998 2.609 0.5073 3.8222
1777463939.76137 0 0.188 -0.554 2.621 65 3.39 3.50 -0.760 -0.584 0 0.998 2.621 0.5072 3.8338
1777463939.766131 0 0.188 -0.554 2.621 65 3.39 3.50 -0.760 -0.584 0 0.998 2.621 0.5071 3.8338
1777463939.811388 0 0.188 -0.554 2.624 65 3.39 3.50 -0.760 -0.584 0 0.998 2.624 0.5069 3.8372
1777463939.8611498 0 0.187 -0.553 2.630 65 3.39 3.50 -0.760 -0.584 0 0.998 2.630 0.5069 3.8430
1777463939.8656151 0 0.187 -0.553 2.630 65 3.39 3.50 -0.760 -0.584 0 0.998 2.630 0.5069 3.8430
1777463939.9112923 0 0.187 -0.553 2.631 65 3.39 3.50 -0.760 -0.584 0 0.998 2.631 0.5072 3.8442
1777463939.9609995 0 0.187 -0.553 2.633 65 3.39 3.50 -0.760 -0.584 0 0.998 2.633 0.5074 3.8465
1777463939.9655426 0 0.187 -0.553 2.633 65 3.39 3.50 -0.760 -0.584 0 0.998 2.633 0.5075 3.8465
1777463940.0138936 0 0.187 -0.553 2.645 66 3.39 3.50 -0.760 -0.584 0 0.998 2.645 0.5074 3.8581
% 1777463940.0149398 robobot/cmd/ti rc 0 0
1777463940.062137 0 0.188 -0.554 2.651 66 3.39 3.50 -0.760 -0.584 0 0.998 2.651 0.5068 3.8638
1777463940.0654209 0 0.188 -0.554 2.651 66 3.39 3.50 -0.760 -0.584 0 0.998 2.651 0.5068 3.8638
1777463940.1118073 0 0.188 -0.554 2.653 66 3.39 3.50 -0.760 -0.584 0 0.997 2.653 0.5066 3.8662
1777463940.161797 0 0.188 -0.554 2.651 66 3.39 3.50 -0.760 -0.584 0 0.997 2.651 0.5065 3.8638
1777463940.1661484 0 0.188 -0.554 2.651 66 3.39 3.50 -0.760 -0.584 0 0.997 2.651 0.5064 3.8638
% 1777463940.1874068 robobot/cmd/ti alive 2026-04-29 13:58:14.194757
1777463940.212261 0 0.188 -0.554 2.651 66 3.39 3.50 -0.760 -0.584 0 0.997 2.651 0.5063 3.8638
1777463940.2625282 0 0.188 -0.554 2.651 66 3.39 3.50 -0.760 -0.584 0 0.997 2.651 0.5062 3.8638
1777463940.2650185 0 0.188 -0.554 2.651 66 3.39 3.50 -0.760 -0.584 0 0.997 2.651 0.5062 3.8638
1777463940.3124468 0 0.188 -0.554 2.651 66 3.39 3.50 -0.760 -0.584 0 0.997 2.651 0.5061 3.8638
1777463940.3626122 0 0.188 -0.554 2.651 66 3.39 3.50 -0.760 -0.584 0 0.997 2.651 0.5061 3.8638
1777463940.365818 0 0.188 -0.554 2.651 66 3.39 3.50 -0.760 -0.584 0 0.997 2.651 0.5061 3.8638
1777463940.412315 0 0.188 -0.554 2.651 66 3.39 3.50 -0.760 -0.584 0 0.997 2.651 0.5060 3.8638
1777463940.4617894 0 0.188 -0.554 2.651 66 3.39 3.50 -0.760 -0.584 0 0.997 2.651 0.5059 3.8638
1777463940.4651093 0 0.188 -0.554 2.651 66 3.39 3.50 -0.760 -0.584 0 0.997 2.651 0.5059 3.8638
1777463940.5124445 0 0.188 -0.554 2.651 66 3.39 3.50 -0.760 -0.584 0 0.997 2.651 0.5059 3.8638
1777463940.56257 0 0.188 -0.554 2.651 66 3.39 3.50 -0.760 -0.584 0 0.997 2.651 0.5058 3.8638
1777463940.5662715 0 0.188 -0.554 2.651 66 3.39 3.50 -0.760 -0.584 0 0.997 2.651 0.5058 3.8638
1777463940.6120505 0 0.188 -0.554 2.651 66 3.39 3.50 -0.760 -0.584 0 0.997 2.651 0.5058 3.8638
1777463940.6628335 0 0.188 -0.554 2.651 66 3.39 3.50 -0.760 -0.584 0 0.997 2.651 0.5058 3.8638
1777463940.6651642 0 0.188 -0.554 2.651 66 3.39 3.50 -0.760 -0.584 0 0.997 2.651 0.5058 3.8638
% 1777463940.6893663 robobot/cmd/ti alive 2026-04-29 13:58:14.194757
1777463940.7133617 0 0.188 -0.554 2.651 66 3.39 3.50 -0.760 -0.584 0 0.997 2.651 0.5058 3.8638
1777463940.7627943 0 0.188 -0.554 2.651 66 3.39 3.50 -0.760 -0.584 0 0.997 2.651 0.5058 3.8638
1777463940.7659452 0 0.188 -0.554 2.651 66 3.39 3.50 -0.760 -0.584 0 0.997 2.651 0.5058 3.8638
% 1777463940.811476 robobot/cmd/ti rc 0 0.2
1777463940.8131855 0 0.188 -0.554 2.651 67 3.39 3.50 -0.760 -0.584 0 0.997 2.651 0.5058 3.8638
1777463940.8635488 0 0.188 -0.554 2.651 67 3.39 3.50 -0.760 -0.584 0 0.997 2.651 0.5058 3.8638
1777463940.8658502 0 0.188 -0.554 2.651 67 3.39 3.50 -0.760 -0.584 0 0.997 2.651 0.5058 3.8638
1777463940.9135091 0 0.188 -0.554 2.652 67 3.39 3.50 -0.760 -0.584 0 0.997 2.652 0.5058 3.8650
1777463940.9629304 0 0.188 -0.554 2.656 67 3.39 3.50 -0.760 -0.584 0 0.997 2.656 0.5058 3.8696
1777463940.9660633 0 0.188 -0.554 2.656 67 3.39 3.50 -0.760 -0.584 0 0.997 2.656 0.5058 3.8696
1777463941.0126023 0 0.188 -0.554 2.664 67 3.39 3.50 -0.760 -0.584 0 0.996 2.664 0.5054 3.8777
1777463941.063065 0 0.188 -0.554 2.678 67 3.39 3.50 -0.760 -0.584 0 0.996 2.678 0.5056 3.8916
1777463941.0653703 0 0.188 -0.554 2.678 67 3.39 3.50 -0.760 -0.584 0 0.996 2.678 0.5056 3.8916
1777463941.1135223 0 0.189 -0.554 2.687 67 3.39 3.50 -0.760 -0.584 0 0.996 2.687 0.5055 3.8997
1777463941.1643684 0 0.189 -0.554 2.696 67 3.39 3.50 -0.760 -0.584 0 0.996 2.696 0.5056 3.9089
1777463941.1680262 0 0.189 -0.554 2.696 67 3.39 3.50 -0.760 -0.584 0 0.996 2.696 0.5056 3.9089
% 1777463941.1928046 robobot/cmd/ti alive 2026-04-29 13:58:14.194757
% 1777463941.2138984 robobot/cmd/ti rc 0 0.2
1777463941.2142317 0 0.189 -0.554 2.705 68 3.39 3.50 -0.760 -0.584 0 0.996 2.705 0.5055 3.9182
1777463941.2631414 0 0.188 -0.554 2.714 68 3.39 3.50 -0.760 -0.584 0 0.997 2.714 0.5059 3.9274
1777463941.2654884 0 0.188 -0.554 2.714 68 3.39 3.50 -0.760 -0.584 0 0.997 2.714 0.5059 3.9274
1777463941.3132427 0 0.189 -0.554 2.724 68 3.39 3.50 -0.760 -0.584 0 0.997 2.724 0.5059 3.9367
1777463941.3642716 0 0.189 -0.554 2.726 68 3.39 3.50 -0.760 -0.584 0 0.997 2.726 0.5058 3.9390
1777463941.3658338 0 0.189 -0.554 2.726 68 3.39 3.50 -0.760 -0.584 0 0.997 2.726 0.5058 3.9390
1777463941.4136055 0 0.189 -0.554 2.730 68 3.39 3.50 -0.760 -0.584 0 0.996 2.730 0.5057 3.9436
1777463941.4647262 0 0.190 -0.555 2.736 68 3.39 3.50 -0.760 -0.584 0 0.996 2.736 0.5053 3.9494
1777463941.4663346 0 0.190 -0.555 2.736 68 3.39 3.50 -0.760 -0.584 0 0.996 2.736 0.5053 3.9494
1777463941.5141773 0 0.190 -0.555 2.740 68 3.39 3.50 -0.760 -0.584 0 0.996 2.740 0.5051 3.9529
1777463941.5638652 0 0.189 -0.554 2.749 68 3.39 3.50 -0.760 -0.584 0 0.996 2.749 0.5051 3.9621
1777463941.5664787 0 0.189 -0.554 2.749 68 3.39 3.50 -0.760 -0.584 0 0.996 2.749 0.5053 3.9621
1777463941.614798 0 0.190 -0.554 2.751 69 3.39 3.50 -0.760 -0.584 0 0.996 2.751 0.5057 3.9644
% 1777463941.6172776 robobot/cmd/ti rc 0 0.2
1777463941.6636841 0 0.189 -0.554 2.764 69 3.39 3.50 -0.760 -0.584 0 0.996 2.764 0.5057 3.9772
1777463941.666013 0 0.189 -0.554 2.764 69 3.39 3.50 -0.760 -0.584 0 0.996 2.764 0.5057 3.9772
% 1777463941.6957955 robobot/cmd/ti alive 2026-04-29 13:58:14.194757
1777463941.7137992 0 0.190 -0.555 2.772 69 3.39 3.50 -0.760 -0.584 0 0.996 2.772 0.5057 3.9853
1777463941.764522 0 0.190 -0.555 2.785 69 3.39 3.50 -0.760 -0.584 0 0.996 2.785 0.5053 3.9980
1777463941.7667124 0 0.190 -0.555 2.785 69 3.39 3.50 -0.760 -0.584 0 0.996 2.785 0.5053 3.9980
1777463941.8143828 0 0.190 -0.555 2.796 69 3.39 3.50 -0.760 -0.584 0 0.997 2.796 0.5060 4.0095
1777463941.8639214 0 0.190 -0.555 2.803 69 3.39 3.50 -0.760 -0.584 0 0.997 2.803 0.5059 4.0165
1777463941.8651495 0 0.190 -0.555 2.803 69 3.39 3.50 -0.760 -0.584 0 0.997 2.803 0.5059 4.0165
1777463941.9140956 0 0.191 -0.555 2.808 69 3.39 3.50 -0.760 -0.584 0 0.996 2.808 0.5056 4.0211
1777463941.9647343 0 0.191 -0.555 2.810 69 3.39 3.50 -0.760 -0.584 0 0.996 2.810 0.5053 4.0234
1777463941.9665446 0 0.191 -0.555 2.810 69 3.39 3.50 -0.760 -0.584 0 0.996 2.810 0.5053 4.0234
% 1777463942.0112197 robobot/cmd/ti rc 0 0.2
1777463942.0143661 0 0.191 -0.555 2.812 70 3.39 3.50 -0.760 -0.584 0 0.996 2.812 0.5051 4.0257
1777463942.06573 0 0.190 -0.555 2.821 70 3.39 3.50 -0.760 -0.584 0 0.996 2.821 0.5056 4.0338
1777463942.0660157 0 0.190 -0.555 2.821 70 3.39 3.50 -0.760 -0.584 0 0.996 2.821 0.5056 4.0338
1777463942.1147835 0 0.190 -0.555 2.824 70 3.39 3.50 -0.760 -0.584 0 0.997 2.824 0.5060 4.0373
1777463942.1656406 0 0.190 -0.555 2.836 70 3.39 3.50 -0.760 -0.584 0 0.997 2.836 0.5062 4.0489
1777463942.1661093 0 0.190 -0.555 2.836 70 3.39 3.50 -0.760 -0.584 0 0.997 2.836 0.5062 4.0489
% 1777463942.1995265 robobot/cmd/ti alive 2026-04-29 13:58:14.194757
1777463942.2151372 0 0.190 -0.555 2.849 70 3.39 3.50 -0.760 -0.584 0 0.996 2.849 0.5057 4.0627
1777463942.265349 0 0.191 -0.555 2.863 70 3.39 3.50 -0.760 -0.584 0 0.996 2.863 0.5055 4.0766
1777463942.2656317 0 0.191 -0.555 2.863 70 3.39 3.50 -0.760 -0.584 0 0.996 2.863 0.5055 4.0766
1777463942.3147805 0 0.191 -0.555 2.877 70 3.39 3.50 -0.760 -0.584 0 0.996 2.877 0.5056 4.0905
1777463942.3658478 0 0.191 -0.555 2.885 70 3.39 3.50 -0.760 -0.584 0 0.996 2.885 0.5055 4.0986
1777463942.3677194 0 0.191 -0.555 2.885 70 3.39 3.50 -0.760 -0.584 0 0.996 2.885 0.5055 4.0986
% 1777463942.411761 robobot/cmd/ti rc 0 0
1777463942.415544 0 0.191 -0.555 2.892 71 3.39 3.50 -0.760 -0.584 0 0.996 2.892 0.5054 4.1055
1777463942.4653168 0 0.190 -0.555 2.891 71 3.39 3.50 -0.760 -0.584 0 0.996 2.891 0.5055 4.1044
1777463942.4656188 0 0.190 -0.555 2.891 71 3.39 3.50 -0.760 -0.584 0 0.996 2.891 0.5055 4.1044
1777463942.5160606 0 0.190 -0.555 2.891 71 3.39 3.50 -0.760 -0.584 0 0.997 2.891 0.5058 4.1044
1777463942.5651186 0 0.190 -0.555 2.891 71 3.39 3.50 -0.760 -0.584 0 0.997 2.891 0.5060 4.1044
1777463942.566711 0 0.190 -0.555 2.891 71 3.39 3.50 -0.760 -0.584 0 0.997 2.891 0.5060 4.1044
1777463942.6161478 0 0.190 -0.555 2.891 71 3.39 3.50 -0.760 -0.584 0 0.997 2.891 0.5061 4.1044
1777463942.6660447 0 0.190 -0.555 2.891 71 3.39 3.50 -0.760 -0.584 0 0.997 2.891 0.5063 4.1044
1777463942.6670778 0 0.190 -0.555 2.891 71 3.39 3.50 -0.760 -0.584 0 0.997 2.891 0.5063 4.1044
% 1777463942.7022827 robobot/cmd/ti alive 2026-04-29 13:58:14.194757
1777463942.7161248 0 0.190 -0.555 2.891 71 3.39 3.50 -0.760 -0.584 0 0.997 2.891 0.5064 4.1044
1777463942.7682412 0 0.190 -0.555 2.891 71 3.39 3.50 -0.760 -0.584 0 0.997 2.891 0.5064 4.1044
1777463942.7687566 0 0.190 -0.555 2.891 71 3.39 3.50 -0.760 -0.584 0 0.997 2.891 0.5064 4.1044
% 1777463942.816523 robobot/cmd/ti rc 0.07 0
1777463942.8168678 0 0.190 -0.555 2.891 72 3.39 3.50 -0.760 -0.584 0 0.997 2.891 0.5065 4.1044
1777463942.867624 0 0.190 -0.555 2.892 72 3.39 3.50 -0.760 -0.584 0 0.997 2.892 0.5066 4.1055
1777463942.8678963 0 0.190 -0.555 2.892 72 3.39 3.50 -0.760 -0.584 0 0.997 2.892 0.5066 4.1055
1777463942.9160154 0 0.188 -0.554 2.888 72 3.39 3.50 -0.760 -0.584 0 0.998 2.888 0.5071 4.1009
1777463942.9666011 0 0.185 -0.554 2.885 72 3.39 3.50 -0.760 -0.584 0 1.001 2.885 0.5099 4.0986
1777463942.9673088 0 0.185 -0.553 2.885 72 3.39 3.50 -0.760 -0.584 0 1.001 2.885 0.5099 4.0986
1777463943.0157459 0 0.181 -0.552 2.884 72 3.39 3.50 -0.760 -0.584 0 1.004 2.884 0.5136 4.0974
1777463943.0664256 0 0.178 -0.552 2.886 72 3.39 3.50 -0.760 -0.584 0 1.008 2.886 0.5176 4.0997
1777463943.0666292 0 0.178 -0.551 2.886 72 3.39 3.50 -0.760 -0.584 0 1.008 2.886 0.5176 4.0997
1777463943.116468 0 0.174 -0.551 2.891 72 3.39 3.50 -0.760 -0.584 0 1.012 2.891 0.5214 4.1044
1777463943.1670253 0 0.171 -0.550 2.896 72 3.39 3.50 -0.760 -0.584 0 1.016 2.896 0.5254 4.1090
1777463943.1673815 0 0.170 -0.550 2.896 72 3.39 3.50 -0.760 -0.584 0 1.016 2.896 0.5254 4.1090
% 1777463943.2044404 robobot/cmd/ti alive 2026-04-29 13:58:14.194757
% 1777463943.2077725 robobot/cmd/ti rc 0.07 0
1777463943.2162292 0 0.167 -0.549 2.899 73 3.39 3.50 -0.760 -0.584 0 1.019 2.899 0.5287 4.1125
1777463943.2660863 0 0.164 -0.548 2.902 73 3.39 3.50 -0.760 -0.584 0 1.023 2.902 0.5320 4.1148
1777463943.2666314 0 0.164 -0.548 2.902 73 3.39 3.50 -0.760 -0.584 0 1.023 2.902 0.5320 4.1148
1777463943.316669 0 0.160 -0.547 2.902 73 3.39 3.50 -0.760 -0.584 0 1.026 2.902 0.5357 4.1148
1777463943.36613 0 0.157 -0.546 2.904 73 3.39 3.50 -0.760 -0.584 0 1.031 2.904 0.5399 4.1171
1777463943.366335 0 0.156 -0.546 2.905 73 3.39 3.50 -0.760 -0.584 0 1.031 2.905 0.5399 4.1182
1777463943.4168456 0 0.153 -0.545 2.906 73 3.39 3.50 -0.760 -0.584 0 1.034 2.906 0.5434 4.1194
1777463943.4661832 0 0.150 -0.545 2.907 73 3.39 3.50 -0.760 -0.584 0 1.038 2.907 0.5470 4.1206
1777463943.4677985 0 0.149 -0.545 2.907 73 3.39 3.50 -0.760 -0.584 0 1.038 2.907 0.5470 4.1206
1777463943.5172517 0 0.146 -0.544 2.905 73 3.39 3.50 -0.760 -0.584 0 1.041 2.905 0.5506 4.1182
1777463943.5703573 0 0.143 -0.543 2.904 73 3.39 3.50 -0.760 -0.584 0 1.046 2.904 0.5549 4.1171
1777463943.5719283 0 0.142 -0.543 2.905 73 3.39 3.50 -0.760 -0.584 0 1.046 2.905 0.5549 4.1182
1777463943.617463 0 0.139 -0.542 2.903 74 3.39 3.50 -0.760 -0.584 0 1.049 2.903 0.5578 4.1159
% 1777463943.621175 robobot/cmd/ti rc 0.07 0
1777463943.6668048 0 0.136 -0.541 2.900 74 3.39 3.50 -0.760 -0.584 0 1.052 2.900 0.5609 4.1136
1777463943.6670327 0 0.136 -0.541 2.902 74 3.39 3.50 -0.760 -0.584 0 1.052 2.902 0.5609 4.1148
% 1777463943.706489 robobot/cmd/ti alive 2026-04-29 13:58:14.194757
1777463943.7172558 0 0.133 -0.541 2.899 74 3.39 3.50 -0.760 -0.584 0 1.055 2.899 0.5645 4.1125
1777463943.770013 0 0.130 -0.540 2.898 74 3.39 3.50 -0.760 -0.584 0 1.059 2.898 0.5683 4.1113
1777463943.7703164 0 0.130 -0.540 2.899 74 3.39 3.50 -0.760 -0.584 0 1.059 2.899 0.5683 4.1125
1777463943.8170857 0 0.126 -0.539 2.897 74 3.39 3.50 -0.760 -0.584 0 1.063 2.897 0.5719 4.1101
1777463943.8663805 0 0.123 -0.538 2.898 74 3.39 3.50 -0.760 -0.584 0 1.066 2.898 0.5754 4.1113
1777463943.8675406 0 0.123 -0.538 2.897 74 3.39 3.50 -0.760 -0.584 0 1.066 2.897 0.5754 4.1101
1777463943.9177995 0 0.120 -0.537 2.898 74 3.39 3.50 -0.760 -0.584 0 1.070 2.898 0.5789 4.1113
1777463943.9678361 0 0.116 -0.536 2.898 74 3.39 3.50 -0.760 -0.584 0 1.074 2.898 0.5829 4.1113
1777463943.9696765 0 0.116 -0.536 2.898 74 3.39 3.50 -0.760 -0.584 0 1.074 2.898 0.5829 4.1113
1777463944.0183156 0 0.113 -0.536 2.895 75 3.39 3.50 -0.760 -0.584 0 1.077 2.895 0.5861 4.1078
% 1777463944.0201905 robobot/cmd/ti rc 0.07 0
1777463944.0667436 0 0.110 -0.535 2.896 75 3.39 3.50 -0.760 -0.584 0 1.080 2.896 0.5896 4.1090
1777463944.0678594 0 0.109 -0.535 2.896 75 3.39 3.50 -0.760 -0.584 0 1.080 2.896 0.5896 4.1090
1777463944.1182423 0 0.106 -0.534 2.898 75 3.39 3.50 -0.760 -0.584 0 1.084 2.898 0.5933 4.1113
1777463944.1687884 0 0.103 -0.533 2.897 75 3.39 3.50 -0.760 -0.584 0 1.088 2.897 0.5976 4.1101
1777463944.1690927 0 0.102 -0.533 2.897 75 3.39 3.50 -0.760 -0.584 0 1.088 2.897 0.5976 4.1101
% 1777463944.2090907 robobot/cmd/ti alive 2026-04-29 13:58:14.194757
1777463944.2189617 0 0.099 -0.532 2.896 75 3.39 3.50 -0.760 -0.584 0 1.092 2.896 0.6009 4.1090
1777463944.2670372 0 0.096 -0.531 2.895 75 3.39 3.50 -0.760 -0.584 0 1.095 2.895 0.6041 4.1078
1777463944.2682261 0 0.096 -0.531 2.896 75 3.39 3.50 -0.760 -0.584 0 1.095 2.896 0.6041 4.1090
1777463944.3183231 0 0.093 -0.531 2.895 75 3.39 3.50 -0.760 -0.584 0 1.098 2.895 0.6071 4.1078
1777463944.3676283 0 0.090 -0.530 2.893 75 3.39 3.50 -0.760 -0.584 0 1.102 2.893 0.6111 4.1067
1777463944.3687274 0 0.090 -0.530 2.893 75 3.39 3.50 -0.760 -0.584 0 1.102 2.893 0.6111 4.1067
% 1777463944.4105327 robobot/cmd/ti rc 0.07 0
1777463944.4184499 0 0.087 -0.529 2.892 76 3.39 3.50 -0.760 -0.584 0 1.105 2.892 0.6146 4.1055
1777463944.4670205 0 0.084 -0.528 2.890 76 3.39 3.50 -0.760 -0.584 0 1.109 2.890 0.6181 4.1032
1777463944.468189 0 0.084 -0.528 2.889 76 3.39 3.50 -0.760 -0.584 0 1.109 2.889 0.6181 4.1021
1777463944.5183737 0 0.080 -0.527 2.889 76 3.39 3.50 -0.760 -0.584 0 1.112 2.889 0.6214 4.1021
1777463944.5677834 0 0.078 -0.527 2.888 76 3.39 3.50 -0.760 -0.584 0 1.116 2.888 0.6248 4.1009
1777463944.5688367 0 0.077 -0.527 2.888 76 3.39 3.50 -0.760 -0.584 0 1.116 2.888 0.6248 4.1009
1777463944.6181583 0 0.074 -0.526 2.885 76 3.39 3.50 -0.760 -0.584 0 1.119 2.885 0.6280 4.0986
1777463944.6678703 0 0.072 -0.525 2.884 76 3.39 3.50 -0.760 -0.584 0 1.122 2.884 0.6312 4.0974
1777463944.6691806 0 0.071 -0.525 2.885 76 3.39 3.50 -0.760 -0.584 0 1.122 2.885 0.6312 4.0986
% 1777463944.7138035 robobot/cmd/ti alive 2026-04-29 13:58:14.194757
1777463944.7194867 0 0.068 -0.524 2.882 76 3.39 3.50 -0.760 -0.584 0 1.125 2.882 0.6343 4.0951
1777463944.7697856 0 0.065 -0.523 2.882 76 3.39 3.50 -0.760 -0.584 0 1.129 2.882 0.6383 4.0951
1777463944.7705321 0 0.065 -0.523 2.881 76 3.39 3.50 -0.760 -0.584 0 1.129 2.881 0.6383 4.0940
1777463944.8221533 0 0.061 -0.522 2.881 77 3.39 3.50 -0.760 -0.584 0 1.133 2.881 0.6420 4.0940
% 1777463944.8366115 robobot/cmd/ti rc 0.07 0
1777463944.867454 0 0.058 -0.521 2.880 77 3.39 3.50 -0.760 -0.584 0 1.136 2.880 0.6456 4.0928
1777463944.8695824 0 0.058 -0.521 2.880 77 3.39 3.50 -0.760 -0.584 0 1.136 2.880 0.6456 4.0928
1777463944.9192061 0 0.054 -0.520 2.881 77 3.39 3.50 -0.760 -0.584 0 1.140 2.881 0.6495 4.0940
1777463944.968115 0 0.051 -0.519 2.878 77 3.39 3.50 -0.760 -0.584 0 1.144 2.878 0.6534 4.0916
1777463944.969303 0 0.050 -0.519 2.877 77 3.39 3.50 -0.760 -0.584 0 1.144 2.877 0.6534 4.0905
1777463945.0190556 0 0.047 -0.519 2.876 77 3.39 3.50 -0.760 -0.584 0 1.148 2.876 0.6568 4.0893
1777463945.0671306 0 0.044 -0.518 2.878 77 3.39 3.50 -0.760 -0.584 0 1.151 2.878 0.6602 4.0916
1777463945.0694606 0 0.044 -0.518 2.878 77 3.39 3.50 -0.760 -0.584 0 1.151 2.878 0.6602 4.0916
1777463945.1189659 0 0.041 -0.517 2.877 77 3.39 3.50 -0.760 -0.584 0 1.154 2.877 0.6630 4.0905
1777463945.168593 0 0.038 -0.516 2.876 77 3.39 3.50 -0.760 -0.584 0 1.158 2.876 0.6668 4.0893
1777463945.1697214 0 0.038 -0.516 2.876 77 3.39 3.50 -0.760 -0.584 0 1.158 2.876 0.6668 4.0893
% 1777463945.2073147 robobot/cmd/ti rc 0.07 0
1777463945.218782 0 0.034 -0.515 2.876 78 3.39 3.50 -0.760 -0.584 0 1.161 2.876 0.6703 4.0893
% 1777463945.2207553 robobot/cmd/ti alive 2026-04-29 13:58:14.194757
1777463945.2674649 0 0.031 -0.514 2.875 78 3.39 3.50 -0.760 -0.584 0 1.164 2.875 0.6736 4.0882
1777463945.268742 0 0.031 -0.514 2.875 78 3.39 3.50 -0.760 -0.584 0 1.164 2.875 0.6736 4.0882
1777463945.3201773 0 0.028 -0.513 2.875 78 3.39 3.50 -0.760 -0.584 0 1.168 2.875 0.6770 4.0882
1777463945.3682797 0 0.025 -0.512 2.875 78 3.39 3.50 -0.760 -0.584 0 1.172 2.875 0.6808 4.0882
1777463945.370086 0 0.025 -0.512 2.876 78 3.39 3.50 -0.760 -0.584 0 1.172 2.876 0.6808 4.0893
1777463945.4197006 0 0.021 -0.511 2.874 78 3.39 3.50 -0.760 -0.584 0 1.175 2.874 0.6841 4.0870
1777463945.4673288 0 0.018 -0.511 2.872 78 3.39 3.50 -0.760 -0.584 0 1.179 2.872 0.6878 4.0847
1777463945.469655 0 0.018 -0.510 2.873 78 3.39 3.50 -0.760 -0.584 0 1.179 2.873 0.6878 4.0859
1777463945.5199735 0 0.015 -0.510 2.872 78 3.39 3.50 -0.760 -0.584 0 1.182 2.872 0.6916 4.0847
1777463945.5698204 0 0.012 -0.509 2.873 78 3.39 3.50 -0.760 -0.584 0 1.186 2.873 0.6949 4.0859
1777463945.5704684 0 0.011 -0.509 2.874 78 3.39 3.50 -0.760 -0.584 0 1.186 2.874 0.6949 4.0870
% 1777463945.6127431 robobot/cmd/ti rc 0.07 0
1777463945.6204588 0 0.009 -0.508 2.873 79 3.39 3.50 -0.760 -0.584 0 1.188 2.873 0.6976 4.0859
1777463945.667621 0 0.006 -0.507 2.872 79 3.39 3.50 -0.760 -0.584 0 1.192 2.872 0.7009 4.0847
1777463945.6697195 0 0.005 -0.507 2.872 79 3.39 3.50 -0.760 -0.584 0 1.192 2.872 0.7009 4.0847
1777463945.7199 0 0.001 -0.506 2.872 79 3.39 3.50 -0.760 -0.584 0 1.196 2.872 0.7051 4.0847
% 1777463945.7232363 robobot/cmd/ti alive 2026-04-29 13:58:14.194757
1777463945.7678862 0 -0.002 -0.505 2.872 79 3.39 3.50 -0.760 -0.584 0 1.199 2.872 0.7086 4.0847
1777463945.770001 0 -0.002 -0.505 2.872 79 3.39 3.50 -0.760 -0.584 0 1.199 2.872 0.7086 4.0847
1777463945.8203888 0 -0.005 -0.504 2.870 79 3.39 3.50 -0.760 -0.584 0 1.203 2.870 0.7121 4.0836
1777463945.867442 0 -0.009 -0.503 2.872 79 3.39 3.50 -0.760 -0.584 0 1.206 2.872 0.7157 4.0847
1777463945.8697357 0 -0.009 -0.503 2.872 79 3.39 3.50 -0.760 -0.584 0 1.206 2.872 0.7157 4.0847
1777463945.9204707 0 -0.012 -0.502 2.870 79 3.39 3.50 -0.760 -0.584 0 1.210 2.870 0.7193 4.0836
1777463945.96794 0 -0.015 -0.502 2.870 79 3.39 3.50 -0.760 -0.584 0 1.213 2.870 0.7223 4.0836
1777463945.970437 0 -0.015 -0.501 2.870 79 3.39 3.50 -0.760 -0.584 0 1.213 2.870 0.7223 4.0836
% 1777463946.0121102 robobot/cmd/ti rc 0.07 0
1777463946.0211303 0 -0.018 -0.501 2.870 80 3.39 3.50 -0.760 -0.584 0 1.216 2.870 0.7256 4.0836
1777463946.0675118 0 -0.021 -0.500 2.869 80 3.39 3.50 -0.760 -0.584 0 1.220 2.869 0.7292 4.0824
1777463946.0709386 0 -0.022 -0.500 2.869 80 3.39 3.50 -0.760 -0.584 0 1.220 2.869 0.7292 4.0824
1777463946.1213043 0 -0.025 -0.499 2.869 80 3.39 3.50 -0.760 -0.584 0 1.224 2.869 0.7333 4.0824
1777463946.1686127 0 -0.028 -0.498 2.869 80 3.39 3.50 -0.760 -0.584 0 1.227 2.869 0.7366 4.0824
1777463946.170993 0 -0.028 -0.498 2.868 80 3.39 3.50 -0.760 -0.584 0 1.227 2.868 0.7366 4.0812
1777463946.220542 0 -0.032 -0.497 2.867 80 3.39 3.50 -0.760 -0.584 0 1.231 2.867 0.7398 4.0801
% 1777463946.2255127 robobot/cmd/ti alive 2026-04-29 13:58:14.194757
1777463946.26765 0 -0.034 -0.496 2.867 80 3.39 3.50 -0.760 -0.584 0 1.234 2.867 0.7429 4.0801
1777463946.2707298 0 -0.035 -0.496 2.867 80 3.39 3.50 -0.760 -0.584 0 1.234 2.867 0.7429 4.0801
1777463946.3206344 0 -0.038 -0.495 2.867 80 3.39 3.50 -0.760 -0.584 0 1.238 2.867 0.7468 4.0801
1777463946.3679018 0 -0.041 -0.494 2.866 80 3.39 3.50 -0.760 -0.584 0 1.241 2.866 0.7503 4.0789
1777463946.3711944 0 -0.041 -0.494 2.866 80 3.39 3.50 -0.760 -0.584 0 1.241 2.866 0.7503 4.0789
% 1777463946.4124465 robobot/cmd/ti rc 0.07 0
1777463946.4211352 0 -0.045 -0.493 2.867 81 3.39 3.50 -0.760 -0.584 0 1.245 2.867 0.7538 4.0801
1777463946.4678323 0 -0.048 -0.492 2.866 81 3.39 3.50 -0.760 -0.584 0 1.248 2.866 0.7572 4.0789
1777463946.471182 0 -0.048 -0.492 2.866 81 3.39 3.50 -0.760 -0.584 0 1.248 2.866 0.7572 4.0789
1777463946.521254 0 -0.052 -0.491 2.866 81 3.39 3.50 -0.760 -0.584 0 1.252 2.866 0.7612 4.0789
1777463946.5719068 0 -0.055 -0.490 2.867 81 3.39 3.50 -0.760 -0.584 0 1.256 2.867 0.7648 4.0801
1777463946.5724807 0 -0.055 -0.490 2.867 81 3.39 3.50 -0.760 -0.584 0 1.256 2.867 0.7648 4.0801
1777463946.6211967 0 -0.058 -0.489 2.867 81 3.39 3.50 -0.760 -0.584 0 1.259 2.867 0.7683 4.0801
1777463946.6682553 0 -0.061 -0.488 2.866 81 3.39 3.50 -0.760 -0.584 0 1.262 2.866 0.7716 4.0789
1777463946.6720238 0 -0.062 -0.488 2.866 81 3.39 3.50 -0.760 -0.584 0 1.262 2.866 0.7716 4.0789
1777463946.721595 0 -0.065 -0.487 2.863 81 3.39 3.50 -0.760 -0.584 0 1.266 2.863 0.7753 4.0766
% 1777463946.7292964 robobot/cmd/ti alive 2026-04-29 13:58:14.194757
1777463946.7680616 0 -0.068 -0.487 2.863 81 3.39 3.50 -0.760 -0.584 0 1.269 2.863 0.7785 4.0766
1777463946.77256 0 -0.068 -0.486 2.863 81 3.39 3.50 -0.760 -0.584 0 1.269 2.863 0.7785 4.0766
% 1777463946.8042133 robobot/cmd/ti rc 0.07 0
1777463946.8220155 0 -0.071 -0.486 2.863 82 3.39 3.50 -0.760 -0.584 0 1.273 2.863 0.7818 4.0766
1777463946.867377 0 -0.075 -0.485 2.865 82 3.39 3.50 -0.760 -0.584 0 1.276 2.865 0.7853 4.0778
1777463946.8720818 0 -0.075 -0.485 2.865 82 3.39 3.50 -0.760 -0.584 0 1.277 2.865 0.7859 4.0778
1777463946.922196 0 -0.078 -0.484 2.865 82 3.39 3.50 -0.760 -0.584 0 1.280 2.865 0.7893 4.0778
1777463946.9684236 0 -0.081 -0.483 2.866 82 3.39 3.50 -0.760 -0.584 0 1.283 2.866 0.7926 4.0789
1777463946.972612 0 -0.082 -0.483 2.866 82 3.39 3.50 -0.760 -0.584 0 1.283 2.866 0.7926 4.0789
1777463947.022379 0 -0.085 -0.482 2.867 82 3.39 3.50 -0.760 -0.584 0 1.287 2.867 0.7960 4.0801
1777463947.067814 0 -0.088 -0.481 2.866 82 3.39 3.50 -0.760 -0.584 0 1.290 2.866 0.7995 4.0789
1777463947.0731034 0 -0.088 -0.481 2.866 82 3.39 3.50 -0.760 -0.584 0 1.291 2.866 0.8001 4.0789
1777463947.1221676 0 -0.092 -0.480 2.866 82 3.39 3.50 -0.760 -0.584 0 1.295 2.866 0.8038 4.0789
1777463947.1682224 0 -0.095 -0.479 2.866 82 3.39 3.50 -0.760 -0.584 0 1.298 2.866 0.8073 4.0789
1777463947.1719751 0 -0.095 -0.479 2.866 82 3.39 3.50 -0.760 -0.584 0 1.298 2.866 0.8073 4.0789
% 1777463947.2019804 robobot/cmd/ti rc 0.07 0
1777463947.2227592 0 -0.098 -0.478 2.866 83 3.39 3.50 -0.760 -0.584 0 1.301 2.866 0.8103 4.0789
% 1777463947.2317288 robobot/cmd/ti alive 2026-04-29 13:58:14.194757
1777463947.2684019 0 -0.101 -0.477 2.863 83 3.39 3.50 -0.760 -0.584 0 1.304 2.863 0.8135 4.0766
1777463947.2721574 0 -0.101 -0.477 2.863 83 3.39 3.50 -0.760 -0.584 0 1.305 2.863 0.8139 4.0766
1777463947.3224123 0 -0.104 -0.476 2.861 83 3.39 3.50 -0.760 -0.584 0 1.308 2.861 0.8171 4.0743
1777463947.368901 0 -0.107 -0.475 2.860 83 3.39 3.50 -0.760 -0.584 0 1.311 2.860 0.8203 4.0731
1777463947.3727994 0 -0.107 -0.475 2.861 83 3.39 3.50 -0.760 -0.584 0 1.311 2.861 0.8203 4.0743
1777463947.4229414 0 -0.111 -0.474 2.861 83 3.39 3.50 -0.760 -0.584 0 1.314 2.861 0.8233 4.0743
1777463947.46826 0 -0.114 -0.474 2.861 83 3.39 3.50 -0.760 -0.584 0 1.317 2.861 0.8267 4.0743
1777463947.4727306 0 -0.114 -0.473 2.861 83 3.39 3.50 -0.760 -0.584 0 1.318 2.861 0.8272 4.0743
1777463947.5234993 0 -0.118 -0.472 2.861 83 3.39 3.50 -0.760 -0.584 0 1.322 2.861 0.8308 4.0743
1777463947.5688324 0 -0.121 -0.471 2.861 83 3.39 3.50 -0.760 -0.584 0 1.325 2.861 0.8344 4.0743
1777463947.573222 0 -0.121 -0.471 2.861 83 3.39 3.50 -0.760 -0.584 0 1.325 2.861 0.8344 4.0743
% 1777463947.61208 robobot/cmd/ti rc 0.07 0
1777463947.6235466 0 -0.124 -0.470 2.861 84 3.39 3.50 -0.760 -0.584 0 1.328 2.861 0.8377 4.0743
1777463947.668753 0 -0.127 -0.470 2.861 84 3.39 3.50 -0.760 -0.584 0 1.332 2.861 0.8412 4.0743
1777463947.6734905 0 -0.128 -0.469 2.860 84 3.39 3.50 -0.760 -0.584 0 1.332 2.860 0.8417 4.0731
1777463947.7229996 0 -0.131 -0.468 2.861 84 3.39 3.50 -0.760 -0.584 0 1.336 2.861 0.8453 4.0743
% 1777463947.7335508 robobot/cmd/ti alive 2026-04-29 13:58:14.194757
1777463947.769239 0 -0.135 -0.467 2.862 84 3.39 3.50 -0.760 -0.584 0 1.340 2.862 0.8490 4.0755
1777463947.773753 0 -0.135 -0.467 2.862 84 3.39 3.50 -0.760 -0.584 0 1.340 2.862 0.8490 4.0755
1777463947.8235006 0 -0.138 -0.466 2.863 84 3.39 3.50 -0.760 -0.584 0 1.343 2.863 0.8524 4.0766
1777463947.868803 0 -0.142 -0.465 2.862 84 3.39 3.50 -0.760 -0.584 0 1.347 2.862 0.8559 4.0755
1777463947.873566 0 -0.142 -0.465 2.862 84 3.39 3.50 -0.760 -0.584 0 1.347 2.862 0.8566 4.0755
1777463947.923224 0 -0.146 -0.464 2.859 84 3.39 3.50 -0.760 -0.584 0 1.351 2.859 0.8604 4.0720
1777463947.9688148 0 -0.148 -0.464 2.861 84 3.39 3.50 -0.760 -0.584 0 1.355 2.861 0.8638 4.0743
1777463947.9737787 0 -0.149 -0.463 2.860 84 3.39 3.50 -0.760 -0.584 0 1.355 2.860 0.8638 4.0731
% 1777463948.01196 robobot/cmd/ti rc 0.07 0
1777463948.0228913 0 -0.151 -0.463 2.860 85 3.39 3.50 -0.760 -0.584 0 1.357 2.860 0.8666 4.0731
1777463948.0680065 0 -0.154 -0.462 2.857 85 3.39 3.50 -0.760 -0.584 0 1.360 2.857 0.8692 4.0697
1777463948.0736566 0 -0.154 -0.462 2.857 85 3.39 3.50 -0.760 -0.584 0 1.360 2.857 0.8697 4.0697
1777463948.1241434 0 -0.157 -0.461 2.855 85 3.39 3.50 -0.760 -0.584 0 1.363 2.855 0.8725 4.0685
1777463948.170027 0 -0.160 -0.460 2.855 85 3.39 3.50 -0.760 -0.584 0 1.366 2.855 0.8754 4.0685
1777463948.1746988 0 -0.160 -0.460 2.855 85 3.39 3.50 -0.760 -0.584 0 1.366 2.855 0.8754 4.0685
1777463948.2247038 0 -0.164 -0.459 2.855 85 3.39 3.50 -0.760 -0.584 0 1.370 2.855 0.8790 4.0685
% 1777463948.2355223 robobot/cmd/ti alive 2026-04-29 13:58:14.194757
1777463948.2693396 0 -0.167 -0.458 2.859 85 3.39 3.50 -0.760 -0.584 0 1.373 2.859 0.8826 4.0720
1777463948.2743897 0 -0.167 -0.458 2.859 85 3.39 3.50 -0.760 -0.584 0 1.374 2.859 0.8831 4.0720
1777463948.3243942 0 -0.171 -0.457 2.860 85 3.39 3.50 -0.760 -0.584 0 1.378 2.860 0.8870 4.0731
1777463948.3702822 0 -0.174 -0.456 2.860 85 3.39 3.50 -0.760 -0.584 0 1.381 2.860 0.8907 4.0731
1777463948.3750858 0 -0.174 -0.456 2.859 85 3.39 3.50 -0.760 -0.584 0 1.381 2.859 0.8907 4.0720
% 1777463948.4131248 robobot/cmd/ti rc 0 0
% 1777463948.4143124 robobot/cmd/T0 servo 2 -450 200
1777463948.4243248 0 -0.178 -0.455 2.860 86 3.39 3.50 -0.760 -0.584 0 1.385 2.860 0.8943 4.0731
1777463948.469929 0 -0.180 -0.454 2.853 86 3.39 3.50 -0.760 -0.584 0 1.388 2.853 0.8970 4.0662
1777463948.4744146 0 -0.180 -0.454 2.852 86 3.39 3.50 -0.760 -0.584 0 1.388 2.852 0.8972 4.0651
1777463948.5246236 0 -0.181 -0.454 2.848 86 3.39 3.50 -0.760 -0.584 0 1.390 2.848 0.8990 4.0616
1777463948.5692847 0 -0.181 -0.454 2.849 86 3.39 3.50 -0.760 -0.584 0 1.391 2.849 0.9000 4.0627
1777463948.574462 0 -0.181 -0.454 2.849 86 3.39 3.50 -0.760 -0.584 0 1.391 2.849 0.9000 4.0627
1777463948.6242995 0 -0.181 -0.454 2.849 86 3.39 3.50 -0.760 -0.584 0 1.391 2.849 0.9006 4.0627
1777463948.669483 0 -0.181 -0.454 2.849 86 3.39 3.50 -0.760 -0.584 0 1.392 2.849 0.9010 4.0627
1777463948.6739645 0 -0.181 -0.454 2.849 86 3.39 3.50 -0.760 -0.584 0 1.392 2.849 0.9011 4.0627
1777463948.724699 0 -0.181 -0.454 2.849 86 3.39 3.50 -0.760 -0.584 0 1.392 2.849 0.9013 4.0627
% 1777463948.7380617 robobot/cmd/ti alive 2026-04-29 13:58:14.194757
1777463948.7698183 0 -0.181 -0.454 2.849 86 3.39 3.50 -0.760 -0.584 0 1.392 2.849 0.9016 4.0627
1777463948.7748682 0 -0.181 -0.454 2.849 86 3.39 3.50 -0.760 -0.584 0 1.392 2.849 0.9016 4.0627
1777463948.8252504 0 -0.181 -0.454 2.849 86 3.39 3.50 -0.760 -0.584 0 1.393 2.849 0.9018 4.0627
1777463948.8688223 0 -0.181 -0.454 2.849 86 3.39 3.50 -0.760 -0.584 0 1.393 2.849 0.9019 4.0627
1777463948.8748891 0 -0.181 -0.454 2.849 86 3.39 3.50 -0.760 -0.584 0 1.393 2.849 0.9019 4.0627
1777463948.9253275 0 -0.181 -0.454 2.849 86 3.39 3.50 -0.760 -0.584 0 1.393 2.849 0.9021 4.0627
1777463948.9697149 0 -0.181 -0.454 2.849 86 3.39 3.50 -0.760 -0.584 0 1.393 2.849 0.9022 4.0627
1777463948.9753115 0 -0.181 -0.454 2.849 86 3.39 3.50 -0.760 -0.584 0 1.393 2.849 0.9022 4.0627
1777463949.0251698 0 -0.181 -0.454 2.849 86 3.39 3.50 -0.760 -0.584 0 1.393 2.849 0.9023 4.0627
1777463949.0689762 0 -0.181 -0.454 2.849 86 3.39 3.50 -0.760 -0.584 0 1.393 2.849 0.9023 4.0627
1777463949.074811 0 -0.181 -0.454 2.849 86 3.39 3.50 -0.760 -0.584 0 1.393 2.849 0.9023 4.0627
1777463949.1249835 0 -0.181 -0.454 2.849 86 3.39 3.50 -0.760 -0.584 0 1.393 2.849 0.9023 4.0627
1777463949.1697283 0 -0.181 -0.454 2.849 86 3.39 3.50 -0.760 -0.584 0 1.393 2.849 0.9023 4.0627
1777463949.1751418 0 -0.181 -0.454 2.849 86 3.39 3.50 -0.760 -0.584 0 1.393 2.849 0.9023 4.0627
1777463949.2255585 0 -0.181 -0.454 2.849 86 3.39 3.50 -0.760 -0.584 0 1.393 2.849 0.9023 4.0627
% 1777463949.241669 robobot/cmd/ti alive 2026-04-29 13:58:14.194757
1777463949.270138 0 -0.181 -0.454 2.849 86 3.39 3.50 -0.760 -0.584 0 1.393 2.849 0.9023 4.0627
1777463949.275347 0 -0.181 -0.454 2.849 86 3.39 3.50 -0.760 -0.584 0 1.393 2.849 0.9023 4.0627
1777463949.3256717 0 -0.181 -0.454 2.849 86 3.39 3.50 -0.760 -0.584 0 1.393 2.849 0.9023 4.0627
1777463949.3705978 0 -0.181 -0.454 2.849 86 3.39 3.50 -0.760 -0.584 0 1.393 2.849 0.9023 4.0627
1777463949.3760881 0 -0.181 -0.454 2.849 86 3.39 3.50 -0.760 -0.584 0 1.393 2.849 0.9023 4.0627
% 1777463949.4153328 robobot/cmd/T0 servo 2 270 150
1777463949.4262636 0 -0.181 -0.454 2.849 86 3.39 3.50 -0.760 -0.584 0 1.393 2.849 0.9023 4.0627
1777463949.4693158 0 -0.181 -0.454 2.849 86 3.39 3.50 -0.760 -0.584 0 1.393 2.849 0.9023 4.0627
1777463949.4761271 0 -0.181 -0.454 2.849 86 3.39 3.50 -0.760 -0.584 0 1.393 2.849 0.9023 4.0627
1777463949.5262277 0 -0.181 -0.454 2.849 86 3.39 3.50 -0.760 -0.584 0 1.393 2.849 0.9023 4.0627
1777463949.5698736 0 -0.181 -0.454 2.849 86 3.39 3.50 -0.760 -0.584 0 1.393 2.849 0.9023 4.0627
1777463949.5769534 0 -0.181 -0.454 2.849 86 3.39 3.50 -0.760 -0.584 0 1.393 2.849 0.9023 4.0627
1777463949.6259196 0 -0.181 -0.454 2.849 86 3.39 3.50 -0.760 -0.584 0 1.393 2.849 0.9023 4.0627
1777463949.669259 0 -0.181 -0.454 2.849 86 3.39 3.50 -0.760 -0.584 0 1.393 2.849 0.9023 4.0627
1777463949.6762373 0 -0.181 -0.454 2.849 86 3.39 3.50 -0.760 -0.584 0 1.393 2.849 0.9023 4.0627
1777463949.726208 0 -0.181 -0.454 2.849 86 3.39 3.50 -0.760 -0.584 0 1.393 2.849 0.9023 4.0627
% 1777463949.7451556 robobot/cmd/ti alive 2026-04-29 13:58:14.194757
1777463949.7698524 0 -0.181 -0.454 2.849 86 3.39 3.50 -0.760 -0.584 0 1.393 2.849 0.9023 4.0627
1777463949.777133 0 -0.181 -0.454 2.849 86 3.39 3.50 -0.760 -0.584 0 1.393 2.849 0.9023 4.0627
1777463949.8267334 0 -0.181 -0.454 2.849 86 3.39 3.50 -0.760 -0.584 0 1.393 2.849 0.9023 4.0627
1777463949.8702118 0 -0.181 -0.454 2.849 86 3.39 3.50 -0.760 -0.584 0 1.393 2.849 0.9023 4.0627
1777463949.8763998 0 -0.181 -0.454 2.849 86 3.39 3.50 -0.760 -0.584 0 1.393 2.849 0.9023 4.0627
1777463949.926621 0 -0.181 -0.454 2.849 86 3.39 3.50 -0.760 -0.584 0 1.393 2.849 0.9023 4.0627
1777463949.970397 0 -0.181 -0.454 2.849 86 3.39 3.50 -0.760 -0.584 0 1.393 2.849 0.9023 4.0627
1777463949.976167 0 -0.181 -0.454 2.849 86 3.39 3.50 -0.760 -0.584 0 1.393 2.849 0.9023 4.0627
1777463950.0267296 0 -0.181 -0.454 2.849 86 3.39 3.50 -0.760 -0.584 0 1.393 2.849 0.9023 4.0627
1777463950.0701523 0 -0.181 -0.454 2.849 86 3.39 3.50 -0.760 -0.584 0 1.393 2.849 0.9023 4.0627
1777463950.076946 0 -0.181 -0.454 2.849 86 3.39 3.50 -0.760 -0.584 0 1.393 2.849 0.9023 4.0627
1777463950.126953 0 -0.181 -0.454 2.849 86 3.39 3.50 -0.760 -0.584 0 1.393 2.849 0.9023 4.0627
1777463950.1704862 0 -0.181 -0.454 2.849 86 3.39 3.50 -0.760 -0.584 0 1.393 2.849 0.9023 4.0627
1777463950.17827 0 -0.181 -0.454 2.849 86 3.39 3.50 -0.760 -0.584 0 1.393 2.849 0.9023 4.0627
1777463950.2264447 0 -0.181 -0.454 2.849 86 3.39 3.50 -0.760 -0.584 0 1.393 2.849 0.9023 4.0627
% 1777463950.2475755 robobot/cmd/ti alive 2026-04-29 13:58:14.194757
1777463950.2700984 0 -0.181 -0.454 2.849 86 3.39 3.50 -0.760 -0.584 0 1.393 2.849 0.9023 4.0627
1777463950.2771635 0 -0.181 -0.454 2.849 86 3.39 3.50 -0.760 -0.584 0 1.393 2.849 0.9023 4.0627
1777463950.3265235 0 -0.181 -0.454 2.849 86 3.39 3.50 -0.760 -0.584 0 1.393 2.849 0.9023 4.0627
1777463950.3707662 0 -0.181 -0.454 2.849 86 3.39 3.50 -0.760 -0.584 0 1.393 2.849 0.9023 4.0627
1777463950.3767521 0 -0.181 -0.454 2.849 86 3.39 3.50 -0.760 -0.584 0 1.393 2.849 0.9023 4.0627
% 1777463950.4197638 robobot/cmd/T0 servo 1 657 100
1777463950.4274287 0 -0.181 -0.454 2.849 86 3.39 3.50 -0.760 -0.584 0 1.393 2.849 0.9023 4.0627
1777463950.4695823 0 -0.181 -0.454 2.849 86 3.39 3.50 -0.760 -0.584 0 1.393 2.849 0.9023 4.0627
1777463950.4779766 0 -0.181 -0.454 2.849 86 3.39 3.50 -0.760 -0.584 0 1.393 2.849 0.9023 4.0627
1777463950.5273094 0 -0.181 -0.454 2.849 86 3.39 3.50 -0.760 -0.584 0 1.393 2.849 0.9023 4.0627
1777463950.5705998 0 -0.181 -0.454 2.849 86 3.39 3.50 -0.760 -0.584 0 1.393 2.849 0.9023 4.0627
1777463950.5785584 0 -0.181 -0.454 2.849 86 3.39 3.50 -0.760 -0.584 0 1.393 2.849 0.9023 4.0627
1777463950.627267 0 -0.181 -0.454 2.849 86 3.39 3.50 -0.760 -0.584 0 1.393 2.849 0.9023 4.0627
1777463950.6694863 0 -0.181 -0.454 2.849 86 3.39 3.50 -0.760 -0.584 0 1.393 2.849 0.9023 4.0627
1777463950.677536 0 -0.181 -0.454 2.849 86 3.39 3.50 -0.760 -0.584 0 1.393 2.849 0.9023 4.0627
% 1777463950.7518656 robobot/cmd/ti alive 2026-04-29 13:58:14.194757
1777463950.7637203 0 -0.181 -0.454 2.849 86 3.39 3.50 -0.760 -0.584 0 1.393 2.849 0.9023 4.0627
1777463950.775838 0 -0.181 -0.454 2.849 86 3.39 3.50 -0.760 -0.584 0 1.393 2.849 0.9023 4.0627
1777463950.7775953 0 -0.181 -0.454 2.849 86 3.39 3.50 -0.760 -0.584 0 1.393 2.849 0.9023 4.0627
1777463950.827119 0 -0.181 -0.454 2.849 86 3.39 3.50 -0.760 -0.584 0 1.393 2.849 0.9023 4.0627
1777463950.870466 0 -0.181 -0.454 2.849 86 3.39 3.50 -0.760 -0.584 0 1.393 2.849 0.9023 4.0627
1777463950.8769684 0 -0.181 -0.454 2.849 86 3.39 3.50 -0.760 -0.584 0 1.393 2.849 0.9023 4.0627
1777463950.927268 0 -0.181 -0.454 2.849 86 3.39 3.50 -0.760 -0.584 0 1.393 2.849 0.9023 4.0627
1777463950.9707174 0 -0.181 -0.454 2.849 86 3.39 3.50 -0.760 -0.584 0 1.393 2.849 0.9023 4.0627
1777463950.9774535 0 -0.181 -0.454 2.849 86 3.39 3.50 -0.760 -0.584 0 1.393 2.849 0.9023 4.0627
1777463951.0274844 0 -0.181 -0.454 2.849 86 3.39 3.50 -0.760 -0.584 0 1.393 2.849 0.9023 4.0627
1777463951.0704472 0 -0.181 -0.454 2.849 86 3.39 3.50 -0.760 -0.584 0 1.393 2.849 0.9023 4.0627
1777463951.0777497 0 -0.181 -0.454 2.849 86 3.39 3.50 -0.760 -0.584 0 1.393 2.849 0.9023 4.0627
1777463951.1280434 0 -0.181 -0.454 2.849 86 3.39 3.50 -0.760 -0.584 0 1.393 2.849 0.9023 4.0627
1777463951.170288 0 -0.181 -0.454 2.849 86 3.39 3.50 -0.760 -0.584 0 1.393 2.849 0.9023 4.0627
1777463951.1784222 0 -0.181 -0.454 2.849 86 3.39 3.50 -0.760 -0.584 0 1.393 2.849 0.9023 4.0627
1777463951.228641 0 -0.181 -0.454 2.849 86 3.39 3.50 -0.760 -0.584 0 1.393 2.849 0.9023 4.0627
% 1777463951.25632 robobot/cmd/ti alive 2026-04-29 13:58:14.194757
1777463951.270571 0 -0.181 -0.454 2.849 86 3.39 3.50 -0.760 -0.584 0 1.393 2.849 0.9023 4.0627
1777463951.2780967 0 -0.181 -0.454 2.849 86 3.39 3.50 -0.760 -0.584 0 1.393 2.849 0.9023 4.0627
1777463951.3282905 0 -0.181 -0.454 2.849 86 3.39 3.50 -0.760 -0.584 0 1.393 2.849 0.9023 4.0627
1777463951.371076 0 -0.181 -0.454 2.849 86 3.39 3.50 -0.760 -0.584 0 1.393 2.849 0.9023 4.0627
1777463951.3790562 0 -0.181 -0.454 2.849 86 3.39 3.50 -0.760 -0.584 0 1.393 2.849 0.9023 4.0627
% 1777463951.4259503 robobot/cmd/T0 servo 1 750 170
1777463951.4279845 0 -0.181 -0.454 2.849 86 3.39 3.50 -0.760 -0.584 0 1.393 2.849 0.9023 4.0627
1777463951.4703135 0 -0.181 -0.454 2.849 86 3.39 3.50 -0.760 -0.584 0 1.393 2.849 0.9023 4.0627
1777463951.4789858 0 -0.181 -0.454 2.849 86 3.39 3.50 -0.760 -0.584 0 1.393 2.849 0.9023 4.0627
1777463951.5280678 0 -0.181 -0.454 2.849 86 3.39 3.50 -0.760 -0.584 0 1.393 2.849 0.9023 4.0627
1777463951.5703835 0 -0.181 -0.454 2.849 86 3.39 3.50 -0.760 -0.584 0 1.393 2.849 0.9023 4.0627
1777463951.5781355 0 -0.181 -0.454 2.849 86 3.39 3.50 -0.760 -0.584 0 1.393 2.849 0.9023 4.0627
1777463951.6277397 0 -0.181 -0.454 2.849 86 3.39 3.50 -0.760 -0.584 0 1.393 2.849 0.9023 4.0627
1777463951.67047 0 -0.181 -0.454 2.849 86 3.39 3.50 -0.760 -0.584 0 1.393 2.849 0.9023 4.0627
1777463951.6784844 0 -0.181 -0.454 2.849 86 3.39 3.50 -0.760 -0.584 0 1.393 2.849 0.9023 4.0627
1777463951.728156 0 -0.181 -0.454 2.849 86 3.39 3.50 -0.760 -0.584 0 1.393 2.849 0.9023 4.0627
% 1777463951.7594457 robobot/cmd/ti alive 2026-04-29 13:58:14.194757
1777463951.7704196 0 -0.181 -0.454 2.849 86 3.39 3.50 -0.760 -0.584 0 1.393 2.849 0.9023 4.0627
1777463951.7787032 0 -0.181 -0.454 2.849 86 3.39 3.50 -0.760 -0.584 0 1.393 2.849 0.9023 4.0627
1777463951.8285093 0 -0.181 -0.454 2.849 86 3.39 3.50 -0.760 -0.584 0 1.393 2.849 0.9023 4.0627
1777463951.870618 0 -0.181 -0.454 2.849 86 3.39 3.50 -0.760 -0.584 0 1.393 2.849 0.9023 4.0627
1777463951.879504 0 -0.181 -0.454 2.849 86 3.39 3.50 -0.760 -0.584 0 1.393 2.849 0.9023 4.0627
1777463951.9285853 0 -0.181 -0.454 2.849 86 3.39 3.50 -0.760 -0.584 0 1.393 2.849 0.9023 4.0627
1777463951.9710708 0 -0.181 -0.454 2.849 86 3.39 3.50 -0.760 -0.584 0 1.393 2.849 0.9023 4.0627
1777463951.9788878 0 -0.181 -0.454 2.849 86 3.39 3.50 -0.760 -0.584 0 1.393 2.849 0.9023 4.0627
1777463952.028475 0 -0.181 -0.454 2.849 86 3.39 3.50 -0.760 -0.584 0 1.393 2.849 0.9023 4.0627
1777463952.0702715 0 -0.181 -0.454 2.849 86 3.39 3.50 -0.760 -0.584 0 1.393 2.849 0.9023 4.0627
1777463952.0786703 0 -0.181 -0.454 2.849 86 3.39 3.50 -0.760 -0.584 0 1.393 2.849 0.9023 4.0627
1777463952.1294541 0 -0.181 -0.454 2.849 86 3.39 3.50 -0.760 -0.584 0 1.393 2.849 0.9023 4.0627
1777463952.1701636 0 -0.181 -0.454 2.849 86 3.39 3.50 -0.760 -0.584 0 1.393 2.849 0.9023 4.0627
1777463952.179176 0 -0.181 -0.454 2.849 86 3.39 3.50 -0.760 -0.584 0 1.393 2.849 0.9023 4.0627
1777463952.2287822 0 -0.181 -0.454 2.849 86 3.39 3.50 -0.760 -0.584 0 1.393 2.849 0.9023 4.0627
% 1777463952.26163 robobot/cmd/ti alive 2026-04-29 13:58:14.194757
1777463952.2704818 0 -0.181 -0.454 2.849 86 3.39 3.50 -0.760 -0.584 0 1.393 2.849 0.9023 4.0627
1777463952.2796662 0 -0.181 -0.454 2.849 86 3.39 3.50 -0.760 -0.584 0 1.393 2.849 0.9023 4.0627
1777463952.3297718 0 -0.181 -0.454 2.849 86 3.39 3.50 -0.760 -0.584 0 1.393 2.849 0.9023 4.0627
1777463952.3709118 0 -0.181 -0.454 2.849 86 3.39 3.50 -0.760 -0.584 0 1.393 2.849 0.9023 4.0627
1777463952.3795822 0 -0.181 -0.454 2.849 86 3.39 3.50 -0.760 -0.584 0 1.393 2.849 0.9023 4.0627
1777463952.429088 0 -0.181 -0.454 2.849 86 3.39 3.50 -0.760 -0.584 0 1.393 2.849 0.9023 4.0627
1777463952.469928 0 -0.181 -0.454 2.849 86 3.39 3.50 -0.760 -0.584 0 1.393 2.849 0.9023 4.0627
1777463952.4792523 0 -0.181 -0.454 2.849 86 3.39 3.50 -0.760 -0.584 0 1.393 2.849 0.9023 4.0627
1777463952.5300927 0 -0.181 -0.454 2.849 86 3.39 3.50 -0.760 -0.584 0 1.393 2.849 0.9023 4.0627
1777463952.5725813 0 -0.181 -0.454 2.849 86 3.39 3.50 -0.760 -0.584 0 1.393 2.849 0.9023 4.0627
1777463952.579786 0 -0.181 -0.454 2.849 86 3.39 3.50 -0.760 -0.584 0 1.393 2.849 0.9023 4.0627
1777463952.6294918 0 -0.181 -0.454 2.849 86 3.39 3.50 -0.760 -0.584 0 1.393 2.849 0.9023 4.0627
1777463952.6700926 0 -0.181 -0.454 2.849 86 3.39 3.50 -0.760 -0.584 0 1.393 2.849 0.9023 4.0627
1777463952.6795077 0 -0.181 -0.454 2.849 86 3.39 3.50 -0.760 -0.584 0 1.393 2.849 0.9023 4.0627
1777463952.7305672 0 -0.181 -0.454 2.849 86 3.39 3.50 -0.760 -0.584 0 1.393 2.849 0.9023 4.0627
% 1777463952.7636964 robobot/cmd/ti alive 2026-04-29 13:58:14.194757
1777463952.7731547 0 -0.181 -0.454 2.849 86 3.39 3.50 -0.760 -0.584 0 1.393 2.849 0.9023 4.0627
1777463952.7811153 0 -0.181 -0.454 2.849 86 3.39 3.50 -0.760 -0.584 0 1.393 2.849 0.9023 4.0627
1777463952.8302543 0 -0.181 -0.454 2.849 86 3.39 3.50 -0.760 -0.584 0 1.393 2.849 0.9023 4.0627
1777463952.8712375 0 -0.181 -0.454 2.849 86 3.39 3.50 -0.760 -0.584 0 1.393 2.849 0.9023 4.0627
1777463952.8802574 0 -0.181 -0.454 2.849 86 3.39 3.50 -0.760 -0.584 0 1.393 2.849 0.9023 4.0627
1777463952.9302068 0 -0.181 -0.454 2.849 86 3.39 3.50 -0.760 -0.584 0 1.393 2.849 0.9023 4.0627
1777463952.9715135 0 -0.181 -0.454 2.849 86 3.39 3.50 -0.760 -0.584 0 1.393 2.849 0.9023 4.0627
1777463952.9800065 0 -0.181 -0.454 2.849 86 3.39 3.50 -0.760 -0.584 0 1.393 2.849 0.9023 4.0627
1777463953.0305161 0 -0.181 -0.454 2.849 86 3.39 3.50 -0.760 -0.584 0 1.393 2.849 0.9023 4.0627
1777463953.07139 0 -0.181 -0.454 2.849 86 3.39 3.50 -0.760 -0.584 0 1.393 2.849 0.9023 4.0627
1777463953.0806239 0 -0.181 -0.454 2.849 86 3.39 3.50 -0.760 -0.584 0 1.393 2.849 0.9023 4.0627
1777463953.1306143 0 -0.181 -0.454 2.849 86 3.39 3.50 -0.760 -0.584 0 1.393 2.849 0.9023 4.0627
1777463953.1720312 0 -0.181 -0.454 2.849 86 3.39 3.50 -0.760 -0.584 0 1.393 2.849 0.9023 4.0627
1777463953.1806626 0 -0.181 -0.454 2.849 86 3.39 3.50 -0.760 -0.584 0 1.393 2.849 0.9023 4.0627
1777463953.230111 0 -0.181 -0.454 2.849 86 3.39 3.50 -0.760 -0.584 0 1.393 2.849 0.9023 4.0627
% 1777463953.2666888 robobot/cmd/ti alive 2026-04-29 13:58:14.194757
1777463953.2711718 0 -0.181 -0.454 2.849 86 3.39 3.50 -0.760 -0.584 0 1.393 2.849 0.9023 4.0627
1777463953.2804832 0 -0.181 -0.454 2.849 86 3.39 3.50 -0.760 -0.584 0 1.393 2.849 0.9023 4.0627
1777463953.3304713 0 -0.181 -0.454 2.849 86 3.39 3.50 -0.760 -0.584 0 1.393 2.849 0.9023 4.0627
1777463953.3717227 0 -0.181 -0.454 2.849 86 3.39 3.50 -0.760 -0.584 0 1.393 2.849 0.9023 4.0627
1777463953.3815773 0 -0.181 -0.454 2.849 86 3.39 3.50 -0.760 -0.584 0 1.393 2.849 0.9023 4.0627
1777463953.4315903 0 -0.181 -0.454 2.849 86 3.39 3.50 -0.760 -0.584 0 1.393 2.849 0.9023 4.0627
1777463953.4713778 0 -0.181 -0.454 2.849 86 3.39 3.50 -0.760 -0.584 0 1.393 2.849 0.9023 4.0627
1777463953.4813116 0 -0.181 -0.454 2.849 86 3.39 3.50 -0.760 -0.584 0 1.393 2.849 0.9023 4.0627
1777463953.530797 0 -0.181 -0.454 2.849 86 3.39 3.50 -0.760 -0.584 0 1.393 2.849 0.9023 4.0627
1777463953.57426 0 -0.181 -0.454 2.849 86 3.39 3.50 -0.760 -0.584 0 1.393 2.849 0.9023 4.0627
1777463953.5814095 0 -0.181 -0.454 2.849 86 3.39 3.50 -0.760 -0.584 0 1.393 2.849 0.9023 4.0627
1777463953.6315498 0 -0.181 -0.454 2.849 86 3.39 3.50 -0.760 -0.584 0 1.393 2.849 0.9023 4.0627
1777463953.6712701 0 -0.181 -0.454 2.849 86 3.39 3.50 -0.760 -0.584 0 1.393 2.849 0.9023 4.0627
1777463953.6818268 0 -0.181 -0.454 2.849 86 3.39 3.50 -0.760 -0.584 0 1.393 2.849 0.9023 4.0627
1777463953.730934 0 -0.181 -0.454 2.849 86 3.39 3.50 -0.760 -0.584 0 1.393 2.849 0.9023 4.0627
% 1777463953.7688012 robobot/cmd/ti alive 2026-04-29 13:58:14.194757
1777463953.772423 0 -0.181 -0.454 2.849 86 3.39 3.50 -0.760 -0.584 0 1.393 2.849 0.9023 4.0627
1777463953.7816408 0 -0.181 -0.454 2.849 86 3.39 3.50 -0.760 -0.584 0 1.393 2.849 0.9023 4.0627
1777463953.8312628 0 -0.181 -0.454 2.849 86 3.39 3.50 -0.760 -0.584 0 1.393 2.849 0.9023 4.0627
1777463953.8716302 0 -0.181 -0.454 2.849 86 3.39 3.50 -0.760 -0.584 0 1.393 2.849 0.9023 4.0627
1777463953.8818622 0 -0.181 -0.454 2.849 86 3.39 3.50 -0.760 -0.584 0 1.393 2.849 0.9023 4.0627
1777463953.9309084 0 -0.181 -0.454 2.849 86 3.39 3.50 -0.760 -0.584 0 1.393 2.849 0.9023 4.0627
1777463953.9756804 0 -0.181 -0.454 2.849 86 3.39 3.50 -0.760 -0.584 0 1.393 2.849 0.9023 4.0627
1777463953.9809437 0 -0.181 -0.454 2.849 86 3.39 3.50 -0.760 -0.584 0 1.393 2.849 0.9023 4.0627
1777463954.0317023 0 -0.181 -0.454 2.849 86 3.39 3.50 -0.760 -0.584 0 1.393 2.849 0.9023 4.0627
1777463954.0712075 0 -0.181 -0.454 2.849 86 3.39 3.50 -0.760 -0.584 0 1.393 2.849 0.9023 4.0627
1777463954.0817966 0 -0.181 -0.454 2.849 86 3.39 3.50 -0.760 -0.584 0 1.393 2.849 0.9023 4.0627
1777463954.1318376 0 -0.181 -0.454 2.849 86 3.39 3.50 -0.760 -0.584 0 1.393 2.849 0.9023 4.0627
1777463954.1718621 0 -0.181 -0.454 2.849 86 3.39 3.50 -0.760 -0.584 0 1.393 2.849 0.9023 4.0627
1777463954.1817338 0 -0.181 -0.454 2.849 86 3.39 3.50 -0.760 -0.584 0 1.393 2.849 0.9023 4.0627
1777463954.2320356 0 -0.181 -0.454 2.849 86 3.39 3.50 -0.760 -0.584 0 1.393 2.849 0.9023 4.0627
% 1777463954.270935 robobot/cmd/ti alive 2026-04-29 13:58:14.194757
1777463954.2717283 0 -0.181 -0.454 2.849 86 3.39 3.50 -0.760 -0.584 0 1.393 2.849 0.9023 4.0627
1777463954.281337 0 -0.181 -0.454 2.849 86 3.39 3.50 -0.760 -0.584 0 1.393 2.849 0.9023 4.0627
1777463954.3316455 0 -0.181 -0.454 2.849 86 3.39 3.50 -0.760 -0.584 0 1.393 2.849 0.9023 4.0627
1777463954.372281 0 -0.181 -0.454 2.849 86 3.39 3.50 -0.760 -0.584 0 1.393 2.849 0.9023 4.0627
1777463954.3819113 0 -0.181 -0.454 2.849 86 3.39 3.50 -0.760 -0.584 0 1.393 2.849 0.9023 4.0627
% 1777463954.429502 robobot/cmd/T0 servo 2 450 100
% 1777463954.4302502 robobot/cmd/T0 servo 1 -400 100
1777463954.431832 0 -0.181 -0.454 2.849 86 3.39 3.50 -0.760 -0.584 0 1.393 2.849 0.9023 4.0627
1777463954.471324 0 -0.181 -0.454 2.849 86 3.39 3.50 -0.760 -0.584 0 1.393 2.849 0.9023 4.0627
1777463954.4820907 0 -0.181 -0.454 2.849 86 3.39 3.50 -0.760 -0.584 0 1.393 2.849 0.9023 4.0627
1777463954.5318108 0 -0.181 -0.454 2.849 86 3.39 3.50 -0.760 -0.584 0 1.393 2.849 0.9023 4.0627
1777463954.5724003 0 -0.181 -0.454 2.849 86 3.39 3.50 -0.760 -0.584 0 1.393 2.849 0.9023 4.0627
1777463954.5825856 0 -0.181 -0.454 2.849 86 3.39 3.50 -0.760 -0.584 0 1.393 2.849 0.9023 4.0627
1777463954.632517 0 -0.181 -0.454 2.849 86 3.39 3.50 -0.760 -0.584 0 1.393 2.849 0.9023 4.0627
1777463954.6718762 0 -0.181 -0.454 2.849 86 3.39 3.50 -0.760 -0.584 0 1.393 2.849 0.9023 4.0627
1777463954.6826394 0 -0.181 -0.454 2.849 86 3.39 3.50 -0.760 -0.584 0 1.393 2.849 0.9023 4.0627
1777463954.7323723 0 -0.181 -0.454 2.849 86 3.39 3.50 -0.760 -0.584 0 1.393 2.849 0.9023 4.0627
1777463954.7725203 0 -0.181 -0.454 2.849 86 3.39 3.50 -0.760 -0.584 0 1.393 2.849 0.9023 4.0627
% 1777463954.7744153 robobot/cmd/ti alive 2026-04-29 13:58:14.194757
1777463954.7832885 0 -0.181 -0.454 2.849 86 3.39 3.50 -0.760 -0.584 0 1.393 2.849 0.9023 4.0627
1777463954.831967 0 -0.181 -0.454 2.849 86 3.39 3.50 -0.760 -0.584 0 1.393 2.849 0.9023 4.0627
1777463954.8713439 0 -0.181 -0.454 2.849 86 3.39 3.50 -0.760 -0.584 0 1.393 2.849 0.9023 4.0627
1777463954.8824158 0 -0.181 -0.454 2.849 86 3.39 3.50 -0.760 -0.584 0 1.393 2.849 0.9023 4.0627
1777463954.9326408 0 -0.181 -0.454 2.849 86 3.39 3.50 -0.760 -0.584 0 1.393 2.849 0.9023 4.0627
1777463954.9716132 0 -0.181 -0.454 2.849 86 3.39 3.50 -0.760 -0.584 0 1.393 2.849 0.9023 4.0627
1777463954.9834156 0 -0.181 -0.454 2.849 86 3.39 3.50 -0.760 -0.584 0 1.393 2.849 0.9023 4.0627
1777463955.0335143 0 -0.181 -0.454 2.849 86 3.39 3.50 -0.760 -0.584 0 1.393 2.849 0.9023 4.0627
1777463955.0719488 0 -0.181 -0.454 2.849 86 3.39 3.50 -0.760 -0.584 0 1.393 2.849 0.9023 4.0627
1777463955.0828788 0 -0.181 -0.454 2.849 86 3.39 3.50 -0.760 -0.584 0 1.393 2.849 0.9023 4.0627
1777463955.1336427 0 -0.181 -0.454 2.849 86 3.39 3.50 -0.760 -0.584 0 1.393 2.849 0.9023 4.0627
1777463955.1719298 0 -0.181 -0.454 2.849 86 3.39 3.50 -0.760 -0.584 0 1.393 2.849 0.9023 4.0627
1777463955.1836493 0 -0.181 -0.454 2.849 86 3.39 3.50 -0.760 -0.584 0 1.393 2.849 0.9023 4.0627
1777463955.232628 0 -0.181 -0.454 2.849 86 3.39 3.50 -0.760 -0.584 0 1.393 2.849 0.9023 4.0627
1777463955.271256 0 -0.181 -0.454 2.849 86 3.39 3.50 -0.760 -0.584 0 1.393 2.849 0.9023 4.0627
% 1777463955.2765765 robobot/cmd/ti alive 2026-04-29 13:58:14.194757
1777463955.2833927 0 -0.181 -0.454 2.849 86 3.39 3.50 -0.760 -0.584 0 1.393 2.849 0.9023 4.0627
1777463955.333616 0 -0.181 -0.454 2.849 86 3.39 3.50 -0.760 -0.584 0 1.393 2.849 0.9023 4.0627
1777463955.3879304 0 -0.181 -0.454 2.849 86 3.39 3.50 -0.760 -0.584 0 1.393 2.849 0.9023 4.0627
1777463955.388905 0 -0.181 -0.454 2.849 86 3.39 3.50 -0.760 -0.584 0 1.393 2.849 0.9023 4.0627
1777463955.432789 0 -0.181 -0.454 2.849 86 3.39 3.50 -0.760 -0.584 0 1.393 2.849 0.9023 4.0627
1777463955.4714286 0 -0.181 -0.454 2.849 86 3.39 3.50 -0.760 -0.584 0 1.393 2.849 0.9023 4.0627
1777463955.4834316 0 -0.181 -0.454 2.849 86 3.39 3.50 -0.760 -0.584 0 1.393 2.849 0.9023 4.0627
1777463955.5333261 0 -0.181 -0.454 2.849 86 3.39 3.50 -0.760 -0.584 0 1.393 2.849 0.9023 4.0627
1777463955.5717504 0 -0.181 -0.454 2.849 86 3.39 3.50 -0.760 -0.584 0 1.393 2.849 0.9023 4.0627
1777463955.5829217 0 -0.181 -0.454 2.849 86 3.39 3.50 -0.760 -0.584 0 1.393 2.849 0.9023 4.0627
1777463955.633198 0 -0.181 -0.454 2.849 86 3.39 3.50 -0.760 -0.584 0 1.393 2.849 0.9023 4.0627
1777463955.6720407 0 -0.181 -0.454 2.849 86 3.39 3.50 -0.760 -0.584 0 1.393 2.849 0.9023 4.0627
1777463955.6828299 0 -0.181 -0.454 2.849 86 3.39 3.50 -0.760 -0.584 0 1.393 2.849 0.9023 4.0627
1777463955.7334278 0 -0.181 -0.454 2.849 86 3.39 3.50 -0.760 -0.584 0 1.393 2.849 0.9023 4.0627
1777463955.7721844 0 -0.181 -0.454 2.849 86 3.39 3.50 -0.760 -0.584 0 1.393 2.849 0.9023 4.0627
% 1777463955.7784092 robobot/cmd/ti alive 2026-04-29 13:58:14.194757
1777463955.7832606 0 -0.181 -0.454 2.849 86 3.39 3.50 -0.760 -0.584 0 1.393 2.849 0.9023 4.0627
1777463955.8336716 0 -0.181 -0.454 2.849 86 3.39 3.50 -0.760 -0.584 0 1.393 2.849 0.9023 4.0627
1777463955.8720982 0 -0.181 -0.454 2.849 86 3.39 3.50 -0.760 -0.584 0 1.393 2.849 0.9023 4.0627
1777463955.8836296 0 -0.181 -0.454 2.849 86 3.39 3.50 -0.760 -0.584 0 1.393 2.849 0.9023 4.0627
1777463955.933984 0 -0.181 -0.454 2.849 86 3.39 3.50 -0.760 -0.584 0 1.393 2.849 0.9023 4.0627
1777463955.9728382 0 -0.181 -0.454 2.849 86 3.39 3.50 -0.760 -0.584 0 1.393 2.849 0.9023 4.0627
1777463955.9843194 0 -0.181 -0.454 2.849 86 3.39 3.50 -0.760 -0.584 0 1.393 2.849 0.9023 4.0627
1777463956.0340068 0 -0.181 -0.454 2.849 86 3.39 3.50 -0.760 -0.584 0 1.393 2.849 0.9023 4.0627
1777463956.072147 0 -0.181 -0.454 2.849 86 3.39 3.50 -0.760 -0.584 0 1.393 2.849 0.9023 4.0627
1777463956.085484 0 -0.181 -0.454 2.849 86 3.39 3.50 -0.760 -0.584 0 1.393 2.849 0.9023 4.0627
1777463956.1358638 0 -0.181 -0.454 2.849 86 3.39 3.50 -0.760 -0.584 0 1.393 2.849 0.9023 4.0627
1777463956.173415 0 -0.181 -0.454 2.849 86 3.39 3.50 -0.760 -0.584 0 1.393 2.849 0.9023 4.0627
1777463956.1841578 0 -0.181 -0.454 2.849 86 3.39 3.50 -0.760 -0.584 0 1.393 2.849 0.9023 4.0627
1777463956.2339158 0 -0.181 -0.454 2.849 86 3.39 3.50 -0.760 -0.584 0 1.393 2.849 0.9023 4.0627
1777463956.2726107 0 -0.181 -0.454 2.849 86 3.39 3.50 -0.760 -0.584 0 1.393 2.849 0.9023 4.0627
% 1777463956.2814183 robobot/cmd/ti alive 2026-04-29 13:58:14.194757
1777463956.2846723 0 -0.181 -0.454 2.849 86 3.39 3.50 -0.760 -0.584 0 1.393 2.849 0.9023 4.0627
1777463956.333833 0 -0.181 -0.454 2.849 86 3.39 3.50 -0.760 -0.584 0 1.393 2.849 0.9023 4.0627
1777463956.3726676 0 -0.181 -0.454 2.849 86 3.39 3.50 -0.760 -0.584 0 1.393 2.849 0.9023 4.0627
1777463956.3844082 0 -0.181 -0.454 2.849 86 3.39 3.50 -0.760 -0.584 0 1.393 2.849 0.9023 4.0627
% 1777463956.4320629 robobot/cmd/ti rc 0 -0.2
1777463956.4351163 0 -0.181 -0.454 2.849 86 3.39 3.50 -0.760 -0.584 0 1.393 2.849 0.9023 4.0627
1777463956.4716191 0 -0.181 -0.454 2.848 86 3.39 3.50 -0.760 -0.584 0 1.393 2.848 0.9023 4.0616
1777463956.4844105 0 -0.182 -0.454 2.846 86 3.39 3.50 -0.760 -0.584 0 1.393 2.846 0.9023 4.0593
1777463956.5347335 0 -0.182 -0.454 2.845 86 3.39 3.50 -0.760 -0.584 0 1.393 2.845 0.9023 4.0581
1777463956.574029 0 -0.182 -0.454 2.843 86 3.39 3.50 -0.760 -0.584 0 1.393 2.843 0.9023 4.0558
1777463956.5847363 0 -0.182 -0.454 2.843 86 3.39 3.50 -0.760 -0.584 0 1.393 2.843 0.9023 4.0558
1777463956.6352491 0 -0.182 -0.454 2.838 86 3.39 3.50 -0.760 -0.584 0 1.393 2.838 0.9024 4.0512
1777463956.6723924 0 -0.183 -0.453 2.834 86 3.39 3.50 -0.760 -0.584 0 1.393 2.834 0.9027 4.0477
1777463956.6856134 0 -0.183 -0.453 2.832 86 3.39 3.50 -0.760 -0.584 0 1.394 2.832 0.9029 4.0454
1777463956.73526 0 -0.183 -0.453 2.825 86 3.39 3.50 -0.760 -0.584 0 1.394 2.825 0.9035 4.0385
1777463956.773177 0 -0.183 -0.453 2.816 86 3.39 3.50 -0.760 -0.584 0 1.395 2.816 0.9040 4.0292
% 1777463956.7846262 robobot/cmd/ti alive 2026-04-29 13:58:14.194757
1777463956.7856956 0 -0.183 -0.453 2.812 86 3.39 3.50 -0.760 -0.584 0 1.395 2.812 0.9040 4.0257
1777463956.8360538 0 -0.183 -0.453 2.803 86 3.39 3.50 -0.760 -0.584 0 1.395 2.803 0.9041 4.0165
1777463956.8723845 0 -0.182 -0.454 2.797 86 3.39 3.50 -0.760 -0.584 0 1.395 2.797 0.9038 4.0107
1777463956.8855703 0 -0.182 -0.454 2.794 86 3.39 3.50 -0.760 -0.584 0 1.394 2.794 0.9037 4.0072
1777463956.935471 0 -0.183 -0.453 2.786 86 3.39 3.50 -0.760 -0.584 0 1.394 2.786 0.9034 3.9991
1777463956.9731047 0 -0.183 -0.453 2.780 86 3.39 3.50 -0.760 -0.584 0 1.394 2.780 0.9036 3.9934
1777463956.9866753 0 -0.183 -0.453 2.779 86 3.39 3.50 -0.760 -0.584 0 1.394 2.779 0.9036 3.9922
1777463957.0357804 0 -0.184 -0.453 2.773 86 3.39 3.50 -0.760 -0.584 0 1.395 2.773 0.9041 3.9864
1777463957.072629 0 -0.184 -0.453 2.769 86 3.39 3.50 -0.760 -0.584 0 1.395 2.769 0.9044 3.9818
1777463957.0856252 0 -0.184 -0.453 2.767 86 3.39 3.50 -0.760 -0.584 0 1.395 2.767 0.9046 3.9806
1777463957.1362898 0 -0.185 -0.453 2.760 86 3.39 3.50 -0.760 -0.584 0 1.396 2.760 0.9051 3.9737
1777463957.1733727 0 -0.185 -0.453 2.752 86 3.39 3.50 -0.760 -0.584 0 1.396 2.752 0.9054 3.9656
1777463957.1860285 0 -0.185 -0.453 2.747 86 3.39 3.50 -0.760 -0.584 0 1.396 2.747 0.9054 3.9598
1777463957.2353144 0 -0.184 -0.453 2.732 86 3.39 3.50 -0.760 -0.584 0 1.396 2.732 0.9049 3.9448
1777463957.2728012 0 -0.184 -0.453 2.721 86 3.39 3.50 -0.760 -0.584 0 1.395 2.721 0.9044 3.9344
1777463957.2858403 0 -0.183 -0.453 2.719 86 3.39 3.50 -0.760 -0.584 0 1.395 2.719 0.9042 3.9321
% 1777463957.2881622 robobot/cmd/ti alive 2026-04-29 13:58:14.194757
1777463957.3363473 0 -0.183 -0.453 2.712 86 3.39 3.50 -0.760 -0.584 0 1.395 2.712 0.9039 3.9251
1777463957.3735065 0 -0.183 -0.454 2.704 86 3.39 3.50 -0.760 -0.584 0 1.394 2.704 0.9035 3.9170
1777463957.3873312 0 -0.183 -0.454 2.701 86 3.39 3.50 -0.760 -0.584 0 1.394 2.701 0.9035 3.9147
1777463957.4375665 0 -0.183 -0.453 2.690 86 3.39 3.50 -0.760 -0.584 0 1.394 2.690 0.9033 3.9032
1777463957.4722614 0 -0.184 -0.453 2.685 86 3.39 3.50 -0.760 -0.584 0 1.394 2.685 0.9035 3.8985
1777463957.486006 0 -0.184 -0.453 2.683 86 3.39 3.50 -0.760 -0.584 0 1.394 2.683 0.9037 3.8962
1777463957.536078 0 -0.184 -0.453 2.675 86 3.39 3.50 -0.760 -0.584 0 1.395 2.675 0.9041 3.8881
1777463957.5738764 0 -0.184 -0.453 2.668 86 3.39 3.50 -0.760 -0.584 0 1.395 2.668 0.9046 3.8812
1777463957.586656 0 -0.184 -0.453 2.666 86 3.39 3.50 -0.760 -0.584 0 1.395 2.666 0.9047 3.8789
1777463957.6372118 0 -0.183 -0.453 2.656 86 3.39 3.50 -0.760 -0.584 0 1.395 2.656 0.9046 3.8696
1777463957.6723378 0 -0.184 -0.453 2.651 86 3.39 3.50 -0.760 -0.584 0 1.395 2.651 0.9041 3.8638
1777463957.6867278 0 -0.184 -0.453 2.647 86 3.39 3.50 -0.760 -0.584 0 1.395 2.647 0.9041 3.8604
1777463957.7372692 0 -0.184 -0.453 2.636 86 3.39 3.50 -0.760 -0.584 0 1.395 2.636 0.9043 3.8488
1777463957.7738538 0 -0.184 -0.453 2.632 86 3.39 3.50 -0.760 -0.584 0 1.395 2.632 0.9041 3.8453
1777463957.7874289 0 -0.184 -0.453 2.630 86 3.39 3.50 -0.760 -0.584 0 1.395 2.630 0.9041 3.8430
% 1777463957.7924721 robobot/cmd/ti alive 2026-04-29 13:58:14.194757
1777463957.8369071 0 -0.184 -0.453 2.625 86 3.39 3.50 -0.760 -0.584 0 1.395 2.625 0.9041 3.8384
1777463957.87275 0 -0.183 -0.453 2.622 86 3.39 3.50 -0.760 -0.584 0 1.395 2.622 0.9040 3.8349
1777463957.8873086 0 -0.183 -0.453 2.619 86 3.39 3.50 -0.760 -0.584 0 1.395 2.619 0.9039 3.8326
1777463957.9366992 0 -0.184 -0.453 2.607 86 3.39 3.50 -0.760 -0.584 0 1.395 2.607 0.9042 3.8199
1777463957.9741173 0 -0.184 -0.453 2.600 86 3.39 3.50 -0.760 -0.584 0 1.395 2.600 0.9045 3.8130
1777463957.988034 0 -0.184 -0.453 2.598 86 3.39 3.50 -0.760 -0.584 0 1.395 2.598 0.9045 3.8107
1777463958.0373566 0 -0.183 -0.453 2.591 86 3.39 3.50 -0.760 -0.584 0 1.395 2.591 0.9043 3.8037
1777463958.0732157 0 -0.183 -0.454 2.582 86 3.39 3.50 -0.760 -0.584 0 1.395 2.582 0.9041 3.7956
1777463958.0873795 0 -0.183 -0.453 2.578 86 3.39 3.50 -0.760 -0.584 0 1.395 2.578 0.9040 3.7910
1777463958.1377409 0 -0.183 -0.453 2.568 86 3.39 3.50 -0.760 -0.584 0 1.395 2.568 0.9043 3.7817
1777463958.1742058 0 -0.183 -0.453 2.561 86 3.39 3.50 -0.760 -0.584 0 1.395 2.561 0.9043 3.7737
1777463958.1883533 0 -0.183 -0.453 2.561 86 3.39 3.50 -0.760 -0.584 0 1.395 2.561 0.9043 3.7737
1777463958.2372777 0 -0.184 -0.453 2.558 86 3.39 3.50 -0.760 -0.584 0 1.395 2.558 0.9044 3.7713
1777463958.273297 0 -0.184 -0.453 2.552 86 3.39 3.50 -0.760 -0.584 0 1.395 2.552 0.9044 3.7656
1777463958.2870755 0 -0.184 -0.453 2.549 86 3.39 3.50 -0.760 -0.584 0 1.395 2.549 0.9045 3.7621
% 1777463958.2955112 robobot/cmd/ti alive 2026-04-29 13:58:14.194757
1777463958.337296 0 -0.183 -0.453 2.542 86 3.39 3.50 -0.760 -0.584 0 1.395 2.542 0.9046 3.7551
1777463958.3744183 0 -0.183 -0.454 2.534 86 3.39 3.50 -0.760 -0.584 0 1.395 2.534 0.9041 3.7471
1777463958.3883224 0 -0.183 -0.453 2.529 86 3.39 3.50 -0.760 -0.584 0 1.395 2.529 0.9040 3.7424
% 1777463958.4326413 robobot/cmd/ti rc 0 0
% 1777463958.4331923 robobot/cmd/T0 servo 2 -450 100
1777463958.4378088 0 -0.183 -0.453 2.525 86 3.39 3.50 -0.760 -0.584 0 1.395 2.525 0.0000 -0.0012
1777463958.4735725 0 -0.183 -0.453 2.519 86 3.39 3.50 -0.760 -0.584 0 1.395 2.519 0.0002 -0.0070
1777463958.487482 0 -0.183 -0.453 2.518 86 3.39 3.50 -0.760 -0.584 0 1.396 2.518 0.0003 -0.0081
1777463958.5370853 0 -0.183 -0.453 2.517 86 3.39 3.50 -0.760 -0.584 0 1.396 2.517 0.0006 -0.0093
1777463958.5755978 0 -0.183 -0.453 2.517 86 3.39 3.50 -0.760 -0.584 0 1.396 2.517 0.0008 -0.0093
1777463958.5880225 0 -0.183 -0.453 2.517 86 3.39 3.50 -0.760 -0.584 0 1.396 2.517 0.0008 -0.0093
1777463958.6385643 0 -0.183 -0.453 2.517 86 3.39 3.50 -0.760 -0.584 0 1.396 2.517 0.0010 -0.0093
1777463958.6735284 0 -0.183 -0.453 2.517 86 3.39 3.50 -0.760 -0.584 0 1.396 2.517 0.0011 -0.0093
1777463958.6881979 0 -0.183 -0.453 2.517 86 3.39 3.50 -0.760 -0.584 0 1.396 2.517 0.0011 -0.0093
1777463958.7385554 0 -0.183 -0.453 2.517 86 3.39 3.50 -0.760 -0.584 0 1.396 2.517 0.0012 -0.0093
1777463958.774323 0 -0.183 -0.453 2.517 86 3.39 3.50 -0.760 -0.584 0 1.397 2.517 0.0013 -0.0093
1777463958.789762 0 -0.183 -0.453 2.517 87 3.39 3.50 -0.760 -0.584 0 1.397 2.517 0.0013 -0.0093
% 1777463958.8007188 robobot/cmd/ti alive 2026-04-29 13:58:14.194757
% 1777463958.8367429 robobot/cmd/ti rc 0 0.2
1777463958.8379471 0 -0.183 -0.453 2.517 87 3.39 3.50 -0.760 -0.584 0 1.397 2.517 0.0013 -0.0093
1777463958.8737085 0 -0.183 -0.453 2.517 87 3.39 3.50 -0.760 -0.584 0 1.397 2.517 0.0014 -0.0093
1777463958.8877718 0 -0.183 -0.453 2.518 87 3.39 3.50 -0.760 -0.584 0 1.397 2.518 0.0014 -0.0081
1777463958.938205 0 -0.183 -0.453 2.520 87 3.39 3.50 -0.760 -0.584 0 1.397 2.520 0.0014 -0.0058
1777463958.9739683 0 -0.183 -0.454 2.522 87 3.39 3.50 -0.760 -0.584 0 1.397 2.522 0.0014 -0.0035
1777463958.9878123 0 -0.183 -0.454 2.526 87 3.39 3.50 -0.760 -0.584 0 1.397 2.526 0.0014 0.0000
1777463959.0384212 0 -0.183 -0.453 2.540 87 3.39 3.50 -0.760 -0.584 0 1.396 2.540 0.0011 0.0138
1777463959.0742855 0 -0.183 -0.454 2.545 87 3.39 3.50 -0.760 -0.584 0 1.397 2.545 0.0015 0.0196
1777463959.0885427 0 -0.183 -0.454 2.547 87 3.39 3.50 -0.760 -0.584 0 1.397 2.547 0.0016 0.0208
1777463959.1386151 0 -0.183 -0.454 2.556 87 3.39 3.50 -0.760 -0.584 0 1.397 2.556 0.0015 0.0300
1777463959.1755393 0 -0.182 -0.454 2.561 87 3.39 3.50 -0.760 -0.584 0 1.397 2.561 0.0013 0.0347
1777463959.188912 0 -0.182 -0.454 2.562 88 3.39 3.50 -0.760 -0.584 0 1.397 2.562 0.0013 0.0358
% 1777463959.206076 robobot/cmd/ti rc 0 0.2
1777463959.2386155 0 -0.182 -0.454 2.567 88 3.39 3.50 -0.760 -0.584 0 1.396 2.567 0.0010 0.0416
1777463959.2740633 0 -0.182 -0.454 2.575 88 3.39 3.50 -0.760 -0.584 0 1.396 2.575 0.0008 0.0497
1777463959.2881234 0 -0.182 -0.454 2.579 88 3.39 3.50 -0.760 -0.584 0 1.396 2.579 0.0010 0.0532
% 1777463959.3028908 robobot/cmd/ti alive 2026-04-29 13:58:14.194757
1777463959.3393865 0 -0.182 -0.454 2.584 88 3.39 3.50 -0.760 -0.584 0 1.397 2.584 0.0014 0.0578
1777463959.3749979 0 -0.182 -0.454 2.589 88 3.39 3.50 -0.760 -0.584 0 1.396 2.589 0.0012 0.0636
1777463959.389162 0 -0.182 -0.454 2.596 88 3.39 3.50 -0.760 -0.584 0 1.396 2.596 0.0011 0.0705
1777463959.4386683 0 -0.182 -0.454 2.606 88 3.39 3.50 -0.760 -0.584 0 1.396 2.606 0.0011 0.0797
1777463959.4735134 0 -0.182 -0.454 2.610 88 3.39 3.50 -0.760 -0.584 0 1.396 2.610 0.0012 0.0844
1777463959.4891346 0 -0.182 -0.454 2.614 88 3.39 3.50 -0.760 -0.584 0 1.396 2.614 0.0012 0.0878
1777463959.5395815 0 -0.181 -0.455 2.621 88 3.39 3.50 -0.760 -0.584 0 1.396 2.621 0.0011 0.0948
1777463959.5745406 0 -0.181 -0.455 2.625 88 3.39 3.50 -0.760 -0.584 0 1.396 2.625 0.0008 0.0994
1777463959.59264 0 -0.182 -0.454 2.630 89 3.39 3.50 -0.760 -0.584 0 1.396 2.630 0.0007 0.1040
% 1777463959.605976 robobot/cmd/ti rc 0 0.2
1777463959.6389437 0 -0.181 -0.455 2.640 89 3.39 3.50 -0.760 -0.584 0 1.396 2.640 0.0011 0.1144
1777463959.6742833 0 -0.182 -0.454 2.644 89 3.39 3.50 -0.760 -0.584 0 1.396 2.644 0.0009 0.1179
1777463959.689708 0 -0.182 -0.454 2.645 89 3.39 3.50 -0.760 -0.584 0 1.396 2.645 0.0009 0.1191
1777463959.739728 0 -0.182 -0.454 2.645 89 3.39 3.50 -0.760 -0.584 0 1.396 2.645 0.0010 0.1191
1777463959.7745862 0 -0.182 -0.454 2.648 89 3.39 3.50 -0.760 -0.584 0 1.396 2.648 0.0011 0.1225
1777463959.789332 0 -0.181 -0.455 2.653 89 3.39 3.50 -0.760 -0.584 0 1.396 2.653 0.0011 0.1272
% 1777463959.805841 robobot/cmd/ti alive 2026-04-29 13:58:14.194757
1777463959.8390784 0 -0.181 -0.455 2.654 89 3.39 3.50 -0.760 -0.584 0 1.396 2.654 0.0004 0.1283
1777463959.8730242 0 -0.181 -0.455 2.656 89 3.39 3.50 -0.760 -0.584 0 1.395 2.656 0.0002 0.1306
1777463959.88954 0 -0.181 -0.455 2.660 89 3.39 3.50 -0.760 -0.584 0 1.395 2.660 0.0001 0.1341
1777463959.9398625 0 -0.181 -0.455 2.670 89 3.39 3.50 -0.760 -0.584 0 1.396 2.670 0.0003 0.1445
1777463959.974409 0 -0.181 -0.455 2.678 89 3.39 3.50 -0.760 -0.584 0 1.396 2.678 0.0004 0.1526
1777463959.990301 0 -0.181 -0.455 2.684 90 3.39 3.50 -0.760 -0.584 0 1.396 2.684 0.0004 0.1584
% 1777463960.0066018 robobot/cmd/ti rc 0 0.2
1777463960.04068 0 -0.181 -0.455 2.700 90 3.39 3.50 -0.760 -0.584 0 1.395 2.700 0.0002 0.1746
1777463960.0738032 0 -0.181 -0.455 2.703 90 3.39 3.50 -0.760 -0.584 0 1.395 2.703 0.0000 0.1769
1777463960.0901148 0 -0.181 -0.455 2.708 90 3.39 3.50 -0.760 -0.584 0 1.395 2.708 0.0000 0.1827
1777463960.1399798 0 -0.181 -0.455 2.718 90 3.39 3.50 -0.760 -0.584 0 1.395 2.718 0.0002 0.1919
1777463960.1740499 0 -0.181 -0.455 2.720 90 3.39 3.50 -0.760 -0.584 0 1.395 2.720 0.0001 0.1942
1777463960.190402 0 -0.181 -0.455 2.724 90 3.39 3.50 -0.760 -0.584 0 1.395 2.724 0.0001 0.1977
1777463960.240226 0 -0.181 -0.455 2.733 90 3.39 3.50 -0.760 -0.584 0 1.395 2.733 0.0000 0.2069
1777463960.2732763 0 -0.181 -0.455 2.733 90 3.39 3.50 -0.760 -0.584 0 1.395 2.733 -0.0002 0.2069
1777463960.2902725 0 -0.181 -0.455 2.734 90 3.39 3.50 -0.760 -0.584 0 1.395 2.734 -0.0002 0.2081
% 1777463960.3080268 robobot/cmd/ti alive 2026-04-29 13:58:14.194757
1777463960.3401701 0 -0.181 -0.455 2.740 90 3.39 3.50 -0.760 -0.584 0 1.395 2.740 -0.0003 0.2139
1777463960.3744366 0 -0.181 -0.455 2.748 90 3.39 3.50 -0.760 -0.584 0 1.395 2.748 -0.0004 0.2220
1777463960.391153 0 -0.181 -0.455 2.751 91 3.39 3.50 -0.760 -0.584 0 1.395 2.751 -0.0005 0.2255
% 1777463960.4094849 robobot/cmd/ti rc 0 0.2
1777463960.440273 0 -0.181 -0.455 2.760 91 3.39 3.50 -0.760 -0.584 0 1.395 2.760 -0.0005 0.2347
1777463960.4739459 0 -0.181 -0.455 2.765 91 3.39 3.50 -0.760 -0.584 0 1.395 2.765 -0.0004 0.2393
1777463960.490746 0 -0.181 -0.455 2.767 91 3.39 3.50 -0.760 -0.584 0 1.395 2.767 -0.0004 0.2416
1777463960.5402389 0 -0.182 -0.454 2.779 91 3.39 3.50 -0.760 -0.584 0 1.395 2.779 -0.0001 0.2532
1777463960.5755017 0 -0.182 -0.455 2.789 91 3.39 3.50 -0.760 -0.584 0 1.395 2.789 -0.0001 0.2636
1777463960.591006 0 -0.182 -0.455 2.792 91 3.39 3.50 -0.760 -0.584 0 1.395 2.792 -0.0002 0.2659
1777463960.6402516 0 -0.182 -0.454 2.801 91 3.39 3.50 -0.760 -0.584 0 1.395 2.801 -0.0002 0.2752
1777463960.674027 0 -0.182 -0.454 2.802 91 3.39 3.50 -0.760 -0.584 0 1.395 2.802 -0.0001 0.2763
1777463960.691559 0 -0.182 -0.454 2.803 91 3.39 3.50 -0.760 -0.584 0 1.395 2.803 -0.0000 0.2775
1777463960.7414474 0 -0.182 -0.454 2.807 91 3.39 3.50 -0.760 -0.584 0 1.395 2.807 0.0001 0.2810
1777463960.7739751 0 -0.182 -0.454 2.807 91 3.39 3.50 -0.760 -0.584 0 1.395 2.807 0.0002 0.2810
1777463960.7942781 0 -0.182 -0.454 2.812 92 3.39 3.50 -0.760 -0.584 0 1.396 2.812 0.0003 0.2867
% 1777463960.809849 robobot/cmd/ti alive 2026-04-29 13:58:14.194757
% 1777463960.81155 robobot/cmd/ti rc 0 0.2
1777463960.8412342 0 -0.182 -0.454 2.823 92 3.39 3.50 -0.760 -0.584 0 1.395 2.823 0.0001 0.2971
1777463960.8738563 0 -0.182 -0.454 2.830 92 3.39 3.50 -0.760 -0.584 0 1.395 2.830 0.0001 0.3041
1777463960.8919892 0 -0.182 -0.454 2.834 92 3.39 3.50 -0.760 -0.584 0 1.395 2.834 0.0001 0.3087
1777463960.9414077 0 -0.182 -0.454 2.846 92 3.39 3.50 -0.760 -0.584 0 1.396 2.846 0.0003 0.3203
1777463960.9762301 0 -0.182 -0.454 2.854 92 3.39 3.50 -0.760 -0.584 0 1.395 2.854 0.0002 0.3284
1777463960.9909515 0 -0.182 -0.454 2.858 92 3.39 3.50 -0.760 -0.584 0 1.395 2.858 0.0001 0.3318
1777463961.0407178 0 -0.182 -0.454 2.867 92 3.39 3.50 -0.760 -0.584 0 1.395 2.867 0.0000 0.3411
1777463961.0741518 0 -0.182 -0.454 2.869 92 3.39 3.50 -0.760 -0.584 0 1.395 2.869 0.0001 0.3434
1777463961.0921433 0 -0.183 -0.454 2.872 92 3.39 3.50 -0.760 -0.584 0 1.395 2.872 0.0001 0.3457
1777463961.141012 0 -0.183 -0.454 2.875 92 3.39 3.50 -0.760 -0.584 0 1.396 2.875 0.0003 0.3492
1777463961.1745703 0 -0.182 -0.454 2.878 92 3.39 3.50 -0.760 -0.584 0 1.396 2.878 0.0005 0.3526
1777463961.1940682 0 -0.182 -0.454 2.880 93 3.39 3.50 -0.760 -0.584 0 1.396 2.880 0.0005 0.3538
% 1777463961.210069 robobot/cmd/ti rc 0 0.2
1777463961.2419214 0 -0.182 -0.454 2.886 93 3.39 3.50 -0.760 -0.584 0 1.396 2.886 0.0004 0.3607
1777463961.2738628 0 -0.182 -0.454 2.895 93 3.39 3.50 -0.760 -0.584 0 1.395 2.895 0.0000 0.3688
1777463961.2915936 0 -0.182 -0.454 2.900 93 3.39 3.50 -0.760 -0.584 0 1.395 2.900 -0.0002 0.3746
% 1777463961.312738 robobot/cmd/ti alive 2026-04-29 13:58:14.194757
1777463961.3421617 0 -0.182 -0.454 2.916 93 3.39 3.50 -0.760 -0.584 0 1.395 2.916 -0.0003 0.3897
1777463961.376842 0 -0.182 -0.454 2.927 93 3.39 3.50 -0.760 -0.584 0 1.395 2.927 -0.0003 0.4012
1777463961.393298 0 -0.182 -0.454 2.929 93 3.39 3.50 -0.760 -0.584 0 1.395 2.929 -0.0003 0.4035
1777463961.4425836 0 -0.182 -0.454 2.943 93 3.39 3.50 -0.760 -0.584 0 1.395 2.943 -0.0003 0.4174
1777463961.4742754 0 -0.182 -0.454 2.946 93 3.39 3.50 -0.760 -0.584 0 1.395 2.946 -0.0004 0.4197
1777463961.4924643 0 -0.182 -0.454 2.947 93 3.39 3.50 -0.760 -0.584 0 1.395 2.947 -0.0003 0.4209
1777463961.542579 0 -0.183 -0.454 2.951 93 3.39 3.50 -0.760 -0.584 0 1.395 2.951 -0.0001 0.4255
1777463961.5751646 0 -0.183 -0.454 2.954 93 3.39 3.50 -0.760 -0.584 0 1.395 2.954 0.0000 0.4278
1777463961.5927052 0 -0.183 -0.454 2.956 94 3.39 3.50 -0.760 -0.584 0 1.395 2.956 0.0001 0.4301
% 1777463961.617337 robobot/cmd/ti rc 0 0.2
1777463961.6419408 0 -0.183 -0.454 2.963 94 3.39 3.50 -0.760 -0.584 0 1.396 2.963 0.0005 0.4371
1777463961.6744545 0 -0.183 -0.454 2.967 94 3.39 3.50 -0.760 -0.584 0 1.396 2.967 0.0007 0.4417
1777463961.6926475 0 -0.183 -0.454 2.971 94 3.39 3.50 -0.760 -0.584 0 1.396 2.971 0.0007 0.4452
1777463961.742 0 -0.183 -0.454 2.984 94 3.39 3.50 -0.760 -0.584 0 1.396 2.984 0.0004 0.4579
1777463961.7749603 0 -0.182 -0.454 2.991 94 3.39 3.50 -0.760 -0.584 0 1.395 2.991 0.0002 0.4648
1777463961.792404 0 -0.182 -0.454 2.993 94 3.39 3.50 -0.760 -0.584 0 1.395 2.993 0.0001 0.4671
% 1777463961.8155124 robobot/cmd/ti alive 2026-04-29 13:58:14.194757
1777463961.8433979 0 -0.183 -0.454 2.998 94 3.39 3.50 -0.760 -0.584 0 1.395 2.998 -0.0001 0.4718
1777463961.873795 0 -0.183 -0.454 2.999 94 3.39 3.50 -0.760 -0.584 0 1.395 2.999 -0.0002 0.4729
1777463961.892661 0 -0.182 -0.454 3.001 94 3.39 3.50 -0.760 -0.584 0 1.395 3.001 -0.0001 0.4752
1777463961.942961 0 -0.182 -0.454 3.006 94 3.39 3.50 -0.760 -0.584 0 1.395 3.006 -0.0000 0.4799
1777463961.975731 0 -0.182 -0.454 3.009 95 3.39 3.50 -0.760 -0.584 0 1.395 3.009 -0.0001 0.4833
1777463961.9947433 0 -0.182 -0.454 3.014 95 3.39 3.50 -0.760 -0.584 0 1.395 3.014 -0.0001 0.4879
% 1777463962.0121942 robobot/cmd/ti rc 0 0.2
1777463962.0429647 0 -0.182 -0.454 3.029 95 3.39 3.50 -0.760 -0.584 0 1.395 3.029 -0.0005 0.5030
1777463962.0738606 0 -0.182 -0.454 3.037 95 3.39 3.50 -0.760 -0.584 0 1.395 3.037 -0.0004 0.5111
1777463962.093069 0 -0.182 -0.454 3.042 95 3.39 3.50 -0.760 -0.584 0 1.395 3.042 -0.0004 0.5157
1777463962.1436222 0 -0.183 -0.454 3.050 95 3.39 3.50 -0.760 -0.584 0 1.395 3.050 -0.0001 0.5238
1777463962.1742454 0 -0.183 -0.454 3.052 95 3.39 3.50 -0.760 -0.584 0 1.395 3.052 0.0001 0.5261
1777463962.192803 0 -0.183 -0.454 3.054 95 3.39 3.50 -0.760 -0.584 0 1.395 3.054 0.0002 0.5284
1777463962.2427878 0 -0.183 -0.454 3.062 95 3.39 3.50 -0.760 -0.584 0 1.396 3.062 0.0004 0.5365
1777463962.274647 0 -0.183 -0.454 3.067 95 3.39 3.50 -0.760 -0.584 0 1.396 3.067 0.0004 0.5411
1777463962.293659 0 -0.182 -0.454 3.070 95 3.39 3.50 -0.760 -0.584 0 1.396 3.070 0.0003 0.5446
% 1777463962.3195035 robobot/cmd/ti alive 2026-04-29 13:58:14.194757
1777463962.3432133 0 -0.182 -0.454 3.082 95 3.39 3.50 -0.760 -0.584 0 1.395 3.082 0.0000 0.5562
1777463962.3748288 0 -0.183 -0.454 3.091 95 3.39 3.50 -0.760 -0.584 0 1.395 3.091 0.0001 0.5654
1777463962.3951244 0 -0.183 -0.454 3.097 96 3.39 3.50 -0.760 -0.584 0 1.395 3.097 0.0001 0.5712
% 1777463962.4136794 robobot/cmd/ti rc 0 0.2
1777463962.4431787 0 -0.183 -0.454 3.112 96 3.39 3.50 -0.760 -0.584 0 1.396 3.112 0.0003 0.5862
1777463962.4742277 0 -0.183 -0.454 3.121 96 3.39 3.50 -0.760 -0.584 0 1.396 3.121 0.0005 0.5955
1777463962.493226 0 -0.183 -0.454 3.125 96 3.39 3.50 -0.760 -0.584 0 1.396 3.125 0.0006 0.5990
1777463962.5446224 0 -0.184 -0.454 3.136 96 3.39 3.50 -0.760 -0.584 0 1.396 3.136 0.0012 0.6105
1777463962.5743062 0 -0.184 -0.454 -3.141 96 3.39 3.50 -0.760 -0.584 0 1.397 3.142 0.0015 0.6163
1777463962.59353 0 -0.184 -0.454 -3.141 96 3.39 3.50 -0.760 -0.584 0 1.397 3.142 0.0016 0.6163
1777463962.6440876 0 -0.184 -0.454 -3.141 96 3.39 3.50 -0.760 -0.584 0 1.397 3.142 0.0018 0.6163
1777463962.67456 0 -0.184 -0.454 -3.141 96 3.39 3.50 -0.760 -0.584 0 1.397 3.142 0.0018 0.6163
1777463962.694947 0 -0.184 -0.454 -3.139 96 3.39 3.50 -0.760 -0.584 0 1.397 3.144 0.0019 0.6186
1777463962.744407 0 -0.184 -0.454 -3.132 96 3.39 3.50 -0.760 -0.584 0 1.397 3.151 0.0018 0.6256
1777463962.7768297 0 -0.183 -0.454 -3.127 97 3.39 3.50 -0.760 -0.584 0 1.397 3.156 0.0014 0.6302
1777463962.793996 0 -0.183 -0.454 -3.124 97 3.39 3.50 -0.760 -0.584 0 1.396 3.159 0.0011 0.6337
% 1777463962.8092647 robobot/cmd/ti rc 0 0.2
% 1777463962.8220804 robobot/cmd/ti alive 2026-04-29 13:58:14.194757
1777463962.844716 0 -0.183 -0.454 -3.112 97 3.39 3.50 -0.760 -0.584 0 1.396 3.171 0.0004 0.6452
1777463962.87413 0 -0.183 -0.454 -3.103 97 3.39 3.50 -0.760 -0.584 0 1.396 3.180 0.0004 0.6545
1777463962.8943176 0 -0.183 -0.454 -3.098 97 3.39 3.50 -0.760 -0.584 0 1.396 3.185 0.0005 0.6591
1777463962.9446118 0 -0.184 -0.454 -3.087 97 3.39 3.50 -0.760 -0.584 0 1.396 3.196 0.0010 0.6707
1777463962.976508 0 -0.184 -0.454 -3.082 97 3.39 3.50 -0.760 -0.584 0 1.397 3.201 0.0016 0.6753
1777463962.9946175 0 -0.184 -0.454 -3.080 97 3.39 3.50 -0.760 -0.584 0 1.397 3.203 0.0018 0.6776
1777463963.0443947 0 -0.184 -0.454 -3.080 97 3.39 3.50 -0.760 -0.584 0 1.397 3.203 0.0021 0.6776
1777463963.0746598 0 -0.184 -0.454 -3.080 97 3.39 3.50 -0.760 -0.584 0 1.398 3.203 0.0022 0.6776
1777463963.0953066 0 -0.184 -0.454 -3.078 97 3.39 3.50 -0.760 -0.584 0 1.398 3.206 0.0023 0.6799
1777463963.1444035 0 -0.184 -0.454 -3.075 97 3.39 3.50 -0.760 -0.584 0 1.398 3.208 0.0023 0.6822
1777463963.176393 0 -0.184 -0.454 -3.069 97 3.39 3.50 -0.760 -0.584 0 1.397 3.214 0.0021 0.6880
1777463963.194873 0 -0.183 -0.454 -3.067 98 3.39 3.50 -0.760 -0.584 0 1.397 3.216 0.0019 0.6903
% 1777463963.2119076 robobot/cmd/ti rc 0 0
1777463963.2438564 0 -0.183 -0.454 -3.062 98 3.39 3.50 -0.760 -0.584 0 1.396 3.221 0.0012 0.6950
1777463963.2746236 0 -0.183 -0.454 -3.066 98 3.39 3.50 -0.760 -0.584 0 1.396 3.217 0.0010 0.6915
1777463963.29449 0 -0.183 -0.454 -3.067 98 3.39 3.50 -0.760 -0.584 0 1.396 3.216 0.0010 0.6903
% 1777463963.3253453 robobot/cmd/ti alive 2026-04-29 13:58:14.194757
1777463963.3442585 0 -0.183 -0.454 -3.068 98 3.39 3.50 -0.760 -0.584 0 1.396 3.215 0.0010 0.6892
1777463963.3779097 0 -0.183 -0.454 -3.068 98 3.39 3.50 -0.760 -0.584 0 1.396 3.215 0.0010 0.6892
1777463963.3947043 0 -0.183 -0.454 -3.068 98 3.39 3.50 -0.760 -0.584 0 1.396 3.215 0.0011 0.6892
1777463963.445162 0 -0.183 -0.454 -3.068 98 3.39 3.50 -0.760 -0.584 0 1.396 3.215 0.0011 0.6892
1777463963.4755473 0 -0.183 -0.454 -3.068 98 3.39 3.50 -0.760 -0.584 0 1.396 3.215 0.0011 0.6892
1777463963.4955456 0 -0.183 -0.454 -3.068 98 3.39 3.50 -0.760 -0.584 0 1.396 3.215 0.0011 0.6892
1777463963.5454495 0 -0.183 -0.454 -3.068 98 3.39 3.50 -0.760 -0.584 0 1.396 3.215 0.0010 0.6892
1777463963.576298 0 -0.183 -0.454 -3.068 98 3.39 3.50 -0.760 -0.584 0 1.396 3.215 0.0010 0.6892
1777463963.5948703 0 -0.183 -0.454 -3.068 98 3.39 3.50 -0.760 -0.584 0 1.396 3.215 0.0010 0.6892
1777463963.6459765 0 -0.183 -0.454 -3.068 98 3.39 3.50 -0.760 -0.584 0 1.396 3.215 0.0010 0.6892
1777463963.6751156 0 -0.183 -0.454 -3.068 98 3.39 3.50 -0.760 -0.584 0 1.396 3.215 0.0010 0.6892
1777463963.6960027 0 -0.183 -0.454 -3.068 98 3.39 3.50 -0.760 -0.584 0 1.396 3.215 0.0010 0.6892
1777463963.7454796 0 -0.183 -0.454 -3.068 98 3.39 3.50 -0.760 -0.584 0 1.396 3.215 0.0009 0.6892
1777463963.7766852 0 -0.183 -0.454 -3.068 98 3.39 3.50 -0.760 -0.584 0 1.396 3.215 0.0009 0.6892
1777463963.795154 0 -0.183 -0.454 -3.068 98 3.39 3.50 -0.760 -0.584 0 1.396 3.215 0.0009 0.6892
% 1777463963.8294175 robobot/cmd/ti alive 2026-04-29 13:58:14.194757
1777463963.845325 0 -0.183 -0.454 -3.068 98 3.39 3.50 -0.760 -0.584 0 1.396 3.215 0.0009 0.6892
1777463963.876055 0 -0.183 -0.454 -3.068 98 3.39 3.50 -0.760 -0.584 0 1.396 3.215 0.0009 0.6892
1777463963.895559 0 -0.183 -0.454 -3.068 98 3.39 3.50 -0.760 -0.584 0 1.396 3.215 0.0009 0.6892
1777463963.9461086 0 -0.183 -0.454 -3.068 98 3.39 3.50 -0.760 -0.584 0 1.396 3.215 0.0009 0.6892
1777463963.976471 0 -0.183 -0.454 -3.068 98 3.39 3.50 -0.760 -0.584 0 1.396 3.215 0.0009 0.6892
1777463963.9980304 0 -0.183 -0.454 -3.068 99 3.39 3.50 -0.760 -0.584 0 1.396 3.215 0.0009 0.6892
% 1777463964.0386918 robobot/cmd/ti rc 0 0
1777463964.0465813 0 -0.183 -0.454 -3.068 99 3.39 3.50 -0.760 -0.584 0 1.396 3.215 0.0009 0.6892
1777463964.0750573 0 -0.183 -0.454 -3.068 99 3.39 3.50 -0.760 -0.584 0 1.396 3.215 0.0009 0.6892
1777463964.0959828 0 -0.183 -0.454 -3.068 99 3.39 3.50 -0.760 -0.584 0 1.396 3.215 0.0009 0.6892
1777463964.1460736 0 -0.183 -0.454 -3.068 99 3.39 3.50 -0.760 -0.584 0 1.396 3.215 0.0009 0.6892
1777463964.1776123 0 -0.183 -0.454 -3.068 99 3.39 3.50 -0.760 -0.584 0 1.396 3.215 0.0009 0.6892
1777463964.1963258 0 -0.183 -0.454 -3.068 99 3.39 3.50 -0.760 -0.584 0 1.396 3.215 0.0009 0.6892
1777463964.246535 0 -0.183 -0.454 -3.068 99 3.39 3.50 -0.760 -0.584 0 1.396 3.215 0.0009 0.6892
1777463964.2757049 0 -0.183 -0.454 -3.068 99 3.39 3.50 -0.760 -0.584 0 1.396 3.215 0.0009 0.6892
1777463964.296306 0 -0.183 -0.454 -3.068 99 3.39 3.50 -0.760 -0.584 0 1.396 3.215 0.0009 0.6892
% 1777463964.332385 robobot/cmd/ti alive 2026-04-29 13:58:14.194757
1777463964.3460867 0 -0.183 -0.454 -3.068 99 3.39 3.50 -0.760 -0.584 0 1.396 3.215 0.0009 0.6892
1777463964.3762667 0 -0.183 -0.454 -3.068 99 3.39 3.50 -0.760 -0.584 0 1.396 3.215 0.0009 0.6892
1777463964.3967597 0 -0.183 -0.454 -3.068 99 3.39 3.50 -0.760 -0.584 0 1.396 3.215 0.0009 0.6892
1777463964.44681 0 -0.183 -0.454 -3.068 99 3.39 3.50 -0.760 -0.584 0 1.396 3.215 0.0009 0.6892
1777463964.4751987 0 -0.183 -0.454 -3.068 99 3.39 3.50 -0.760 -0.584 0 1.396 3.215 0.0009 0.6892
1777463964.4958446 0 -0.183 -0.454 -3.068 99 3.39 3.50 -0.760 -0.584 0 1.396 3.215 0.0009 0.6892
1777463964.546523 0 -0.183 -0.454 -3.068 99 3.39 3.50 -0.760 -0.584 0 1.396 3.215 0.0009 0.6892
1777463964.5766466 0 -0.183 -0.454 -3.068 99 3.39 3.50 -0.760 -0.584 0 1.396 3.215 0.0009 0.6892
1777463964.5966628 0 -0.183 -0.454 -3.068 100 3.39 3.50 -0.760 -0.584 0 1.396 3.215 0.0009 0.6892
% 1777463964.6155832 robobot/cmd/ti rc 0 0
1777463964.6467032 0 -0.183 -0.454 -3.068 100 3.39 3.50 -0.760 -0.584 0 1.396 3.215 0.0009 0.6892
1777463964.6753364 0 -0.183 -0.454 -3.068 100 3.39 3.50 -0.760 -0.584 0 1.396 3.215 0.0009 0.6892
1777463964.6959794 0 -0.183 -0.454 -3.068 100 3.39 3.50 -0.760 -0.584 0 1.396 3.215 0.0009 0.6892
1777463964.7470443 0 -0.183 -0.454 -3.068 100 3.39 3.50 -0.760 -0.584 0 1.396 3.215 0.0009 0.6892
1777463964.7762303 0 -0.183 -0.454 -3.068 100 3.39 3.50 -0.760 -0.584 0 1.396 3.215 0.0009 0.6892
1777463964.797207 0 -0.183 -0.454 -3.068 100 3.39 3.50 -0.760 -0.584 0 1.396 3.215 0.0009 0.6892
% 1777463964.834409 robobot/cmd/ti alive 2026-04-29 13:58:14.194757
1777463964.846764 0 -0.183 -0.454 -3.068 100 3.39 3.50 -0.760 -0.584 0 1.396 3.215 0.0009 0.6892
1777463964.8758662 0 -0.183 -0.454 -3.068 100 3.39 3.50 -0.760 -0.584 0 1.396 3.215 0.0009 0.6892
1777463964.8974142 0 -0.183 -0.454 -3.068 100 3.39 3.50 -0.760 -0.584 0 1.396 3.215 0.0009 0.6892
1777463964.9476483 0 -0.183 -0.454 -3.068 100 3.39 3.50 -0.760 -0.584 0 1.396 3.215 0.0009 0.6892
1777463964.9764593 0 -0.183 -0.454 -3.068 100 3.39 3.50 -0.760 -0.584 0 1.396 3.215 0.0009 0.6892
1777463964.997461 0 -0.183 -0.454 -3.068 100 3.39 3.50 -0.760 -0.584 0 1.396 3.215 0.0009 0.6892
1777463965.0475354 0 -0.183 -0.454 -3.068 100 3.39 3.50 -0.760 -0.584 0 1.396 3.215 0.0009 0.6892
1777463965.0759873 0 -0.183 -0.454 -3.068 100 3.39 3.50 -0.760 -0.584 0 1.396 3.215 0.0009 0.6892
1777463965.0975025 0 -0.183 -0.454 -3.068 100 3.39 3.50 -0.760 -0.584 0 1.396 3.215 0.0009 0.6892
1777463965.1476607 0 -0.183 -0.454 -3.068 100 3.39 3.50 -0.760 -0.584 0 1.396 3.215 0.0009 0.6892
1777463965.1768641 0 -0.183 -0.454 -3.068 100 3.39 3.50 -0.760 -0.584 0 1.396 3.215 0.0009 0.6892
1777463965.1967716 0 -0.183 -0.454 -3.068 100 3.39 3.50 -0.760 -0.584 0 1.396 3.215 0.0009 0.6892
1777463965.2470415 0 -0.183 -0.454 -3.068 100 3.39 3.50 -0.760 -0.584 0 1.396 3.215 0.0009 0.6892
1777463965.2754412 0 -0.183 -0.454 -3.068 100 3.39 3.50 -0.760 -0.584 0 1.396 3.215 0.0009 0.6892
1777463965.2971094 0 -0.183 -0.454 -3.068 100 3.39 3.50 -0.760 -0.584 0 1.396 3.215 0.0009 0.6892
% 1777463965.3364658 robobot/cmd/ti alive 2026-04-29 13:58:14.194757
1777463965.3477497 0 -0.183 -0.454 -3.068 100 3.39 3.50 -0.760 -0.584 0 1.396 3.215 0.0009 0.6892
1777463965.3768735 0 -0.183 -0.454 -3.068 101 3.39 3.50 -0.760 -0.584 0 1.396 3.215 0.0009 0.6892
1777463965.3978572 0 -0.183 -0.454 -3.068 101 3.39 3.50 -0.760 -0.584 0 1.396 3.215 0.0009 0.6892
% 1777463965.41385 robobot/cmd/ti rc 0 0.2
1777463965.44729 0 -0.183 -0.454 -3.068 101 3.39 3.50 -0.760 -0.584 0 1.396 3.215 0.0009 0.6892
1777463965.4760668 0 -0.183 -0.454 -3.066 101 3.39 3.50 -0.760 -0.584 0 1.396 3.217 0.0009 0.6915
1777463965.4985118 0 -0.183 -0.454 -3.066 101 3.39 3.50 -0.760 -0.584 0 1.396 3.217 0.0009 0.6915
1777463965.5479624 0 -0.182 -0.454 -3.061 101 3.39 3.50 -0.760 -0.584 0 1.396 3.222 0.0009 0.6961
1777463965.57711 0 -0.182 -0.454 -3.059 101 3.39 3.50 -0.760 -0.584 0 1.396 3.224 0.0008 0.6984
1777463965.5971506 0 -0.182 -0.454 -3.057 101 3.39 3.50 -0.760 -0.584 0 1.396 3.226 0.0008 0.7007
1777463965.6481388 0 -0.182 -0.454 -3.052 101 3.39 3.50 -0.760 -0.584 0 1.396 3.231 0.0003 0.7054
1777463965.675451 0 -0.182 -0.454 -3.049 101 3.39 3.50 -0.760 -0.584 0 1.395 3.235 0.0002 0.7088
1777463965.697964 0 -0.182 -0.454 -3.042 101 3.39 3.50 -0.760 -0.584 0 1.396 3.242 0.0003 0.7158
1777463965.7480438 0 -0.183 -0.454 -3.027 101 3.39 3.50 -0.760 -0.584 0 1.396 3.257 0.0009 0.7308
1777463965.7769146 0 -0.183 -0.454 -3.016 102 3.39 3.50 -0.760 -0.584 0 1.396 3.267 0.0010 0.7412
1777463965.7993402 0 -0.183 -0.454 -3.008 102 3.39 3.50 -0.760 -0.584 0 1.396 3.275 0.0012 0.7493
% 1777463965.8074825 robobot/cmd/ti rc 0 0.2
% 1777463965.838511 robobot/cmd/ti alive 2026-04-29 13:58:14.194757
1777463965.8486133 0 -0.183 -0.454 -2.999 102 3.39 3.50 -0.760 -0.584 0 1.397 3.284 0.0013 0.7586
1777463965.8759472 0 -0.183 -0.454 -2.997 102 3.39 3.50 -0.760 -0.584 0 1.397 3.287 0.0013 0.7609
1777463965.8977315 0 -0.184 -0.454 -2.994 102 3.39 3.50 -0.760 -0.584 0 1.397 3.289 0.0014 0.7632
1777463965.9478848 0 -0.184 -0.454 -2.994 102 3.39 3.50 -0.760 -0.584 0 1.397 3.289 0.0016 0.7632
1777463965.9771225 0 -0.184 -0.454 -2.993 102 3.39 3.50 -0.760 -0.584 0 1.397 3.290 0.0017 0.7643
1777463965.9982204 0 -0.184 -0.454 -2.993 102 3.39 3.50 -0.760 -0.584 0 1.397 3.290 0.0017 0.7643
1777463966.0479436 0 -0.184 -0.454 -2.993 102 3.39 3.50 -0.760 -0.584 0 1.397 3.290 0.0018 0.7643
1777463966.0756295 0 -0.184 -0.454 -2.991 102 3.39 3.50 -0.760 -0.584 0 1.397 3.292 0.0018 0.7666
1777463966.098213 0 -0.183 -0.454 -2.988 102 3.39 3.50 -0.760 -0.584 0 1.397 3.295 0.0018 0.7690
1777463966.1478012 0 -0.183 -0.454 -2.979 102 3.39 3.50 -0.760 -0.584 0 1.397 3.304 0.0016 0.7782
1777463966.1772094 0 -0.183 -0.454 -2.971 102 3.39 3.50 -0.760 -0.584 0 1.396 3.312 0.0011 0.7863
1777463966.1992724 0 -0.183 -0.454 -2.962 103 3.39 3.50 -0.760 -0.584 0 1.396 3.321 0.0009 0.7956
% 1777463966.2091897 robobot/cmd/ti rc 0 0.2
1777463966.2486186 0 -0.182 -0.454 -2.942 103 3.39 3.50 -0.760 -0.584 0 1.396 3.341 0.0009 0.8152
1777463966.2763183 0 -0.183 -0.454 -2.933 103 3.39 3.50 -0.760 -0.584 0 1.396 3.350 0.0009 0.8245
1777463966.2986424 0 -0.183 -0.454 -2.921 103 3.39 3.50 -0.760 -0.584 0 1.397 3.362 0.0012 0.8360
% 1777463966.3407009 robobot/cmd/ti alive 2026-04-29 13:58:14.194757
1777463966.3497198 0 -0.183 -0.454 -2.908 103 3.39 3.50 -0.760 -0.584 0 1.397 3.376 0.0013 0.8499
1777463966.3761182 0 -0.183 -0.454 -2.905 103 3.39 3.50 -0.760 -0.584 0 1.397 3.378 0.0013 0.8522
1777463966.399277 0 -0.183 -0.454 -2.905 103 3.39 3.50 -0.760 -0.584 0 1.397 3.378 0.0013 0.8522
1777463966.4501686 0 -0.183 -0.454 -2.905 103 3.39 3.50 -0.760 -0.584 0 1.397 3.378 0.0013 0.8522
1777463966.4765592 0 -0.183 -0.454 -2.905 103 3.39 3.50 -0.760 -0.584 0 1.397 3.378 0.0012 0.8522
1777463966.4991229 0 -0.183 -0.454 -2.903 103 3.39 3.50 -0.760 -0.584 0 1.397 3.380 0.0012 0.8545
1777463966.5489392 0 -0.184 -0.454 -2.897 103 3.39 3.50 -0.760 -0.584 0 1.397 3.386 0.0015 0.8603
1777463966.576198 0 -0.184 -0.454 -2.896 104 3.39 3.50 -0.760 -0.584 0 1.397 3.387 0.0018 0.8615
1777463966.5993445 0 -0.183 -0.454 -2.894 104 3.39 3.50 -0.760 -0.584 0 1.397 3.390 0.0019 0.8638
% 1777463966.6191187 robobot/cmd/ti rc 0 0.2
1777463966.6490533 0 -0.183 -0.454 -2.881 104 3.39 3.50 -0.760 -0.584 0 1.397 3.402 0.0017 0.8765
1777463966.6756976 0 -0.183 -0.454 -2.873 104 3.39 3.50 -0.760 -0.584 0 1.397 3.410 0.0017 0.8846
1777463966.6993861 0 -0.183 -0.454 -2.864 104 3.39 3.50 -0.760 -0.584 0 1.397 3.420 0.0016 0.8939
1777463966.7496157 0 -0.182 -0.454 -2.854 104 3.39 3.50 -0.760 -0.584 0 1.397 3.429 0.0014 0.9031
1777463966.7763078 0 -0.182 -0.454 -2.846 104 3.39 3.50 -0.760 -0.584 0 1.396 3.437 0.0012 0.9112
1777463966.7992678 0 -0.182 -0.454 -2.840 104 3.39 3.50 -0.760 -0.584 0 1.396 3.443 0.0009 0.9170
% 1777463966.8432794 robobot/cmd/ti alive 2026-04-29 13:58:14.194757
1777463966.8501217 0 -0.182 -0.454 -2.836 104 3.39 3.50 -0.760 -0.584 0 1.396 3.447 0.0009 0.9216
1777463966.8761556 0 -0.182 -0.454 -2.836 104 3.39 3.50 -0.760 -0.584 0 1.396 3.447 0.0009 0.9216
1777463966.8991199 0 -0.182 -0.454 -2.836 104 3.39 3.50 -0.760 -0.584 0 1.396 3.447 0.0008 0.9216
1777463966.9498634 0 -0.182 -0.454 -2.836 104 3.39 3.50 -0.760 -0.584 0 1.396 3.447 0.0007 0.9216
1777463966.97689 0 -0.182 -0.454 -2.836 105 3.39 3.50 -0.760 -0.584 0 1.396 3.447 0.0007 0.9216
% 1777463967.0000255 robobot/cmd/ti rc 0 0
1777463967.000667 0 -0.182 -0.454 -2.835 105 3.39 3.50 -0.760 -0.584 0 1.396 3.449 0.0007 0.9228
1777463967.0497098 0 -0.182 -0.454 -2.835 105 3.39 3.50 -0.760 -0.584 0 1.396 3.449 0.0007 0.9228
1777463967.0766516 0 -0.182 -0.454 -2.838 105 3.39 3.50 -0.760 -0.584 0 1.396 3.445 0.0007 0.9193
1777463967.1004872 0 -0.182 -0.454 -2.839 105 3.39 3.50 -0.760 -0.584 0 1.396 3.444 0.0007 0.9181
1777463967.150184 0 -0.182 -0.454 -2.839 105 3.39 3.50 -0.760 -0.584 0 1.396 3.444 0.0008 0.9181
1777463967.177714 0 -0.182 -0.454 -2.839 105 3.39 3.50 -0.760 -0.584 0 1.396 3.444 0.0008 0.9181
1777463967.2002993 0 -0.182 -0.454 -2.839 105 3.39 3.50 -0.760 -0.584 0 1.396 3.444 0.0009 0.9181
1777463967.2499893 0 -0.182 -0.454 -2.839 105 3.39 3.50 -0.760 -0.584 0 1.396 3.444 0.0010 0.9181
1777463967.2766504 0 -0.182 -0.454 -2.839 105 3.39 3.50 -0.760 -0.584 0 1.396 3.444 0.0010 0.9181
1777463967.300817 0 -0.182 -0.454 -2.839 105 3.39 3.50 -0.760 -0.584 0 1.396 3.444 0.0011 0.9181
% 1777463967.3458025 robobot/cmd/ti alive 2026-04-29 13:58:14.194757
1777463967.350057 0 -0.182 -0.454 -2.839 105 3.39 3.50 -0.760 -0.584 0 1.396 3.444 0.0012 0.9181
1777463967.3765047 0 -0.182 -0.454 -2.839 105 3.39 3.50 -0.760 -0.584 0 1.396 3.444 0.0012 0.9181
1777463967.4006124 0 -0.182 -0.454 -2.839 105 3.39 3.50 -0.760 -0.584 0 1.396 3.444 0.0012 0.9181
1777463967.450038 0 -0.182 -0.454 -2.839 105 3.39 3.50 -0.760 -0.584 0 1.397 3.444 0.0013 0.9181
1777463967.476097 0 -0.182 -0.454 -2.839 105 3.39 3.50 -0.760 -0.584 0 1.397 3.444 0.0013 0.9181
1777463967.5001042 0 -0.182 -0.454 -2.839 105 3.39 3.50 -0.760 -0.584 0 1.397 3.444 0.0013 0.9181
1777463967.55033 0 -0.182 -0.454 -2.839 105 3.39 3.50 -0.760 -0.584 0 1.397 3.444 0.0013 0.9181
1777463967.5783331 0 -0.182 -0.454 -2.839 106 3.39 3.50 -0.760 -0.584 0 1.397 3.444 0.0013 0.9181
1777463967.6016738 0 -0.182 -0.454 -2.839 106 3.39 3.50 -0.760 -0.584 0 1.397 3.444 0.0013 0.9181
% 1777463967.603317 robobot/cmd/ti rc 0 0.2
1777463967.6513054 0 -0.182 -0.454 -2.838 106 3.39 3.50 -0.760 -0.584 0 1.397 3.445 0.0013 0.9193
1777463967.6768174 0 -0.182 -0.454 -2.838 106 3.39 3.50 -0.760 -0.584 0 1.397 3.445 0.0013 0.9193
1777463967.700732 0 -0.182 -0.454 -2.838 106 3.39 3.50 -0.760 -0.584 0 1.397 3.445 0.0013 0.9193
1777463967.7509766 0 -0.182 -0.454 -2.837 106 3.39 3.50 -0.760 -0.584 0 1.397 3.446 0.0013 0.9204
1777463967.7770483 0 -0.182 -0.454 -2.836 106 3.39 3.50 -0.760 -0.584 0 1.397 3.447 0.0013 0.9216
1777463967.80103 0 -0.182 -0.454 -2.833 106 3.39 3.50 -0.760 -0.584 0 1.397 3.450 0.0013 0.9239
% 1777463967.848588 robobot/cmd/ti alive 2026-04-29 13:58:14.194757
1777463967.8514574 0 -0.182 -0.454 -2.817 106 3.39 3.50 -0.760 -0.584 0 1.397 3.466 0.0019 0.9401
1777463967.8770194 0 -0.182 -0.454 -2.815 106 3.39 3.50 -0.760 -0.584 0 1.397 3.468 0.0020 0.9424
1777463967.9008393 0 -0.182 -0.454 -2.807 106 3.39 3.50 -0.760 -0.584 0 1.397 3.476 0.0019 0.9505
1777463967.9508555 0 -0.181 -0.454 -2.798 106 3.39 3.50 -0.760 -0.584 0 1.397 3.486 0.0018 0.9598
1777463967.9787545 0 -0.181 -0.454 -2.792 106 3.39 3.50 -0.760 -0.584 0 1.397 3.491 0.0015 0.9655
1777463968.001721 0 -0.182 -0.454 -2.784 107 3.39 3.50 -0.760 -0.584 0 1.397 3.499 0.0018 0.9736
% 1777463968.014141 robobot/cmd/ti rc 0 0
1777463968.051368 0 -0.182 -0.454 -2.781 107 3.39 3.50 -0.760 -0.584 0 1.397 3.502 0.0020 0.9760
1777463968.0769448 0 -0.182 -0.454 -2.780 107 3.39 3.50 -0.760 -0.584 0 1.397 3.503 0.0020 0.9771
1777463968.1011105 0 -0.182 -0.454 -2.780 107 3.39 3.50 -0.760 -0.584 0 1.397 3.503 0.0019 0.9771
1777463968.151717 0 -0.182 -0.454 -2.780 107 3.39 3.50 -0.760 -0.584 0 1.397 3.503 0.0019 0.9771
1777463968.177046 0 -0.182 -0.454 -2.780 107 3.39 3.50 -0.760 -0.584 0 1.397 3.503 0.0019 0.9771
1777463968.2016873 0 -0.182 -0.454 -2.780 107 3.39 3.50 -0.760 -0.584 0 1.397 3.503 0.0020 0.9771
1777463968.2514977 0 -0.182 -0.454 -2.780 107 3.39 3.50 -0.760 -0.584 0 1.397 3.503 0.0020 0.9771
1777463968.2774582 0 -0.182 -0.454 -2.780 107 3.39 3.50 -0.760 -0.584 0 1.397 3.503 0.0020 0.9771
1777463968.301203 0 -0.182 -0.454 -2.780 107 3.39 3.50 -0.760 -0.584 0 1.397 3.503 0.0020 0.9771
% 1777463968.3515217 robobot/cmd/ti alive 2026-04-29 13:58:14.194757
1777463968.3525305 0 -0.182 -0.454 -2.780 107 3.39 3.50 -0.760 -0.584 0 1.397 3.503 0.0020 0.9771
1777463968.3774755 0 -0.182 -0.454 -2.780 107 3.39 3.50 -0.760 -0.584 0 1.397 3.503 0.0020 0.9771
1777463968.4020474 0 -0.182 -0.454 -2.780 107 3.39 3.50 -0.760 -0.584 0 1.397 3.503 0.0020 0.9771
1777463968.4516733 0 -0.182 -0.454 -2.780 107 3.39 3.50 -0.760 -0.584 0 1.397 3.503 0.0020 0.9771
1777463968.4773242 0 -0.182 -0.454 -2.780 107 3.39 3.50 -0.760 -0.584 0 1.397 3.503 0.0020 0.9771
1777463968.5019336 0 -0.182 -0.454 -2.780 107 3.39 3.50 -0.760 -0.584 0 1.397 3.503 0.0020 0.9771
1777463968.5528526 0 -0.182 -0.454 -2.780 107 3.39 3.50 -0.760 -0.584 0 1.397 3.503 0.0020 0.9771
1777463968.5783892 0 -0.182 -0.454 -2.780 107 3.39 3.50 -0.760 -0.584 0 1.397 3.503 0.0020 0.9771
1777463968.6022067 0 -0.182 -0.454 -2.780 107 3.39 3.50 -0.760 -0.584 0 1.397 3.503 0.0020 0.9771
1777463968.6516943 0 -0.182 -0.454 -2.780 107 3.39 3.50 -0.760 -0.584 0 1.397 3.503 0.0020 0.9771
1777463968.6770988 0 -0.182 -0.454 -2.780 107 3.39 3.50 -0.760 -0.584 0 1.397 3.503 0.0020 0.9771
1777463968.7019851 0 -0.182 -0.454 -2.780 107 3.39 3.50 -0.760 -0.584 0 1.397 3.503 0.0020 0.9771
1777463968.752046 0 -0.182 -0.454 -2.780 107 3.39 3.50 -0.760 -0.584 0 1.397 3.503 0.0020 0.9771
1777463968.7778208 0 -0.182 -0.454 -2.780 108 3.39 3.50 -0.760 -0.584 0 1.397 3.503 0.0020 0.9771
1777463968.8032143 0 -0.182 -0.454 -2.780 108 3.39 3.50 -0.760 -0.584 0 1.397 3.503 0.0020 0.9771
% 1777463968.814993 robobot/cmd/ti rc 0 0
1777463968.8526886 0 -0.182 -0.454 -2.780 108 3.39 3.50 -0.760 -0.584 0 1.397 3.503 0.0020 0.9771
% 1777463968.8548524 robobot/cmd/ti alive 2026-04-29 13:58:14.194757
1777463968.877817 0 -0.182 -0.454 -2.780 108 3.39 3.50 -0.760 -0.584 0 1.397 3.503 0.0020 0.9771
1777463968.902394 0 -0.182 -0.454 -2.780 108 3.39 3.50 -0.760 -0.584 0 1.397 3.503 0.0020 0.9771
1777463968.952208 0 -0.182 -0.454 -2.780 108 3.39 3.50 -0.760 -0.584 0 1.397 3.503 0.0020 0.9771
1777463968.9774532 0 -0.182 -0.454 -2.780 108 3.39 3.50 -0.760 -0.584 0 1.397 3.503 0.0020 0.9771
1777463969.0026207 0 -0.182 -0.454 -2.780 108 3.39 3.50 -0.760 -0.584 0 1.397 3.503 0.0020 0.9771
1777463969.053606 0 -0.182 -0.454 -2.780 108 3.39 3.50 -0.760 -0.584 0 1.397 3.503 0.0020 0.9771
1777463969.0778956 0 -0.182 -0.454 -2.780 108 3.39 3.50 -0.760 -0.584 0 1.397 3.503 0.0020 0.9771
1777463969.1029308 0 -0.182 -0.454 -2.780 108 3.39 3.50 -0.760 -0.584 0 1.397 3.503 0.0020 0.9771
1777463969.1548672 0 -0.182 -0.454 -2.780 108 3.39 3.50 -0.760 -0.584 0 1.397 3.503 0.0020 0.9771
1777463969.1798112 0 -0.182 -0.454 -2.780 108 3.39 3.50 -0.760 -0.584 0 1.397 3.503 0.0020 0.9771
1777463969.2042978 0 -0.182 -0.454 -2.780 108 3.39 3.50 -0.760 -0.584 0 1.397 3.503 0.0020 0.9771
1777463969.2538154 0 -0.182 -0.454 -2.780 108 3.39 3.50 -0.760 -0.584 0 1.397 3.503 0.0020 0.9771
1777463969.2783234 0 -0.182 -0.454 -2.780 108 3.39 3.50 -0.760 -0.584 0 1.397 3.503 0.0020 0.9771
1777463969.303716 0 -0.182 -0.454 -2.780 108 3.39 3.50 -0.760 -0.584 0 1.397 3.503 0.0020 0.9771
1777463969.3539212 0 -0.182 -0.454 -2.780 108 3.39 3.50 -0.760 -0.584 0 1.397 3.503 0.0020 0.9771
% 1777463969.3585966 robobot/cmd/ti alive 2026-04-29 13:58:14.194757
1777463969.3803291 0 -0.182 -0.454 -2.780 108 3.39 3.50 -0.760 -0.584 0 1.397 3.503 0.0020 0.9771
1777463969.4035456 0 -0.182 -0.454 -2.780 109 3.39 3.50 -0.760 -0.584 0 1.397 3.503 0.0020 0.9771
% 1777463969.423097 robobot/cmd/ti rc 0 0.2
1777463969.4530396 0 -0.182 -0.454 -2.779 109 3.39 3.50 -0.760 -0.584 0 1.397 3.504 0.0020 0.9783
1777463969.4779792 0 -0.182 -0.454 -2.779 109 3.39 3.50 -0.760 -0.584 0 1.397 3.504 0.0020 0.9783
1777463969.5029 0 -0.182 -0.454 -2.776 109 3.39 3.50 -0.760 -0.584 0 1.397 3.507 0.0020 0.9817
1777463969.5533109 0 -0.182 -0.454 -2.773 109 3.39 3.50 -0.760 -0.584 0 1.397 3.510 0.0020 0.9841
1777463969.5791435 0 -0.182 -0.454 -2.773 109 3.39 3.50 -0.760 -0.584 0 1.397 3.510 0.0020 0.9841
1777463969.6053033 0 -0.182 -0.454 -2.771 109 3.39 3.50 -0.760 -0.584 0 1.397 3.512 0.0020 0.9864
1777463969.6533206 0 -0.181 -0.454 -2.762 109 3.39 3.50 -0.760 -0.584 0 1.397 3.521 0.0018 0.9956
1777463969.677541 0 -0.181 -0.454 -2.755 109 3.39 3.50 -0.760 -0.584 0 1.397 3.528 0.0016 1.0026
1777463969.7028377 0 -0.181 -0.454 -2.747 109 3.39 3.50 -0.760 -0.584 0 1.397 3.536 0.0015 1.0106
1777463969.7543116 0 -0.181 -0.454 -2.733 109 3.39 3.50 -0.760 -0.584 0 1.397 3.550 0.0015 1.0245
1777463969.7782145 0 -0.181 -0.454 -2.732 110 3.39 3.50 -0.760 -0.584 0 1.397 3.551 0.0014 1.0257
% 1777463969.803124 robobot/cmd/ti rc 0 0.2
1777463969.8036833 0 -0.181 -0.454 -2.725 110 3.39 3.50 -0.760 -0.584 0 1.397 3.558 0.0013 1.0326
1777463969.8540025 0 -0.181 -0.453 -2.712 110 3.39 3.50 -0.760 -0.584 0 1.397 3.571 0.0016 1.0453
% 1777463969.861307 robobot/cmd/ti alive 2026-04-29 13:58:14.194757
1777463969.8778286 0 -0.181 -0.453 -2.709 110 3.39 3.50 -0.760 -0.584 0 1.397 3.575 0.0014 1.0488
1777463969.9037085 0 -0.181 -0.454 -2.703 110 3.39 3.50 -0.760 -0.584 0 1.397 3.580 0.0013 1.0546
1777463969.9540505 0 -0.181 -0.454 -2.699 110 3.39 3.50 -0.760 -0.584 0 1.397 3.584 0.0015 1.0581
1777463969.9780133 0 -0.181 -0.454 -2.695 110 3.39 3.50 -0.760 -0.584 0 1.397 3.588 0.0016 1.0627
1777463970.0040631 0 -0.181 -0.454 -2.684 110 3.39 3.50 -0.760 -0.584 0 1.397 3.599 0.0019 1.0731
1777463970.0536997 0 -0.181 -0.453 -2.679 110 3.39 3.50 -0.760 -0.584 0 1.397 3.605 0.0017 1.0789
1777463970.077629 0 -0.181 -0.453 -2.677 110 3.39 3.50 -0.760 -0.584 0 1.397 3.606 0.0016 1.0800
1777463970.1041203 0 -0.181 -0.454 -2.674 110 3.39 3.50 -0.760 -0.584 0 1.397 3.609 0.0014 1.0835
1777463970.1542866 0 -0.181 -0.454 -2.672 110 3.39 3.50 -0.760 -0.584 0 1.397 3.612 0.0013 1.0858
1777463970.1787982 0 -0.181 -0.454 -2.672 111 3.39 3.50 -0.760 -0.584 0 1.397 3.612 0.0013 1.0858
1777463970.2043636 0 -0.181 -0.454 -2.672 111 3.39 3.50 -0.760 -0.584 0 1.397 3.612 0.0013 1.0858
% 1777463970.2092476 robobot/cmd/ti rc 0 0.2
1777463970.2546995 0 -0.181 -0.453 -2.670 111 3.39 3.50 -0.760 -0.584 0 1.397 3.613 0.0013 1.0870
1777463970.2777832 0 -0.181 -0.453 -2.668 111 3.39 3.50 -0.760 -0.584 0 1.397 3.615 0.0013 1.0893
1777463970.3039227 0 -0.181 -0.453 -2.665 111 3.39 3.50 -0.760 -0.584 0 1.397 3.618 0.0013 1.0927
1777463970.3541927 0 -0.181 -0.453 -2.650 111 3.39 3.50 -0.760 -0.584 0 1.396 3.634 0.0011 1.1078
% 1777463970.364674 robobot/cmd/ti alive 2026-04-29 13:58:14.194757
1777463970.3783932 0 -0.181 -0.453 -2.643 111 3.39 3.50 -0.760 -0.584 0 1.396 3.640 0.0010 1.1147
1777463970.4048116 0 -0.181 -0.454 -2.635 111 3.39 3.50 -0.760 -0.584 0 1.396 3.649 0.0012 1.1228
1777463970.45402 0 -0.181 -0.454 -2.616 111 3.39 3.50 -0.760 -0.584 0 1.397 3.667 0.0015 1.1413
1777463970.4779994 0 -0.181 -0.453 -2.610 111 3.39 3.50 -0.760 -0.584 0 1.397 3.673 0.0016 1.1471
1777463970.5042455 0 -0.181 -0.454 -2.608 111 3.39 3.50 -0.760 -0.584 0 1.397 3.675 0.0016 1.1494
1777463970.554584 0 -0.181 -0.454 -2.608 111 3.39 3.50 -0.760 -0.584 0 1.397 3.675 0.0017 1.1494
1777463970.5795743 0 -0.181 -0.454 -2.608 112 3.39 3.50 -0.760 -0.584 0 1.397 3.675 0.0017 1.1494
1777463970.6058555 0 -0.181 -0.453 -2.606 112 3.39 3.50 -0.760 -0.584 0 1.397 3.677 0.0017 1.1517
% 1777463970.6190403 robobot/cmd/ti rc 0 0.2
1777463970.6551235 0 -0.181 -0.453 -2.603 112 3.39 3.50 -0.760 -0.584 0 1.397 3.680 0.0017 1.1540
1777463970.6777625 0 -0.180 -0.453 -2.601 112 3.39 3.50 -0.760 -0.584 0 1.397 3.682 0.0016 1.1563
1777463970.7059639 0 -0.180 -0.453 -2.596 112 3.39 3.50 -0.760 -0.584 0 1.397 3.687 0.0016 1.1610
1777463970.755034 0 -0.180 -0.453 -2.583 112 3.39 3.50 -0.760 -0.584 0 1.397 3.701 0.0013 1.1749
1777463970.7793086 0 -0.180 -0.453 -2.576 112 3.39 3.50 -0.760 -0.584 0 1.397 3.708 0.0013 1.1818
1777463970.8048666 0 -0.180 -0.453 -2.566 112 3.39 3.50 -0.760 -0.584 0 1.397 3.717 0.0014 1.1910
1777463970.8549762 0 -0.181 -0.453 -2.551 112 3.39 3.50 -0.760 -0.584 0 1.397 3.732 0.0015 1.2061
% 1777463970.866908 robobot/cmd/ti alive 2026-04-29 13:58:14.194757
1777463970.9121902 0 -0.181 -0.453 -2.544 112 3.39 3.50 -0.760 -0.584 0 1.397 3.739 0.0017 1.2130
1777463970.914761 0 -0.181 -0.453 -2.540 112 3.39 3.50 -0.760 -0.584 0 1.397 3.743 0.0019 1.2176
1777463970.954851 0 -0.180 -0.453 -2.534 112 3.39 3.50 -0.760 -0.584 0 1.397 3.749 0.0017 1.2234
1777463970.9790604 0 -0.180 -0.453 -2.534 113 3.39 3.50 -0.760 -0.584 0 1.397 3.749 0.0015 1.2234
1777463971.005634 0 -0.180 -0.453 -2.529 113 3.39 3.50 -0.760 -0.584 0 1.397 3.754 0.0015 1.2280
% 1777463971.012602 robobot/cmd/ti rc 0 0.2
1777463971.0552123 0 -0.180 -0.453 -2.529 113 3.39 3.50 -0.760 -0.584 0 1.397 3.754 0.0014 1.2280
1777463971.0780835 0 -0.180 -0.453 -2.527 113 3.39 3.50 -0.760 -0.584 0 1.397 3.756 0.0014 1.2304
1777463971.105752 0 -0.180 -0.453 -2.521 113 3.39 3.50 -0.760 -0.584 0 1.397 3.762 0.0015 1.2361
1777463971.1553192 0 -0.180 -0.453 -2.519 113 3.39 3.50 -0.760 -0.584 0 1.397 3.764 0.0022 1.2385
1777463971.1790798 0 -0.180 -0.453 -2.517 113 3.39 3.50 -0.760 -0.584 0 1.398 3.767 0.0023 1.2408
1777463971.2051046 0 -0.180 -0.453 -2.509 113 3.39 3.50 -0.760 -0.584 0 1.397 3.775 0.0021 1.2489
1777463971.2554417 0 -0.180 -0.453 -2.496 113 3.39 3.50 -0.760 -0.584 0 1.397 3.787 0.0019 1.2616
1777463971.2784152 0 -0.179 -0.452 -2.494 113 3.39 3.50 -0.760 -0.584 0 1.397 3.790 0.0020 1.2639
1777463971.3058095 0 -0.179 -0.452 -2.490 113 3.39 3.50 -0.760 -0.584 0 1.397 3.793 0.0019 1.2674
1777463971.3563983 0 -0.180 -0.453 -2.480 113 3.39 3.50 -0.760 -0.584 0 1.397 3.804 0.0020 1.2778
% 1777463971.3694987 robobot/cmd/ti alive 2026-04-29 13:58:14.194757
1777463971.3801847 0 -0.180 -0.453 -2.478 114 3.39 3.50 -0.760 -0.584 0 1.398 3.805 0.0022 1.2789
% 1777463971.4049716 robobot/cmd/ti rc 0 0
1777463971.4066403 0 -0.180 -0.453 -2.476 114 3.39 3.50 -0.760 -0.584 0 1.398 3.807 0.0024 1.2812
1777463971.4565625 0 -0.180 -0.453 -2.474 114 3.39 3.50 -0.760 -0.584 0 1.398 3.809 0.0025 1.2835
1777463971.478224 0 -0.180 -0.453 -2.474 114 3.39 3.50 -0.760 -0.584 0 1.398 3.809 0.0026 1.2835
1777463971.506571 0 -0.180 -0.453 -2.474 114 3.39 3.50 -0.760 -0.584 0 1.398 3.809 0.0026 1.2835
1777463971.5563178 0 -0.180 -0.453 -2.474 114 3.39 3.50 -0.760 -0.584 0 1.398 3.809 0.0026 1.2835
1777463971.5795376 0 -0.180 -0.453 -2.474 114 3.39 3.50 -0.760 -0.584 0 1.398 3.809 0.0026 1.2835
1777463971.6058202 0 -0.180 -0.453 -2.474 114 3.39 3.50 -0.760 -0.584 0 1.398 3.809 0.0026 1.2835
1777463971.6561806 0 -0.180 -0.453 -2.474 114 3.39 3.50 -0.760 -0.584 0 1.398 3.809 0.0026 1.2835
1777463971.678774 0 -0.180 -0.453 -2.474 114 3.39 3.50 -0.760 -0.584 0 1.398 3.809 0.0026 1.2835
1777463971.7059023 0 -0.180 -0.453 -2.474 114 3.39 3.50 -0.760 -0.584 0 1.398 3.809 0.0026 1.2835
1777463971.7558744 0 -0.180 -0.453 -2.474 114 3.39 3.50 -0.760 -0.584 0 1.398 3.809 0.0026 1.2835
1777463971.7786605 0 -0.180 -0.453 -2.474 114 3.39 3.50 -0.760 -0.584 0 1.398 3.809 0.0026 1.2835
1777463971.8069072 0 -0.180 -0.453 -2.474 114 3.39 3.50 -0.760 -0.584 0 1.398 3.809 0.0026 1.2835
1777463971.8560412 0 -0.180 -0.453 -2.474 114 3.39 3.50 -0.760 -0.584 0 1.398 3.809 0.0027 1.2835
% 1777463971.8727586 robobot/cmd/ti alive 2026-04-29 13:58:14.194757
1777463971.8790298 0 -0.180 -0.453 -2.474 114 3.39 3.50 -0.760 -0.584 0 1.398 3.809 0.0027 1.2835
1777463971.9063432 0 -0.180 -0.453 -2.474 114 3.39 3.50 -0.760 -0.584 0 1.398 3.809 0.0027 1.2835
1777463971.9564283 0 -0.180 -0.453 -2.474 114 3.39 3.50 -0.760 -0.584 0 1.398 3.809 0.0027 1.2835
1777463971.9780486 0 -0.180 -0.453 -2.474 114 3.39 3.50 -0.760 -0.584 0 1.398 3.809 0.0027 1.2835
1777463972.0073748 0 -0.180 -0.453 -2.474 114 3.39 3.50 -0.760 -0.584 0 1.398 3.809 0.0027 1.2835
1777463972.057335 0 -0.180 -0.453 -2.474 114 3.39 3.50 -0.760 -0.584 0 1.398 3.809 0.0027 1.2835
1777463972.0790057 0 -0.180 -0.453 -2.474 114 3.39 3.50 -0.760 -0.584 0 1.398 3.809 0.0027 1.2835
1777463972.1071875 0 -0.180 -0.453 -2.474 114 3.39 3.50 -0.760 -0.584 0 1.398 3.809 0.0027 1.2835
1777463972.1569662 0 -0.180 -0.453 -2.474 114 3.39 3.50 -0.760 -0.584 0 1.398 3.809 0.0027 1.2835
1777463972.1788907 0 -0.180 -0.453 -2.474 115 3.39 3.50 -0.760 -0.584 0 1.398 3.809 0.0027 1.2835
1777463972.2071383 0 -0.180 -0.453 -2.474 115 3.39 3.50 -0.760 -0.584 0 1.398 3.809 0.0027 1.2835
% 1777463972.2094848 robobot/cmd/ti rc 0 0.2
1777463972.2574403 0 -0.180 -0.453 -2.473 115 3.39 3.50 -0.760 -0.584 0 1.398 3.810 0.0027 1.2847
1777463972.2784755 0 -0.180 -0.453 -2.469 115 3.39 3.50 -0.760 -0.584 0 1.398 3.814 0.0027 1.2882
1777463972.3070061 0 -0.180 -0.453 -2.467 115 3.39 3.50 -0.760 -0.584 0 1.398 3.816 0.0027 1.2905
1777463972.3573523 0 -0.179 -0.452 -2.466 115 3.39 3.50 -0.760 -0.584 0 1.398 3.817 0.0026 1.2916
% 1777463972.375922 robobot/cmd/ti alive 2026-04-29 13:58:14.194757
1777463972.3797174 0 -0.180 -0.453 -2.465 115 3.39 3.50 -0.760 -0.584 0 1.398 3.819 0.0026 1.2928
1777463972.407679 0 -0.179 -0.452 -2.463 115 3.39 3.50 -0.760 -0.584 0 1.398 3.820 0.0026 1.2940
1777463972.457138 0 -0.180 -0.453 -2.453 115 3.39 3.50 -0.760 -0.584 0 1.398 3.830 0.0025 1.3044
1777463972.4787946 0 -0.179 -0.452 -2.447 115 3.39 3.50 -0.760 -0.584 0 1.398 3.836 0.0025 1.3101
1777463972.5081627 0 -0.180 -0.453 -2.434 115 3.39 3.50 -0.760 -0.584 0 1.398 3.849 0.0026 1.3229
1777463972.5570424 0 -0.179 -0.452 -2.420 115 3.39 3.50 -0.760 -0.584 0 1.398 3.864 0.0024 1.3379
1777463972.578849 0 -0.179 -0.452 -2.411 116 3.39 3.50 -0.760 -0.584 0 1.397 3.872 0.0022 1.3460
1777463972.6082833 0 -0.179 -0.452 -2.406 116 3.39 3.50 -0.760 -0.584 0 1.398 3.878 0.0025 1.3518
% 1777463972.6137946 robobot/cmd/ti rc 0 0.2
1777463972.6576872 0 -0.179 -0.452 -2.399 116 3.39 3.50 -0.760 -0.584 0 1.398 3.884 0.0027 1.3587
1777463972.6790378 0 -0.179 -0.452 -2.395 116 3.39 3.50 -0.760 -0.584 0 1.398 3.888 0.0026 1.3622
1777463972.7084188 0 -0.179 -0.452 -2.393 116 3.39 3.50 -0.760 -0.584 0 1.398 3.890 0.0023 1.3645
1777463972.7584722 0 -0.179 -0.452 -2.392 116 3.39 3.50 -0.760 -0.584 0 1.397 3.891 0.0019 1.3657
1777463972.7795858 0 -0.179 -0.452 -2.392 116 3.39 3.50 -0.760 -0.584 0 1.397 3.891 0.0019 1.3657
1777463972.8080688 0 -0.179 -0.452 -2.391 116 3.39 3.50 -0.760 -0.584 0 1.397 3.893 0.0018 1.3668
1777463972.8578253 0 -0.179 -0.452 -2.382 116 3.39 3.50 -0.760 -0.584 0 1.397 3.901 0.0017 1.3749
% 1777463972.877663 robobot/cmd/ti alive 2026-04-29 13:58:14.194757
1777463972.879415 0 -0.179 -0.452 -2.378 116 3.39 3.50 -0.760 -0.584 0 1.397 3.905 0.0021 1.3795
1777463972.9086456 0 -0.179 -0.452 -2.378 116 3.39 3.50 -0.760 -0.584 0 1.398 3.905 0.0026 1.3795
1777463972.958582 0 -0.179 -0.452 -2.368 116 3.39 3.50 -0.760 -0.584 0 1.398 3.916 0.0029 1.3899
1777463972.97914 0 -0.179 -0.452 -2.364 117 3.39 3.50 -0.760 -0.584 0 1.398 3.919 0.0029 1.3934
% 1777463973.0053616 robobot/cmd/ti rc 0 0.2
1777463973.009038 0 -0.178 -0.452 -2.357 117 3.39 3.50 -0.760 -0.584 0 1.398 3.926 0.0027 1.4003
1777463973.0582192 0 -0.178 -0.451 -2.354 117 3.39 3.50 -0.760 -0.584 0 1.397 3.930 0.0022 1.4038
1777463973.078892 0 -0.178 -0.452 -2.348 117 3.39 3.50 -0.760 -0.584 0 1.397 3.935 0.0020 1.4096
1777463973.1083279 0 -0.179 -0.452 -2.344 117 3.39 3.50 -0.760 -0.584 0 1.397 3.939 0.0019 1.4131
1777463973.1597335 0 -0.179 -0.452 -2.337 117 3.39 3.50 -0.760 -0.584 0 1.398 3.946 0.0024 1.4200
1777463973.1797767 0 -0.179 -0.452 -2.334 117 3.39 3.50 -0.760 -0.584 0 1.398 3.949 0.0025 1.4235
1777463973.207945 0 -0.179 -0.452 -2.328 117 3.39 3.50 -0.760 -0.584 0 1.398 3.955 0.0026 1.4293
1777463973.2584772 0 -0.178 -0.451 -2.317 117 3.39 3.50 -0.760 -0.584 0 1.397 3.967 0.0021 1.4408
1777463973.278943 0 -0.178 -0.451 -2.308 117 3.39 3.50 -0.760 -0.584 0 1.397 3.975 0.0019 1.4489
1777463973.3082678 0 -0.179 -0.452 -2.304 117 3.39 3.50 -0.760 -0.584 0 1.397 3.979 0.0018 1.4535
1777463973.3593535 0 -0.179 -0.452 -2.298 117 3.39 3.50 -0.760 -0.584 0 1.397 3.985 0.0022 1.4593
1777463973.379241 0 -0.178 -0.451 -2.292 118 3.39 3.50 -0.760 -0.584 0 1.398 3.991 0.0023 1.4651
% 1777463973.380296 robobot/cmd/ti alive 2026-04-29 13:58:14.194757
% 1777463973.4068465 robobot/cmd/ti rc 0 0.2
1777463973.4096808 0 -0.178 -0.451 -2.285 118 3.39 3.50 -0.760 -0.584 0 1.397 3.998 0.0017 1.4720
1777463973.4595466 0 -0.178 -0.451 -2.276 118 3.39 3.50 -0.760 -0.584 0 1.397 4.007 0.0014 1.4813
1777463973.4790714 0 -0.178 -0.451 -2.276 118 3.39 3.50 -0.760 -0.584 0 1.397 4.007 0.0016 1.4813
1777463973.5095458 0 -0.178 -0.451 -2.276 118 3.39 3.50 -0.760 -0.584 0 1.397 4.007 0.0017 1.4813
1777463973.5598593 0 -0.178 -0.451 -2.275 118 3.39 3.50 -0.760 -0.584 0 1.397 4.008 0.0018 1.4824
1777463973.5789633 0 -0.178 -0.452 -2.274 118 3.39 3.50 -0.760 -0.584 0 1.397 4.009 0.0018 1.4836
1777463973.6094487 0 -0.178 -0.451 -2.266 118 3.39 3.50 -0.760 -0.584 0 1.397 4.017 0.0018 1.4917
1777463973.6588867 0 -0.178 -0.451 -2.259 118 3.39 3.50 -0.760 -0.584 0 1.397 4.024 0.0016 1.4986
1777463973.680128 0 -0.178 -0.451 -2.256 118 3.39 3.50 -0.760 -0.584 0 1.397 4.027 0.0015 1.5009
1777463973.7095418 0 -0.178 -0.451 -2.247 118 3.39 3.50 -0.760 -0.584 0 1.397 4.036 0.0015 1.5102
1777463973.7595243 0 -0.178 -0.451 -2.237 118 3.39 3.50 -0.760 -0.584 0 1.397 4.046 0.0014 1.5206
1777463973.7803893 0 -0.178 -0.451 -2.231 119 3.39 3.50 -0.760 -0.584 0 1.397 4.052 0.0014 1.5264
% 1777463973.8086896 robobot/cmd/ti rc 0 0.2
1777463973.809646 0 -0.178 -0.451 -2.228 119 3.39 3.50 -0.760 -0.584 0 1.396 4.056 0.0012 1.5299
1777463973.8588855 0 -0.179 -0.452 -2.221 119 3.39 3.50 -0.760 -0.584 0 1.397 4.063 0.0013 1.5368
1777463973.8795152 0 -0.179 -0.452 -2.216 119 3.39 3.50 -0.760 -0.584 0 1.397 4.067 0.0014 1.5414
% 1777463973.8848696 robobot/cmd/ti alive 2026-04-29 13:58:14.194757
1777463973.91016 0 -0.178 -0.452 -2.207 119 3.39 3.50 -0.760 -0.584 0 1.397 4.076 0.0013 1.5507
1777463973.9604325 0 -0.178 -0.452 -2.200 119 3.39 3.50 -0.760 -0.584 0 1.396 4.083 0.0010 1.5576
1777463973.9793174 0 -0.179 -0.452 -2.199 119 3.39 3.50 -0.760 -0.584 0 1.396 4.085 0.0010 1.5588
1777463974.0096147 0 -0.179 -0.452 -2.194 119 3.39 3.50 -0.760 -0.584 0 1.396 4.089 0.0010 1.5634
1777463974.06016 0 -0.179 -0.452 -2.188 119 3.39 3.50 -0.760 -0.584 0 1.397 4.095 0.0013 1.5692
1777463974.0798504 0 -0.179 -0.452 -2.186 119 3.39 3.50 -0.760 -0.584 0 1.397 4.097 0.0014 1.5715
1777463974.1102827 0 -0.179 -0.452 -2.179 119 3.39 3.50 -0.760 -0.584 0 1.397 4.104 0.0016 1.5784
1777463974.1617708 0 -0.179 -0.452 -2.167 119 3.39 3.50 -0.760 -0.584 0 1.396 4.116 0.0012 1.5900
1777463974.180313 0 -0.179 -0.452 -2.165 120 3.39 3.50 -0.760 -0.584 0 1.396 4.118 0.0011 1.5923
1777463974.2107499 0 -0.179 -0.452 -2.158 120 3.39 3.50 -0.760 -0.584 0 1.396 4.125 0.0011 1.5992
% 1777463974.2138653 robobot/cmd/ti rc 0 0.2
1777463974.2610245 0 -0.179 -0.453 -2.149 120 3.39 3.50 -0.760 -0.584 0 1.397 4.134 0.0015 1.6085
1777463974.2801175 0 -0.179 -0.453 -2.145 120 3.39 3.50 -0.760 -0.584 0 1.397 4.138 0.0017 1.6120
1777463974.3111 0 -0.179 -0.453 -2.135 120 3.39 3.50 -0.760 -0.584 0 1.397 4.148 0.0017 1.6224
1777463974.360659 0 -0.179 -0.452 -2.129 120 3.39 3.50 -0.760 -0.584 0 1.397 4.154 0.0017 1.6281
1777463974.3816488 0 -0.179 -0.452 -2.128 120 3.39 3.50 -0.760 -0.584 0 1.397 4.155 0.0016 1.6293
% 1777463974.389128 robobot/cmd/ti alive 2026-04-29 13:58:14.194757
1777463974.4104757 0 -0.179 -0.452 -2.125 120 3.39 3.50 -0.760 -0.584 0 1.397 4.159 0.0013 1.6328
1777463974.4609215 0 -0.179 -0.453 -2.120 120 3.39 3.50 -0.760 -0.584 0 1.396 4.163 0.0011 1.6374
1777463974.4800029 0 -0.179 -0.453 -2.119 120 3.39 3.50 -0.760 -0.584 0 1.396 4.164 0.0012 1.6385
1777463974.5109844 0 -0.179 -0.453 -2.115 120 3.39 3.50 -0.760 -0.584 0 1.397 4.168 0.0014 1.6420
1777463974.560993 0 -0.179 -0.453 -2.099 120 3.39 3.50 -0.760 -0.584 0 1.397 4.184 0.0016 1.6582
1777463974.5803742 0 -0.179 -0.453 -2.093 120 3.39 3.50 -0.760 -0.584 0 1.397 4.190 0.0014 1.6640
1777463974.6119747 0 -0.179 -0.453 -2.089 121 3.39 3.50 -0.760 -0.584 0 1.397 4.194 0.0014 1.6686
% 1777463974.6371446 robobot/cmd/ti rc 0 -0.2
1777463974.66082 0 -0.179 -0.453 -2.088 121 3.39 3.50 -0.760 -0.584 0 1.397 4.196 0.0015 1.6698
1777463974.6796978 0 -0.179 -0.453 -2.090 121 3.39 3.50 -0.760 -0.584 0 1.397 4.193 0.0015 1.6675
1777463974.710617 0 -0.179 -0.453 -2.092 121 3.39 3.50 -0.760 -0.584 0 1.397 4.191 0.0017 1.6651
1777463974.762436 0 -0.179 -0.453 -2.095 121 3.39 3.50 -0.760 -0.584 0 1.397 4.189 0.0020 1.6628
1777463974.779972 0 -0.179 -0.453 -2.095 121 3.39 3.50 -0.760 -0.584 0 1.397 4.189 0.0020 1.6628
1777463974.8106947 0 -0.179 -0.453 -2.095 121 3.39 3.50 -0.760 -0.584 0 1.397 4.189 0.0020 1.6628
1777463974.8617647 0 -0.179 -0.453 -2.096 121 3.39 3.50 -0.760 -0.584 0 1.397 4.187 0.0021 1.6617
1777463974.8800075 0 -0.179 -0.453 -2.096 121 3.39 3.50 -0.760 -0.584 0 1.397 4.187 0.0021 1.6617
% 1777463974.8917522 robobot/cmd/ti alive 2026-04-29 13:58:14.194757
1777463974.911604 0 -0.179 -0.453 -2.097 121 3.39 3.50 -0.760 -0.584 0 1.397 4.186 0.0021 1.6605
1777463974.9614758 0 -0.180 -0.453 -2.104 121 3.39 3.50 -0.760 -0.584 0 1.397 4.179 0.0022 1.6536
1777463974.9796002 0 -0.180 -0.453 -2.106 122 3.39 3.50 -0.760 -0.584 0 1.398 4.177 0.0023 1.6513
% 1777463975.008027 robobot/cmd/ti rc 0 -0.2
1777463975.011762 0 -0.180 -0.453 -2.116 122 3.39 3.50 -0.760 -0.584 0 1.398 4.167 0.0025 1.6409
1777463975.0609076 0 -0.180 -0.454 -2.121 122 3.39 3.50 -0.760 -0.584 0 1.398 4.162 0.0025 1.6362
1777463975.0803232 0 -0.180 -0.454 -2.122 122 3.39 3.50 -0.760 -0.584 0 1.398 4.161 0.0025 1.6351
1777463975.111681 0 -0.180 -0.454 -2.126 122 3.39 3.50 -0.760 -0.584 0 1.398 4.157 0.0027 1.6316
1777463975.161686 0 -0.181 -0.455 -2.132 122 3.39 3.50 -0.760 -0.584 0 1.398 4.152 0.0030 1.6258
1777463975.1800587 0 -0.181 -0.455 -2.133 122 3.39 3.50 -0.760 -0.584 0 1.398 4.150 0.0032 1.6247
1777463975.2109838 0 -0.180 -0.455 -2.145 122 3.39 3.50 -0.760 -0.584 0 1.399 4.138 0.0035 1.6120
1777463975.2613966 0 -0.181 -0.455 -2.152 122 3.39 3.50 -0.760 -0.584 0 1.398 4.131 0.0028 1.6050
1777463975.2804499 0 -0.180 -0.455 -2.156 122 3.39 3.50 -0.760 -0.584 0 1.398 4.127 0.0028 1.6015
1777463975.311489 0 -0.180 -0.455 -2.159 122 3.39 3.50 -0.760 -0.584 0 1.398 4.124 0.0029 1.5981
1777463975.3616202 0 -0.181 -0.455 -2.164 122 3.39 3.50 -0.760 -0.584 0 1.398 4.119 0.0029 1.5935
1777463975.3798037 0 -0.181 -0.455 -2.165 123 3.39 3.50 -0.760 -0.584 0 1.398 4.118 0.0029 1.5923
% 1777463975.395641 robobot/cmd/ti alive 2026-04-29 13:58:14.194757
% 1777463975.409962 robobot/cmd/ti rc 0 0
1777463975.4127061 0 -0.181 -0.455 -2.167 123 3.39 3.50 -0.760 -0.584 0 1.398 4.116 0.0030 1.5900
1777463975.462878 0 -0.181 -0.456 -2.167 123 3.39 3.50 -0.760 -0.584 0 1.399 4.116 0.0034 1.5900
1777463975.4796102 0 -0.181 -0.456 -2.167 123 3.39 3.50 -0.760 -0.584 0 1.399 4.116 0.0035 1.5900
1777463975.512013 0 -0.181 -0.456 -2.166 123 3.39 3.50 -0.760 -0.584 0 1.399 4.117 0.0035 1.5911
1777463975.563011 0 -0.181 -0.455 -2.162 123 3.39 3.50 -0.760 -0.584 0 1.399 4.122 0.0034 1.5958
1777463975.580203 0 -0.181 -0.455 -2.162 123 3.39 3.50 -0.760 -0.584 0 1.399 4.122 0.0034 1.5958
1777463975.6128404 0 -0.181 -0.455 -2.162 123 3.39 3.50 -0.760 -0.584 0 1.399 4.122 0.0033 1.5958
1777463975.6618438 0 -0.181 -0.455 -2.162 123 3.39 3.50 -0.760 -0.584 0 1.398 4.122 0.0032 1.5958
1777463975.6804795 0 -0.181 -0.455 -2.162 123 3.39 3.50 -0.760 -0.584 0 1.398 4.122 0.0031 1.5958
1777463975.711777 0 -0.181 -0.455 -2.162 123 3.39 3.50 -0.760 -0.584 0 1.398 4.122 0.0030 1.5958
1777463975.763647 0 -0.181 -0.455 -2.162 123 3.39 3.50 -0.760 -0.584 0 1.398 4.122 0.0030 1.5958
1777463975.7802575 0 -0.181 -0.455 -2.162 124 3.39 3.50 -0.760 -0.584 0 1.398 4.122 0.0030 1.5958
1777463975.813368 0 -0.181 -0.455 -2.162 124 3.39 3.50 -0.760 -0.584 0 1.398 4.122 0.0030 1.5958
% 1777463975.8182333 robobot/cmd/ti rc 0.07 0
1777463975.8623023 0 -0.181 -0.456 -2.160 124 3.39 3.50 -0.760 -0.584 0 1.398 4.123 0.0030 1.5969
1777463975.880095 0 -0.181 -0.456 -2.159 124 3.39 3.50 -0.760 -0.584 0 1.398 4.124 0.0030 1.5981
% 1777463975.8984413 robobot/cmd/ti alive 2026-04-29 13:58:14.194757
1777463975.9134872 0 -0.182 -0.457 -2.160 124 3.39 3.50 -0.760 -0.584 0 1.399 4.123 0.0039 1.5969
1777463975.962706 0 -0.183 -0.459 -2.163 124 3.39 3.50 -0.760 -0.584 0 1.401 4.120 0.0059 1.5946
1777463975.9819605 0 -0.184 -0.460 -2.163 124 3.39 3.50 -0.760 -0.584 0 1.402 4.120 0.0068 1.5946
1777463976.0134234 0 -0.185 -0.462 -2.163 124 3.39 3.50 -0.760 -0.584 0 1.405 4.120 0.0092 1.5946
1777463976.063238 0 -0.188 -0.466 -2.160 124 3.39 3.50 -0.760 -0.584 0 1.409 4.123 0.0139 1.5969
1777463976.079958 0 -0.189 -0.467 -2.159 124 3.39 3.50 -0.760 -0.584 0 1.410 4.124 0.0152 1.5981
1777463976.1138175 0 -0.190 -0.469 -2.158 124 3.39 3.50 -0.760 -0.584 0 1.413 4.125 0.0176 1.5992
1777463976.1632922 0 -0.192 -0.472 -2.156 124 3.39 3.50 -0.760 -0.584 0 1.417 4.127 0.0215 1.6015
1777463976.1797044 0 -0.193 -0.473 -2.156 125 3.39 3.50 -0.760 -0.584 0 1.418 4.127 0.0225 1.6015
1777463976.2141159 0 -0.194 -0.475 -2.156 125 3.39 3.50 -0.760 -0.584 0 1.421 4.127 0.0255 1.6015
% 1777463976.2162247 robobot/cmd/ti rc 0.07 0
1777463976.263557 0 -0.196 -0.478 -2.154 125 3.39 3.50 -0.760 -0.584 0 1.424 4.130 0.0290 1.6039
1777463976.2798629 0 -0.197 -0.479 -2.154 125 3.39 3.50 -0.760 -0.584 0 1.425 4.130 0.0302 1.6039
1777463976.31332 0 -0.198 -0.481 -2.152 125 3.39 3.50 -0.760 -0.584 0 1.428 4.131 0.0324 1.6050
1777463976.36339 0 -0.200 -0.484 -2.155 125 3.39 3.50 -0.760 -0.584 0 1.431 4.128 0.0358 1.6027
1777463976.3807812 0 -0.200 -0.485 -2.156 125 3.39 3.50 -0.760 -0.584 0 1.432 4.127 0.0368 1.6015
% 1777463976.4015217 robobot/cmd/ti alive 2026-04-29 13:58:14.194757
1777463976.4132607 0 -0.202 -0.487 -2.154 125 3.39 3.50 -0.760 -0.584 0 1.435 4.130 0.0397 1.6039
1777463976.4634013 0 -0.203 -0.489 -2.157 125 3.39 3.50 -0.760 -0.584 0 1.438 4.126 0.0429 1.6004
1777463976.4800258 0 -0.204 -0.490 -2.158 125 3.39 3.50 -0.760 -0.584 0 1.439 4.125 0.0440 1.5992
1777463976.5139768 0 -0.206 -0.492 -2.157 125 3.39 3.50 -0.760 -0.584 0 1.442 4.126 0.0464 1.6004
1777463976.5634723 0 -0.208 -0.496 -2.157 125 3.39 3.50 -0.760 -0.584 0 1.445 4.126 0.0501 1.6004
1777463976.5806625 0 -0.208 -0.497 -2.157 126 3.39 3.50 -0.760 -0.584 0 1.447 4.126 0.0513 1.6004
% 1777463976.6028335 robobot/cmd/ti rc 0.07 0
1777463976.6139724 0 -0.210 -0.499 -2.156 126 3.39 3.50 -0.760 -0.584 0 1.450 4.127 0.0545 1.6015
1777463976.6640449 0 -0.212 -0.502 -2.156 126 3.39 3.50 -0.760 -0.584 0 1.453 4.127 0.0581 1.6015
1777463976.6808867 0 -0.212 -0.503 -2.157 126 3.39 3.50 -0.760 -0.584 0 1.454 4.126 0.0591 1.6004
1777463976.714154 0 -0.213 -0.504 -2.155 126 3.39 3.50 -0.760 -0.584 0 1.457 4.128 0.0615 1.6027
1777463976.7641797 0 -0.215 -0.507 -2.154 126 3.39 3.50 -0.760 -0.584 0 1.460 4.130 0.0648 1.6039
1777463976.780421 0 -0.216 -0.508 -2.155 126 3.39 3.50 -0.760 -0.584 0 1.461 4.128 0.0659 1.6027
1777463976.8138697 0 -0.217 -0.510 -2.156 126 3.39 3.50 -0.760 -0.584 0 1.464 4.127 0.0684 1.6015
1777463976.8641033 0 -0.219 -0.513 -2.155 126 3.39 3.50 -0.760 -0.584 0 1.467 4.128 0.0715 1.6027
1777463976.8802066 0 -0.219 -0.513 -2.156 126 3.39 3.50 -0.760 -0.584 0 1.468 4.127 0.0727 1.6015
% 1777463976.904179 robobot/cmd/ti alive 2026-04-29 13:58:14.194757
1777463976.9144676 0 -0.221 -0.515 -2.156 126 3.39 3.50 -0.760 -0.584 0 1.470 4.127 0.0748 1.6015
1777463976.9644473 0 -0.223 -0.518 -2.159 126 3.39 3.50 -0.760 -0.584 0 1.474 4.124 0.0783 1.5981
1777463976.985002 0 -0.223 -0.519 -2.159 127 3.39 3.50 -0.760 -0.584 0 1.475 4.124 0.0794 1.5981
% 1777463977.0020337 robobot/cmd/ti rc 0.07 0
1777463977.0143857 0 -0.224 -0.521 -2.162 127 3.39 3.50 -0.760 -0.584 0 1.477 4.122 0.0820 1.5958
1777463977.0640464 0 -0.226 -0.524 -2.162 127 3.39 3.50 -0.760 -0.584 0 1.481 4.122 0.0855 1.5958
1777463977.0805655 0 -0.227 -0.525 -2.163 127 3.39 3.50 -0.760 -0.584 0 1.482 4.120 0.0866 1.5946
1777463977.1140363 0 -0.228 -0.527 -2.163 127 3.39 3.50 -0.760 -0.584 0 1.484 4.120 0.0889 1.5946
1777463977.1651843 0 -0.230 -0.530 -2.163 127 3.39 3.50 -0.760 -0.584 0 1.488 4.120 0.0923 1.5946
1777463977.1807797 0 -0.231 -0.531 -2.163 127 3.39 3.50 -0.760 -0.584 0 1.489 4.120 0.0934 1.5946
1777463977.2143927 0 -0.232 -0.533 -2.162 127 3.39 3.50 -0.760 -0.584 0 1.492 4.122 0.0964 1.5958
1777463977.2644117 0 -0.234 -0.535 -2.163 127 3.39 3.50 -0.760 -0.584 0 1.495 4.120 0.0996 1.5946
1777463977.2799728 0 -0.235 -0.536 -2.164 127 3.39 3.50 -0.760 -0.584 0 1.496 4.119 0.1007 1.5935
1777463977.314843 0 -0.236 -0.538 -2.162 127 3.39 3.50 -0.760 -0.584 0 1.498 4.122 0.1030 1.5958
1777463977.3662608 0 -0.238 -0.541 -2.164 127 3.39 3.50 -0.760 -0.584 0 1.502 4.119 0.1064 1.5935
1777463977.3821614 0 -0.239 -0.542 -2.165 128 3.39 3.50 -0.760 -0.584 0 1.503 4.118 0.1076 1.5923
% 1777463977.4041505 robobot/cmd/ti rc 0.07 0
% 1777463977.406321 robobot/cmd/ti alive 2026-04-29 13:58:14.194757
1777463977.4150603 0 -0.240 -0.544 -2.165 128 3.39 3.50 -0.760 -0.584 0 1.506 4.118 0.1104 1.5923
1777463977.4652586 0 -0.242 -0.547 -2.162 128 3.39 3.50 -0.760 -0.584 0 1.509 4.122 0.1140 1.5958
1777463977.4802792 0 -0.242 -0.548 -2.163 128 3.39 3.50 -0.760 -0.584 0 1.510 4.120 0.1151 1.5946
1777463977.5151424 0 -0.244 -0.549 -2.163 128 3.39 3.50 -0.760 -0.584 0 1.512 4.120 0.1169 1.5946
1777463977.5656416 0 -0.246 -0.552 -2.164 128 3.39 3.50 -0.760 -0.584 0 1.515 4.119 0.1202 1.5935
1777463977.5820744 0 -0.246 -0.553 -2.164 128 3.39 3.50 -0.760 -0.584 0 1.517 4.119 0.1214 1.5935
1777463977.6149466 0 -0.248 -0.555 -2.164 128 3.39 3.50 -0.760 -0.584 0 1.520 4.119 0.1243 1.5935
1777463977.665333 0 -0.249 -0.558 -2.164 128 3.39 3.50 -0.760 -0.584 0 1.523 4.119 0.1275 1.5935
1777463977.6817327 0 -0.250 -0.559 -2.164 128 3.39 3.50 -0.760 -0.584 0 1.524 4.119 0.1286 1.5935
1777463977.7153187 0 -0.251 -0.561 -2.165 128 3.39 3.50 -0.760 -0.584 0 1.526 4.118 0.1307 1.5923
1777463977.765208 0 -0.253 -0.563 -2.165 128 3.39 3.50 -0.760 -0.584 0 1.529 4.118 0.1341 1.5923
1777463977.784945 0 -0.253 -0.564 -2.164 129 3.39 3.50 -0.760 -0.584 0 1.530 4.119 0.1351 1.5935
% 1777463977.8039062 robobot/cmd/ti rc 0.07 0
1777463977.8152122 0 -0.255 -0.566 -2.166 129 3.39 3.50 -0.760 -0.584 0 1.533 4.117 0.1379 1.5911
1777463977.8654225 0 -0.257 -0.570 -2.166 129 3.39 3.50 -0.760 -0.584 0 1.537 4.117 0.1417 1.5911
1777463977.8810782 0 -0.258 -0.571 -2.164 129 3.39 3.50 -0.760 -0.584 0 1.538 4.119 0.1430 1.5935
% 1777463977.9080694 robobot/cmd/ti alive 2026-04-29 13:58:14.194757
1777463977.9152737 0 -0.259 -0.572 -2.167 129 3.39 3.50 -0.760 -0.584 0 1.541 4.116 0.1453 1.5900
1777463977.9662046 0 -0.261 -0.575 -2.167 129 3.39 3.50 -0.760 -0.584 0 1.544 4.116 0.1486 1.5900
1777463977.9814854 0 -0.261 -0.576 -2.165 129 3.39 3.50 -0.760 -0.584 0 1.545 4.118 0.1495 1.5923
1777463978.015055 0 -0.263 -0.578 -2.163 129 3.39 3.50 -0.760 -0.584 0 1.547 4.120 0.1521 1.5946
1777463978.0663376 0 -0.264 -0.580 -2.165 129 3.39 3.50 -0.760 -0.584 0 1.550 4.118 0.1552 1.5923
1777463978.081658 0 -0.265 -0.581 -2.167 129 3.39 3.50 -0.760 -0.584 0 1.552 4.116 0.1563 1.5900
1777463978.116207 0 -0.267 -0.583 -2.165 129 3.39 3.50 -0.760 -0.584 0 1.554 4.118 0.1586 1.5923
1777463978.1662006 0 -0.269 -0.586 -2.166 129 3.39 3.50 -0.760 -0.584 0 1.558 4.117 0.1628 1.5911
1777463978.182272 0 -0.269 -0.587 -2.167 130 3.39 3.50 -0.760 -0.584 0 1.559 4.116 0.1633 1.5900
% 1777463978.204549 robobot/cmd/ti rc 0.07 0
1777463978.2162437 0 -0.271 -0.589 -2.166 130 3.39 3.50 -0.760 -0.584 0 1.562 4.117 0.1665 1.5911
1777463978.2661695 0 -0.273 -0.593 -2.164 130 3.39 3.50 -0.760 -0.584 0 1.565 4.119 0.1701 1.5935
1777463978.2813323 0 -0.273 -0.593 -2.165 130 3.39 3.50 -0.760 -0.584 0 1.567 4.118 0.1713 1.5923
1777463978.3167715 0 -0.275 -0.595 -2.167 130 3.39 3.50 -0.760 -0.584 0 1.569 4.116 0.1733 1.5900
1777463978.366641 0 -0.277 -0.598 -2.167 130 3.39 3.50 -0.760 -0.584 0 1.573 4.116 0.1773 1.5900
1777463978.3822806 0 -0.277 -0.599 -2.169 130 3.39 3.50 -0.760 -0.584 0 1.573 4.115 0.1779 1.5888
% 1777463978.4100654 robobot/cmd/ti alive 2026-04-29 13:58:14.194757
1777463978.4164066 0 -0.278 -0.601 -2.167 130 3.39 3.50 -0.760 -0.584 0 1.576 4.116 0.1805 1.5900
1777463978.466311 0 -0.280 -0.604 -2.169 130 3.39 3.50 -0.760 -0.584 0 1.579 4.115 0.1837 1.5888
1777463978.482134 0 -0.281 -0.605 -2.167 130 3.39 3.50 -0.760 -0.584 0 1.580 4.116 0.1849 1.5900
1777463978.5164897 0 -0.282 -0.606 -2.167 130 3.39 3.50 -0.760 -0.584 0 1.582 4.116 0.1869 1.5900
1777463978.5670435 0 -0.284 -0.609 -2.169 130 3.39 3.50 -0.760 -0.584 0 1.586 4.115 0.1908 1.5888
1777463978.5824552 0 -0.284 -0.610 -2.170 131 3.39 3.50 -0.760 -0.584 0 1.587 4.113 0.1913 1.5877
% 1777463978.6047232 robobot/cmd/ti rc 0.07 0
1777463978.616852 0 -0.286 -0.612 -2.170 131 3.39 3.50 -0.760 -0.584 0 1.589 4.113 0.1941 1.5877
1777463978.6670487 0 -0.288 -0.615 -2.170 131 3.39 3.50 -0.760 -0.584 0 1.593 4.113 0.1978 1.5877
1777463978.6815758 0 -0.288 -0.616 -2.171 131 3.39 3.50 -0.760 -0.584 0 1.594 4.112 0.1989 1.5865
1777463978.7171066 0 -0.290 -0.618 -2.171 131 3.39 3.50 -0.760 -0.584 0 1.596 4.112 0.2011 1.5865
1777463978.7674143 0 -0.292 -0.620 -2.171 131 3.39 3.50 -0.760 -0.584 0 1.600 4.112 0.2050 1.5865
1777463978.7814846 0 -0.292 -0.621 -2.171 131 3.39 3.50 -0.760 -0.584 0 1.601 4.112 0.2055 1.5865
1777463978.817208 0 -0.294 -0.623 -2.170 131 3.39 3.50 -0.760 -0.584 0 1.604 4.113 0.2085 1.5877
1777463978.867223 0 -0.296 -0.626 -2.170 131 3.39 3.50 -0.760 -0.584 0 1.607 4.113 0.2115 1.5877
1777463978.8820713 0 -0.296 -0.627 -2.171 131 3.39 3.50 -0.760 -0.584 0 1.608 4.112 0.2126 1.5865
% 1777463978.913363 robobot/cmd/ti alive 2026-04-29 13:58:14.194757
1777463978.917101 0 -0.298 -0.629 -2.170 131 3.39 3.50 -0.760 -0.584 0 1.610 4.113 0.2149 1.5877
1777463978.967229 0 -0.300 -0.632 -2.171 131 3.39 3.50 -0.760 -0.584 0 1.614 4.112 0.2189 1.5865
1777463978.9847279 0 -0.300 -0.632 -2.171 132 3.39 3.50 -0.760 -0.584 0 1.615 4.112 0.2195 1.5865
% 1777463979.0057032 robobot/cmd/ti rc 0.07 0
1777463979.0172043 0 -0.302 -0.635 -2.172 132 3.39 3.50 -0.760 -0.584 0 1.618 4.111 0.2224 1.5854
1777463979.0669246 0 -0.304 -0.638 -2.173 132 3.39 3.50 -0.760 -0.584 0 1.621 4.110 0.2259 1.5842
1777463979.0814695 0 -0.304 -0.639 -2.174 132 3.39 3.50 -0.760 -0.584 0 1.623 4.109 0.2272 1.5830
1777463979.11702 0 -0.306 -0.641 -2.172 132 3.39 3.50 -0.760 -0.584 0 1.625 4.111 0.2296 1.5854
1777463979.16784 0 -0.308 -0.644 -2.171 132 3.39 3.50 -0.760 -0.584 0 1.629 4.112 0.2336 1.5865
1777463979.181427 0 -0.308 -0.644 -2.171 132 3.39 3.50 -0.760 -0.584 0 1.629 4.112 0.2342 1.5865
1777463979.2170775 0 -0.309 -0.646 -2.171 132 3.39 3.50 -0.760 -0.584 0 1.632 4.112 0.2366 1.5865
1777463979.2670372 0 -0.311 -0.648 -2.170 132 3.39 3.50 -0.760 -0.584 0 1.635 4.113 0.2392 1.5877
1777463979.2812178 0 -0.311 -0.649 -2.172 132 3.39 3.50 -0.760 -0.584 0 1.635 4.111 0.2402 1.5854
1777463979.317466 0 -0.313 -0.651 -2.170 132 3.39 3.50 -0.760 -0.584 0 1.637 4.113 0.2421 1.5877
1777463979.3703434 0 -0.315 -0.654 -2.171 132 3.39 3.50 -0.760 -0.584 0 1.641 4.112 0.2461 1.5865
1777463979.3845837 0 -0.315 -0.655 -2.172 133 3.39 3.50 -0.760 -0.584 0 1.642 4.111 0.2468 1.5854
% 1777463979.4043 robobot/cmd/ti rc 0.07 0
% 1777463979.4153595 robobot/cmd/ti alive 2026-04-29 13:58:14.194757
1777463979.4179103 0 -0.317 -0.657 -2.173 133 3.39 3.50 -0.760 -0.584 0 1.645 4.110 0.2499 1.5842
1777463979.4681392 0 -0.319 -0.660 -2.173 133 3.39 3.50 -0.760 -0.584 0 1.649 4.110 0.2538 1.5842
1777463979.4813442 0 -0.320 -0.661 -2.173 133 3.39 3.50 -0.760 -0.584 0 1.650 4.110 0.2549 1.5842
1777463979.518707 0 -0.321 -0.663 -2.174 133 3.39 3.50 -0.760 -0.584 0 1.653 4.109 0.2579 1.5830
1777463979.569126 0 -0.323 -0.666 -2.173 133 3.39 3.50 -0.760 -0.584 0 1.657 4.110 0.2614 1.5842
1777463979.5819259 0 -0.324 -0.667 -2.174 133 3.39 3.50 -0.760 -0.584 0 1.657 4.109 0.2621 1.5830
1777463979.6187327 0 -0.325 -0.669 -2.175 133 3.39 3.50 -0.760 -0.584 0 1.660 4.108 0.2650 1.5819
1777463979.6683507 0 -0.327 -0.672 -2.177 133 3.39 3.50 -0.760 -0.584 0 1.664 4.106 0.2684 1.5807
1777463979.6818318 0 -0.327 -0.672 -2.175 133 3.39 3.50 -0.760 -0.584 0 1.665 4.108 0.2693 1.5819
1777463979.7180939 0 -0.329 -0.675 -2.174 133 3.39 3.50 -0.760 -0.584 0 1.667 4.109 0.2721 1.5830
1777463979.7683892 0 -0.331 -0.677 -2.174 133 3.39 3.50 -0.760 -0.584 0 1.671 4.109 0.2752 1.5830
1777463979.7830124 0 -0.331 -0.678 -2.175 133 3.39 3.50 -0.760 -0.584 0 1.671 4.108 0.2757 1.5819
1777463979.820002 0 -0.333 -0.680 -2.174 134 3.39 3.50 -0.760 -0.584 0 1.674 4.109 0.2786 1.5830
% 1777463979.8412795 robobot/cmd/ti rc 0.07 0
1777463979.8688085 0 -0.335 -0.683 -2.175 134 3.39 3.50 -0.760 -0.584 0 1.677 4.108 0.2821 1.5819
1777463979.8822062 0 -0.335 -0.684 -2.177 134 3.39 3.50 -0.760 -0.584 0 1.679 4.106 0.2833 1.5807
% 1777463979.9177067 robobot/cmd/ti alive 2026-04-29 13:58:14.194757
1777463979.9189227 0 -0.337 -0.686 -2.177 134 3.39 3.50 -0.760 -0.584 0 1.681 4.106 0.2860 1.5807
1777463979.9687102 0 -0.339 -0.689 -2.174 134 3.39 3.50 -0.760 -0.584 0 1.685 4.109 0.2893 1.5830
1777463979.9820995 0 -0.339 -0.690 -2.175 134 3.39 3.50 -0.760 -0.584 0 1.685 4.108 0.2899 1.5819
1777463980.018603 0 -0.341 -0.692 -2.174 134 3.39 3.50 -0.760 -0.584 0 1.688 4.109 0.2927 1.5830
1777463980.069656 0 -0.343 -0.694 -2.174 134 3.39 3.50 -0.760 -0.584 0 1.691 4.109 0.2958 1.5830
1777463980.0816824 0 -0.343 -0.695 -2.173 134 3.39 3.50 -0.760 -0.584 0 1.692 4.110 0.2970 1.5842
1777463980.119334 0 -0.344 -0.697 -2.174 134 3.39 3.50 -0.760 -0.584 0 1.695 4.109 0.2996 1.5830
1777463980.1702764 0 -0.346 -0.700 -2.175 134 3.39 3.50 -0.760 -0.584 0 1.698 4.108 0.3026 1.5819
1777463980.1825316 0 -0.347 -0.700 -2.174 135 3.39 3.50 -0.760 -0.584 0 1.698 4.109 0.3032 1.5830
% 1777463980.2169256 robobot/cmd/ti rc 0.07 0
1777463980.2197719 0 -0.348 -0.703 -2.175 135 3.39 3.50 -0.760 -0.584 0 1.701 4.108 0.3060 1.5819
1777463980.2697408 0 -0.350 -0.706 -2.175 135 3.39 3.50 -0.760 -0.584 0 1.705 4.108 0.3097 1.5819
1777463980.2816048 0 -0.351 -0.706 -2.174 135 3.39 3.50 -0.760 -0.584 0 1.706 4.109 0.3109 1.5830
1777463980.3195937 0 -0.352 -0.709 -2.175 135 3.39 3.50 -0.760 -0.584 0 1.709 4.108 0.3137 1.5819
1777463980.3691635 0 -0.354 -0.712 -2.174 135 3.39 3.50 -0.760 -0.584 0 1.712 4.109 0.3170 1.5830
1777463980.3827882 0 -0.355 -0.712 -2.174 135 3.39 3.50 -0.760 -0.584 0 1.713 4.109 0.3177 1.5830
1777463980.419215 0 -0.356 -0.714 -2.174 135 3.39 3.50 -0.760 -0.584 0 1.716 4.109 0.3206 1.5830
% 1777463980.4198196 robobot/cmd/ti alive 2026-04-29 13:58:14.194757
1777463980.469652 0 -0.358 -0.717 -2.175 135 3.39 3.50 -0.760 -0.584 0 1.719 4.108 0.3240 1.5819
1777463980.4818833 0 -0.359 -0.718 -2.175 135 3.39 3.50 -0.760 -0.584 0 1.720 4.108 0.3250 1.5819
1777463980.5193102 0 -0.360 -0.720 -2.175 135 3.39 3.50 -0.760 -0.584 0 1.723 4.108 0.3279 1.5819
1777463980.569288 0 -0.362 -0.723 -2.175 135 3.39 3.50 -0.760 -0.584 0 1.727 4.108 0.3313 1.5819
1777463980.581772 0 -0.363 -0.723 -2.175 136 3.39 3.50 -0.760 -0.584 0 1.727 4.108 0.3318 1.5819
% 1777463980.6156118 robobot/cmd/ti rc 0.07 0
1777463980.6193314 0 -0.364 -0.725 -2.175 136 3.39 3.50 -0.760 -0.584 0 1.730 4.108 0.3345 1.5819
1777463980.6697567 0 -0.366 -0.728 -2.175 136 3.39 3.50 -0.760 -0.584 0 1.733 4.108 0.3377 1.5819
1777463980.681774 0 -0.366 -0.729 -2.177 136 3.39 3.50 -0.760 -0.584 0 1.734 4.106 0.3387 1.5807
1777463980.7194715 0 -0.368 -0.731 -2.175 136 3.39 3.50 -0.760 -0.584 0 1.737 4.108 0.3415 1.5819
1777463980.7700157 0 -0.370 -0.734 -2.174 136 3.39 3.50 -0.760 -0.584 0 1.740 4.109 0.3450 1.5830
1777463980.7823741 0 -0.370 -0.734 -2.175 136 3.39 3.50 -0.760 -0.584 0 1.741 4.108 0.3456 1.5819
1777463980.819768 0 -0.372 -0.737 -2.174 136 3.39 3.50 -0.760 -0.584 0 1.744 4.109 0.3485 1.5830
1777463980.8698232 0 -0.374 -0.739 -2.175 136 3.39 3.50 -0.760 -0.584 0 1.747 4.108 0.3518 1.5819
1777463980.8821304 0 -0.374 -0.740 -2.175 136 3.39 3.50 -0.760 -0.584 0 1.748 4.108 0.3528 1.5819
1777463980.920603 0 -0.376 -0.742 -2.173 136 3.39 3.50 -0.760 -0.584 0 1.751 4.110 0.3557 1.5842
% 1777463980.9217322 robobot/cmd/ti alive 2026-04-29 13:58:14.194757
1777463980.9705617 0 -0.378 -0.745 -2.177 136 3.39 3.50 -0.760 -0.584 0 1.754 4.106 0.3591 1.5807
1777463980.9833093 0 -0.378 -0.746 -2.178 137 3.39 3.50 -0.760 -0.584 0 1.755 4.105 0.3597 1.5796
% 1777463981.0072289 robobot/cmd/ti rc 0.07 0
1777463981.0200222 0 -0.380 -0.748 -2.175 137 3.39 3.50 -0.760 -0.584 0 1.758 4.108 0.3626 1.5819
1777463981.071939 0 -0.382 -0.751 -2.175 137 3.39 3.50 -0.760 -0.584 0 1.761 4.108 0.3660 1.5819
1777463981.0824995 0 -0.382 -0.752 -2.177 137 3.39 3.50 -0.760 -0.584 0 1.762 4.106 0.3672 1.5807
1777463981.1207595 0 -0.384 -0.754 -2.177 137 3.39 3.50 -0.760 -0.584 0 1.765 4.106 0.3699 1.5807
1777463981.1714578 0 -0.386 -0.757 -2.174 137 3.39 3.50 -0.760 -0.584 0 1.768 4.109 0.3732 1.5830
1777463981.1817288 0 -0.386 -0.757 -2.174 137 3.39 3.50 -0.760 -0.584 0 1.769 4.109 0.3738 1.5830
1777463981.2208164 0 -0.387 -0.759 -2.177 137 3.39 3.50 -0.760 -0.584 0 1.772 4.106 0.3764 1.5807
1777463981.2709403 0 -0.389 -0.762 -2.175 137 3.39 3.50 -0.760 -0.584 0 1.775 4.108 0.3799 1.5819
1777463981.2818365 0 -0.390 -0.763 -2.174 137 3.39 3.50 -0.760 -0.584 0 1.776 4.109 0.3811 1.5830
1777463981.3209221 0 -0.391 -0.765 -2.175 137 3.39 3.50 -0.760 -0.584 0 1.779 4.108 0.3840 1.5819
1777463981.3716655 0 -0.393 -0.768 -2.177 137 3.39 3.50 -0.760 -0.584 0 1.783 4.106 0.3873 1.5807
1777463981.3836422 0 -0.394 -0.768 -2.177 138 3.39 3.50 -0.760 -0.584 0 1.783 4.106 0.3879 1.5807
% 1777463981.4053 robobot/cmd/ti rc 0.07 0
1777463981.4206893 0 -0.395 -0.771 -2.175 138 3.39 3.50 -0.760 -0.584 0 1.786 4.108 0.3907 1.5819
% 1777463981.4246569 robobot/cmd/ti alive 2026-04-29 13:58:14.194757
1777463981.4711816 0 -0.397 -0.774 -2.175 138 3.39 3.50 -0.760 -0.584 0 1.789 4.108 0.3941 1.5819
1777463981.4828982 0 -0.398 -0.774 -2.175 138 3.39 3.50 -0.760 -0.584 0 1.790 4.108 0.3952 1.5819
1777463981.520857 0 -0.399 -0.776 -2.175 138 3.39 3.50 -0.760 -0.584 0 1.793 4.108 0.3979 1.5819
1777463981.5717561 0 -0.401 -0.779 -2.175 138 3.39 3.50 -0.760 -0.584 0 1.797 4.108 0.4013 1.5819
1777463981.5822284 0 -0.402 -0.780 -2.175 138 3.39 3.50 -0.760 -0.584 0 1.797 4.108 0.4020 1.5819
1777463981.6217194 0 -0.403 -0.782 -2.174 138 3.39 3.50 -0.760 -0.584 0 1.800 4.109 0.4047 1.5830
1777463981.670829 0 -0.405 -0.785 -2.174 138 3.39 3.50 -0.760 -0.584 0 1.803 4.109 0.4081 1.5830
1777463981.6818194 0 -0.405 -0.785 -2.174 138 3.39 3.50 -0.760 -0.584 0 1.804 4.109 0.4091 1.5830
1777463981.7208962 0 -0.407 -0.788 -2.175 138 3.39 3.50 -0.760 -0.584 0 1.807 4.108 0.4121 1.5819
1777463981.771874 0 -0.409 -0.790 -2.174 138 3.39 3.50 -0.760 -0.584 0 1.811 4.109 0.4153 1.5830
1777463981.7839332 0 -0.409 -0.791 -2.174 139 3.39 3.50 -0.760 -0.584 0 1.811 4.109 0.4158 1.5830
% 1777463981.804959 robobot/cmd/ti rc 0.07 0
1777463981.8216245 0 -0.411 -0.793 -2.172 139 3.39 3.50 -0.760 -0.584 0 1.814 4.111 0.4187 1.5854
1777463981.8713343 0 -0.413 -0.796 -2.172 139 3.39 3.50 -0.760 -0.584 0 1.817 4.111 0.4220 1.5854
1777463981.882349 0 -0.413 -0.797 -2.173 139 3.39 3.50 -0.760 -0.584 0 1.818 4.110 0.4230 1.5842
1777463981.92125 0 -0.415 -0.799 -2.173 139 3.39 3.50 -0.760 -0.584 0 1.821 4.110 0.4260 1.5842
% 1777463981.928526 robobot/cmd/ti alive 2026-04-29 13:58:14.194757
1777463981.97245 0 -0.417 -0.802 -2.174 139 3.39 3.50 -0.760 -0.584 0 1.825 4.109 0.4294 1.5830
1777463981.9823048 0 -0.417 -0.802 -2.175 139 3.39 3.50 -0.760 -0.584 0 1.825 4.108 0.4301 1.5819
1777463982.0212336 0 -0.419 -0.805 -2.177 139 3.39 3.50 -0.760 -0.584 0 1.828 4.106 0.4328 1.5807
1777463982.0713325 0 -0.421 -0.808 -2.174 139 3.39 3.50 -0.760 -0.584 0 1.831 4.109 0.4361 1.5830
1777463982.0826058 0 -0.421 -0.808 -2.173 139 3.39 3.50 -0.760 -0.584 0 1.833 4.110 0.4373 1.5842
1777463982.121232 0 -0.423 -0.810 -2.173 139 3.39 3.50 -0.760 -0.584 0 1.835 4.110 0.4401 1.5842
1777463982.173992 0 -0.424 -0.813 -2.173 139 3.39 3.50 -0.760 -0.584 0 1.838 4.110 0.4431 1.5842
1777463982.1840565 0 -0.425 -0.813 -2.172 140 3.39 3.50 -0.760 -0.584 0 1.839 4.111 0.4437 1.5854
% 1777463982.2026677 robobot/cmd/ti rc 0.07 0
1777463982.2222192 0 -0.426 -0.816 -2.174 140 3.39 3.50 -0.760 -0.584 0 1.842 4.109 0.4463 1.5830
1777463982.2721193 0 -0.428 -0.818 -2.177 140 3.39 3.50 -0.760 -0.584 0 1.845 4.106 0.4501 1.5807
1777463982.2824824 0 -0.429 -0.819 -2.177 140 3.39 3.50 -0.760 -0.584 0 1.846 4.106 0.4507 1.5807
1777463982.322735 0 -0.430 -0.821 -2.175 140 3.39 3.50 -0.760 -0.584 0 1.849 4.108 0.4537 1.5819
1777463982.3725169 0 -0.432 -0.824 -2.175 140 3.39 3.50 -0.760 -0.584 0 1.852 4.108 0.4571 1.5819
1777463982.3826246 0 -0.433 -0.825 -2.175 140 3.39 3.50 -0.760 -0.584 0 1.853 4.108 0.4578 1.5819
1777463982.422227 0 -0.434 -0.827 -2.175 140 3.39 3.50 -0.760 -0.584 0 1.856 4.108 0.4608 1.5819
% 1777463982.4306302 robobot/cmd/ti alive 2026-04-29 13:58:14.194757
1777463982.4734168 0 -0.436 -0.830 -2.175 140 3.39 3.50 -0.760 -0.584 0 1.860 4.108 0.4647 1.5819
1777463982.4833407 0 -0.437 -0.831 -2.175 140 3.39 3.50 -0.760 -0.584 0 1.861 4.108 0.4653 1.5819
1777463982.523093 0 -0.438 -0.833 -2.177 140 3.39 3.50 -0.760 -0.584 0 1.864 4.106 0.4683 1.5807
1777463982.57579 0 -0.440 -0.836 -2.178 140 3.39 3.50 -0.760 -0.584 0 1.867 4.105 0.4716 1.5796
1777463982.58267 0 -0.441 -0.836 -2.177 141 3.39 3.50 -0.760 -0.584 0 1.867 4.106 0.4721 1.5807
1777463982.6229742 0 -0.442 -0.839 -2.177 141 3.39 3.50 -0.760 -0.584 0 1.870 4.106 0.4750 1.5807
% 1777463982.6273422 robobot/cmd/ti rc 0.07 0
1777463982.672809 0 -0.444 -0.841 -2.177 141 3.39 3.50 -0.760 -0.584 0 1.874 4.106 0.4787 1.5807
1777463982.6841588 0 -0.444 -0.842 -2.177 141 3.39 3.50 -0.760 -0.584 0 1.874 4.106 0.4792 1.5807
1777463982.723691 0 -0.446 -0.844 -2.174 141 3.39 3.50 -0.760 -0.584 0 1.877 4.109 0.4819 1.5830
1777463982.774319 0 -0.448 -0.847 -2.174 141 3.39 3.50 -0.760 -0.584 0 1.880 4.109 0.4851 1.5830
1777463982.7837236 0 -0.448 -0.847 -2.177 141 3.39 3.50 -0.760 -0.584 0 1.881 4.106 0.4855 1.5807
1777463982.8231428 0 -0.450 -0.849 -2.174 141 3.39 3.50 -0.760 -0.584 0 1.883 4.109 0.4882 1.5830
1777463982.8734646 0 -0.452 -0.852 -2.174 141 3.39 3.50 -0.760 -0.584 0 1.887 4.109 0.4922 1.5830
1777463982.8837588 0 -0.452 -0.853 -2.174 141 3.39 3.50 -0.760 -0.584 0 1.888 4.109 0.4928 1.5830
1777463982.923751 0 -0.454 -0.855 -2.175 141 3.39 3.50 -0.760 -0.584 0 1.891 4.108 0.4959 1.5819
% 1777463982.9331658 robobot/cmd/ti alive 2026-04-29 13:58:14.194757
1777463982.9750311 0 -0.456 -0.858 -2.177 142 3.39 3.50 -0.760 -0.584 0 1.895 4.106 0.4993 1.5807
1777463982.986134 0 -0.456 -0.859 -2.175 142 3.39 3.50 -0.760 -0.584 0 1.895 4.108 0.4999 1.5819
% 1777463983.0088596 robobot/cmd/ti rc 0 0
% 1777463983.009694 robobot/cmd/T0 servo 2 -450 200
1777463983.0233426 0 -0.458 -0.861 -2.177 142 3.39 3.50 -0.760 -0.584 0 1.898 4.106 0.5027 1.5807
1777463983.073072 0 -0.459 -0.863 -2.175 142 3.39 3.50 -0.760 -0.584 0 1.901 4.108 0.5060 1.5819
1777463983.0835063 0 -0.459 -0.863 -2.175 142 3.39 3.50 -0.760 -0.584 0 1.902 4.108 0.5063 1.5819
1777463983.1233509 0 -0.459 -0.863 -2.177 142 3.39 3.50 -0.760 -0.584 0 1.903 4.106 0.5080 1.5807
1777463983.1738787 0 -0.459 -0.863 -2.179 142 3.39 3.50 -0.760 -0.584 0 1.904 4.104 0.5087 1.5784
1777463983.1836288 0 -0.459 -0.863 -2.178 142 3.39 3.50 -0.760 -0.584 0 1.904 4.105 0.5087 1.5796
1777463983.223293 0 -0.459 -0.863 -2.178 142 3.39 3.50 -0.760 -0.584 0 1.904 4.105 0.5087 1.5796
1777463983.2731957 0 -0.459 -0.863 -2.178 142 3.39 3.50 -0.760 -0.584 0 1.904 4.105 0.5088 1.5796
1777463983.2839582 0 -0.459 -0.863 -2.178 142 3.39 3.50 -0.760 -0.584 0 1.904 4.105 0.5088 1.5796
1777463983.3240583 0 -0.459 -0.863 -2.178 142 3.39 3.50 -0.760 -0.584 0 1.904 4.105 0.5089 1.5796
1777463983.37384 0 -0.459 -0.863 -2.178 142 3.39 3.50 -0.760 -0.584 0 1.904 4.105 0.5090 1.5796
1777463983.384166 0 -0.459 -0.863 -2.178 142 3.39 3.50 -0.760 -0.584 0 1.904 4.105 0.5090 1.5796
1777463983.4235723 0 -0.459 -0.863 -2.178 142 3.39 3.50 -0.760 -0.584 0 1.904 4.105 0.5090 1.5796
% 1777463983.4358077 robobot/cmd/ti alive 2026-04-29 13:58:14.194757
1777463983.4740634 0 -0.459 -0.863 -2.178 142 3.39 3.50 -0.760 -0.584 0 1.904 4.105 0.5091 1.5796
1777463983.4834087 0 -0.459 -0.863 -2.178 142 3.39 3.50 -0.760 -0.584 0 1.904 4.105 0.5091 1.5796
1777463983.524351 0 -0.459 -0.863 -2.178 142 3.39 3.50 -0.760 -0.584 0 1.904 4.105 0.5092 1.5796
1777463983.5747683 0 -0.459 -0.863 -2.178 142 3.39 3.50 -0.760 -0.584 0 1.904 4.105 0.5092 1.5796
1777463983.583483 0 -0.459 -0.863 -2.178 142 3.39 3.50 -0.760 -0.584 0 1.904 4.105 0.5092 1.5796
1777463983.6240265 0 -0.459 -0.863 -2.178 142 3.39 3.50 -0.760 -0.584 0 1.904 4.105 0.5092 1.5796
1777463983.6747284 0 -0.459 -0.863 -2.178 142 3.39 3.50 -0.760 -0.584 0 1.904 4.105 0.5091 1.5796
1777463983.6837559 0 -0.459 -0.863 -2.178 142 3.39 3.50 -0.760 -0.584 0 1.904 4.105 0.5091 1.5796
1777463983.7237885 0 -0.459 -0.863 -2.178 142 3.39 3.50 -0.760 -0.584 0 1.904 4.105 0.5091 1.5796
1777463983.775583 0 -0.459 -0.863 -2.178 142 3.39 3.50 -0.760 -0.584 0 1.904 4.105 0.5091 1.5796
1777463983.78389 0 -0.459 -0.863 -2.178 142 3.39 3.50 -0.760 -0.584 0 1.904 4.105 0.5091 1.5796
1777463983.8245635 0 -0.459 -0.863 -2.178 142 3.39 3.50 -0.760 -0.584 0 1.904 4.105 0.5091 1.5796
1777463983.8739777 0 -0.459 -0.863 -2.178 142 3.39 3.50 -0.760 -0.584 0 1.904 4.105 0.5091 1.5796
1777463983.8834383 0 -0.459 -0.863 -2.178 142 3.39 3.50 -0.760 -0.584 0 1.904 4.105 0.5091 1.5796
1777463983.9243796 0 -0.459 -0.863 -2.178 142 3.39 3.50 -0.760 -0.584 0 1.904 4.105 0.5091 1.5796
% 1777463983.9375644 robobot/cmd/ti alive 2026-04-29 13:58:14.194757
1777463983.9745152 0 -0.459 -0.863 -2.178 142 3.39 3.50 -0.760 -0.584 0 1.904 4.105 0.5091 1.5796
1777463983.983582 0 -0.459 -0.863 -2.178 142 3.39 3.50 -0.760 -0.584 0 1.904 4.105 0.5091 1.5796
% 1777463984.0101147 robobot/cmd/T0 servo 2 270 150
1777463984.0249496 0 -0.459 -0.863 -2.178 142 3.39 3.50 -0.760 -0.584 0 1.904 4.105 0.5091 1.5796
1777463984.0744143 0 -0.459 -0.863 -2.178 142 3.39 3.50 -0.760 -0.584 0 1.904 4.105 0.5091 1.5796
1777463984.0840986 0 -0.459 -0.863 -2.178 142 3.39 3.50 -0.760 -0.584 0 1.904 4.105 0.5091 1.5796
1777463984.1246943 0 -0.459 -0.863 -2.178 142 3.39 3.50 -0.760 -0.584 0 1.904 4.105 0.5091 1.5796
1777463984.1743116 0 -0.459 -0.863 -2.178 142 3.39 3.50 -0.760 -0.584 0 1.904 4.105 0.5091 1.5796
1777463984.1839228 0 -0.459 -0.863 -2.178 142 3.39 3.50 -0.760 -0.584 0 1.904 4.105 0.5091 1.5796
1777463984.2251549 0 -0.459 -0.863 -2.178 142 3.39 3.50 -0.760 -0.584 0 1.904 4.105 0.5091 1.5796
1777463984.2758803 0 -0.459 -0.863 -2.178 142 3.39 3.50 -0.760 -0.584 0 1.904 4.105 0.5091 1.5796
1777463984.2841136 0 -0.459 -0.863 -2.178 142 3.39 3.50 -0.760 -0.584 0 1.904 4.105 0.5091 1.5796
1777463984.3247087 0 -0.459 -0.863 -2.178 142 3.39 3.50 -0.760 -0.584 0 1.904 4.105 0.5091 1.5796
1777463984.3751512 0 -0.459 -0.863 -2.178 142 3.39 3.50 -0.760 -0.584 0 1.904 4.105 0.5091 1.5796
1777463984.3839393 0 -0.459 -0.863 -2.178 142 3.39 3.50 -0.760 -0.584 0 1.904 4.105 0.5091 1.5796
1777463984.4254763 0 -0.459 -0.863 -2.178 142 3.39 3.50 -0.760 -0.584 0 1.904 4.105 0.5091 1.5796
% 1777463984.4393876 robobot/cmd/ti alive 2026-04-29 13:58:14.194757
1777463984.4755213 0 -0.459 -0.863 -2.178 142 3.39 3.50 -0.760 -0.584 0 1.904 4.105 0.5091 1.5796
1777463984.4839723 0 -0.459 -0.863 -2.178 142 3.39 3.50 -0.760 -0.584 0 1.904 4.105 0.5091 1.5796
1777463984.525845 0 -0.459 -0.863 -2.178 142 3.39 3.50 -0.760 -0.584 0 1.904 4.105 0.5091 1.5796
1777463984.5754404 0 -0.459 -0.863 -2.178 142 3.39 3.50 -0.760 -0.584 0 1.904 4.105 0.5091 1.5796
1777463984.5836532 0 -0.459 -0.863 -2.178 142 3.39 3.50 -0.760 -0.584 0 1.904 4.105 0.5091 1.5796
1777463984.625087 0 -0.459 -0.863 -2.178 142 3.39 3.50 -0.760 -0.584 0 1.904 4.105 0.5091 1.5796
1777463984.675143 0 -0.459 -0.863 -2.178 142 3.39 3.50 -0.760 -0.584 0 1.904 4.105 0.5091 1.5796
1777463984.6834579 0 -0.459 -0.863 -2.178 142 3.39 3.50 -0.760 -0.584 0 1.904 4.105 0.5091 1.5796
1777463984.7249856 0 -0.459 -0.863 -2.178 142 3.39 3.50 -0.760 -0.584 0 1.904 4.105 0.5091 1.5796
1777463984.7759054 0 -0.459 -0.863 -2.178 142 3.39 3.50 -0.760 -0.584 0 1.904 4.105 0.5091 1.5796
1777463984.784276 0 -0.459 -0.863 -2.178 142 3.39 3.50 -0.760 -0.584 0 1.904 4.105 0.5091 1.5796
1777463984.825551 0 -0.459 -0.863 -2.178 142 3.39 3.50 -0.760 -0.584 0 1.904 4.105 0.5091 1.5796
1777463984.8755307 0 -0.459 -0.863 -2.178 142 3.39 3.50 -0.760 -0.584 0 1.904 4.105 0.5091 1.5796
1777463984.8843732 0 -0.459 -0.863 -2.178 142 3.39 3.50 -0.760 -0.584 0 1.904 4.105 0.5091 1.5796
1777463984.9259453 0 -0.459 -0.863 -2.178 142 3.39 3.50 -0.760 -0.584 0 1.904 4.105 0.5091 1.5796
% 1777463984.945617 robobot/cmd/ti alive 2026-04-29 13:58:14.194757
1777463984.9755871 0 -0.459 -0.863 -2.178 142 3.39 3.50 -0.760 -0.584 0 1.904 4.105 0.5091 1.5796
1777463984.9840481 0 -0.459 -0.863 -2.178 142 3.39 3.50 -0.760 -0.584 0 1.904 4.105 0.5091 1.5796
% 1777463985.0111585 robobot/cmd/T0 servo 1 657 100
1777463985.0263445 0 -0.459 -0.863 -2.178 142 3.39 3.50 -0.760 -0.584 0 1.904 4.105 0.5091 1.5796
1777463985.0764065 0 -0.459 -0.863 -2.178 142 3.39 3.50 -0.760 -0.584 0 1.904 4.105 0.5091 1.5796
1777463985.0839565 0 -0.459 -0.863 -2.178 142 3.39 3.50 -0.760 -0.584 0 1.904 4.105 0.5091 1.5796
1777463985.1265774 0 -0.459 -0.863 -2.178 142 3.39 3.50 -0.760 -0.584 0 1.904 4.105 0.5091 1.5796
1777463985.1767902 0 -0.459 -0.863 -2.178 142 3.39 3.50 -0.760 -0.584 0 1.904 4.105 0.5091 1.5796
1777463985.1842222 0 -0.459 -0.863 -2.178 142 3.39 3.50 -0.760 -0.584 0 1.904 4.105 0.5091 1.5796
1777463985.226697 0 -0.459 -0.863 -2.178 142 3.39 3.50 -0.760 -0.584 0 1.904 4.105 0.5091 1.5796
1777463985.277558 0 -0.459 -0.863 -2.178 142 3.39 3.50 -0.760 -0.584 0 1.904 4.105 0.5091 1.5796
1777463985.2852752 0 -0.459 -0.863 -2.178 142 3.39 3.50 -0.760 -0.584 0 1.904 4.105 0.5091 1.5796
1777463985.3260546 0 -0.459 -0.863 -2.178 142 3.39 3.50 -0.760 -0.584 0 1.904 4.105 0.5091 1.5796
1777463985.3790812 0 -0.459 -0.863 -2.178 142 3.39 3.50 -0.760 -0.584 0 1.904 4.105 0.5091 1.5796
1777463985.3846812 0 -0.459 -0.863 -2.178 142 3.39 3.50 -0.760 -0.584 0 1.904 4.105 0.5091 1.5796
1777463985.4272125 0 -0.459 -0.863 -2.178 142 3.39 3.50 -0.760 -0.584 0 1.904 4.105 0.5091 1.5796
% 1777463985.4486053 robobot/cmd/ti alive 2026-04-29 13:58:14.194757
1777463985.4768105 0 -0.459 -0.863 -2.178 142 3.39 3.50 -0.760 -0.584 0 1.904 4.105 0.5091 1.5796
1777463985.4841475 0 -0.459 -0.863 -2.178 142 3.39 3.50 -0.760 -0.584 0 1.904 4.105 0.5091 1.5796
1777463985.5271428 0 -0.459 -0.863 -2.178 142 3.39 3.50 -0.760 -0.584 0 1.904 4.105 0.5091 1.5796
1777463985.5769258 0 -0.459 -0.863 -2.178 142 3.39 3.50 -0.760 -0.584 0 1.904 4.105 0.5091 1.5796
1777463985.5852373 0 -0.459 -0.863 -2.178 142 3.39 3.50 -0.760 -0.584 0 1.904 4.105 0.5091 1.5796
1777463985.626599 0 -0.459 -0.863 -2.178 142 3.39 3.50 -0.760 -0.584 0 1.904 4.105 0.5091 1.5796
1777463985.677525 0 -0.459 -0.863 -2.178 142 3.39 3.50 -0.760 -0.584 0 1.904 4.105 0.5091 1.5796
1777463985.6843836 0 -0.459 -0.863 -2.178 142 3.39 3.50 -0.760 -0.584 0 1.904 4.105 0.5091 1.5796
1777463985.7265086 0 -0.459 -0.863 -2.178 142 3.39 3.50 -0.760 -0.584 0 1.904 4.105 0.5091 1.5796
1777463985.7770524 0 -0.459 -0.863 -2.178 142 3.39 3.50 -0.760 -0.584 0 1.904 4.105 0.5091 1.5796
1777463985.7841377 0 -0.459 -0.863 -2.178 142 3.39 3.50 -0.760 -0.584 0 1.904 4.105 0.5091 1.5796
1777463985.8272798 0 -0.459 -0.863 -2.178 142 3.39 3.50 -0.760 -0.584 0 1.904 4.105 0.5091 1.5796
1777463985.876915 0 -0.459 -0.863 -2.178 142 3.39 3.50 -0.760 -0.584 0 1.904 4.105 0.5091 1.5796
1777463985.8840942 0 -0.459 -0.863 -2.178 142 3.39 3.50 -0.760 -0.584 0 1.904 4.105 0.5091 1.5796
1777463985.9268284 0 -0.459 -0.863 -2.178 142 3.39 3.50 -0.760 -0.584 0 1.904 4.105 0.5091 1.5796
% 1777463985.951541 robobot/cmd/ti alive 2026-04-29 13:58:14.194757
1777463985.9778666 0 -0.459 -0.863 -2.178 142 3.39 3.50 -0.760 -0.584 0 1.904 4.105 0.5091 1.5796
1777463985.9852598 0 -0.459 -0.863 -2.178 142 3.39 3.50 -0.760 -0.584 0 1.904 4.105 0.5091 1.5796
% 1777463986.0204344 robobot/cmd/T0 servo 1 750 170
1777463986.0286818 0 -0.459 -0.863 -2.178 142 3.39 3.50 -0.760 -0.584 0 1.904 4.105 0.5091 1.5796
1777463986.0780468 0 -0.459 -0.863 -2.178 142 3.39 3.50 -0.760 -0.584 0 1.904 4.105 0.5091 1.5796
1777463986.084221 0 -0.459 -0.863 -2.178 142 3.39 3.50 -0.760 -0.584 0 1.904 4.105 0.5091 1.5796
1777463986.12801 0 -0.459 -0.863 -2.178 142 3.39 3.50 -0.760 -0.584 0 1.904 4.105 0.5091 1.5796
1777463986.1784027 0 -0.459 -0.863 -2.178 142 3.39 3.50 -0.760 -0.584 0 1.904 4.105 0.5091 1.5796
1777463986.1858861 0 -0.459 -0.863 -2.178 142 3.39 3.50 -0.760 -0.584 0 1.904 4.105 0.5091 1.5796
1777463986.227358 0 -0.459 -0.863 -2.178 142 3.39 3.50 -0.760 -0.584 0 1.904 4.105 0.5091 1.5796
1777463986.2782707 0 -0.459 -0.863 -2.178 142 3.39 3.50 -0.760 -0.584 0 1.904 4.105 0.5091 1.5796
1777463986.2841928 0 -0.459 -0.863 -2.178 142 3.39 3.50 -0.760 -0.584 0 1.904 4.105 0.5091 1.5796
1777463986.3273242 0 -0.459 -0.863 -2.178 142 3.39 3.50 -0.760 -0.584 0 1.904 4.105 0.5091 1.5796
1777463986.3780937 0 -0.459 -0.863 -2.178 142 3.39 3.50 -0.760 -0.584 0 1.904 4.105 0.5091 1.5796
1777463986.3844218 0 -0.459 -0.863 -2.178 142 3.39 3.50 -0.760 -0.584 0 1.904 4.105 0.5091 1.5796
1777463986.427298 0 -0.459 -0.863 -2.178 142 3.39 3.50 -0.760 -0.584 0 1.904 4.105 0.5091 1.5796
% 1777463986.454671 robobot/cmd/ti alive 2026-04-29 13:58:14.194757
1777463986.477979 0 -0.459 -0.863 -2.178 142 3.39 3.50 -0.760 -0.584 0 1.904 4.105 0.5091 1.5796
1777463986.485082 0 -0.459 -0.863 -2.178 142 3.39 3.50 -0.760 -0.584 0 1.904 4.105 0.5091 1.5796
1777463986.528888 0 -0.459 -0.863 -2.178 142 3.39 3.50 -0.760 -0.584 0 1.904 4.105 0.5091 1.5796
1777463986.5774438 0 -0.459 -0.863 -2.178 142 3.39 3.50 -0.760 -0.584 0 1.904 4.105 0.5091 1.5796
1777463986.583891 0 -0.459 -0.863 -2.178 142 3.39 3.50 -0.760 -0.584 0 1.904 4.105 0.5091 1.5796
1777463986.627646 0 -0.459 -0.863 -2.178 142 3.39 3.50 -0.760 -0.584 0 1.904 4.105 0.5091 1.5796
1777463986.677637 0 -0.459 -0.863 -2.178 142 3.39 3.50 -0.760 -0.584 0 1.904 4.105 0.5091 1.5796
1777463986.684721 0 -0.459 -0.863 -2.178 142 3.39 3.50 -0.760 -0.584 0 1.904 4.105 0.5091 1.5796
1777463986.7272353 0 -0.459 -0.863 -2.178 142 3.39 3.50 -0.760 -0.584 0 1.904 4.105 0.5091 1.5796
1777463986.7780466 0 -0.459 -0.863 -2.178 142 3.39 3.50 -0.760 -0.584 0 1.904 4.105 0.5091 1.5796
1777463986.783862 0 -0.459 -0.863 -2.178 142 3.39 3.50 -0.760 -0.584 0 1.904 4.105 0.5091 1.5796
1777463986.8279092 0 -0.459 -0.863 -2.178 142 3.39 3.50 -0.760 -0.584 0 1.904 4.105 0.5091 1.5796
1777463986.8780105 0 -0.459 -0.863 -2.178 142 3.39 3.50 -0.760 -0.584 0 1.904 4.105 0.5091 1.5796
1777463986.8847654 0 -0.459 -0.863 -2.178 142 3.39 3.50 -0.760 -0.584 0 1.904 4.105 0.5091 1.5796
1777463986.9278576 0 -0.459 -0.863 -2.178 142 3.39 3.50 -0.760 -0.584 0 1.904 4.105 0.5091 1.5796
% 1777463986.9613695 robobot/cmd/ti alive 2026-04-29 13:58:14.194757
1777463986.9786246 0 -0.459 -0.863 -2.178 142 3.39 3.50 -0.760 -0.584 0 1.904 4.105 0.5091 1.5796
1777463986.9842343 0 -0.459 -0.863 -2.178 142 3.39 3.50 -0.760 -0.584 0 1.904 4.105 0.5091 1.5796
1777463987.0290132 0 -0.459 -0.863 -2.178 142 3.39 3.50 -0.760 -0.584 0 1.904 4.105 0.5091 1.5796
1777463987.0779157 0 -0.459 -0.863 -2.178 142 3.39 3.50 -0.760 -0.584 0 1.904 4.105 0.5091 1.5796
1777463987.083968 0 -0.459 -0.863 -2.178 142 3.39 3.50 -0.760 -0.584 0 1.904 4.105 0.5091 1.5796
1777463987.128251 0 -0.459 -0.863 -2.178 142 3.39 3.50 -0.760 -0.584 0 1.904 4.105 0.5091 1.5796
1777463987.1785882 0 -0.459 -0.863 -2.178 142 3.39 3.50 -0.760 -0.584 0 1.904 4.105 0.5091 1.5796
1777463987.184445 0 -0.459 -0.863 -2.178 142 3.39 3.50 -0.760 -0.584 0 1.904 4.105 0.5091 1.5796
1777463987.2279358 0 -0.459 -0.863 -2.178 142 3.39 3.50 -0.760 -0.584 0 1.904 4.105 0.5091 1.5796
1777463987.2778237 0 -0.459 -0.863 -2.178 142 3.39 3.50 -0.760 -0.584 0 1.904 4.105 0.5091 1.5796
1777463987.2846851 0 -0.459 -0.863 -2.178 142 3.39 3.50 -0.760 -0.584 0 1.904 4.105 0.5091 1.5796
1777463987.327898 0 -0.459 -0.863 -2.178 142 3.39 3.50 -0.760 -0.584 0 1.904 4.105 0.5091 1.5796
1777463987.3786814 0 -0.459 -0.863 -2.178 142 3.39 3.50 -0.760 -0.584 0 1.904 4.105 0.5091 1.5796
1777463987.3846903 0 -0.459 -0.863 -2.178 142 3.39 3.50 -0.760 -0.584 0 1.904 4.105 0.5091 1.5796
1777463987.4279587 0 -0.459 -0.863 -2.178 142 3.39 3.50 -0.760 -0.584 0 1.904 4.105 0.5091 1.5796
% 1777463987.4633458 robobot/cmd/ti alive 2026-04-29 13:58:14.194757
1777463987.4787838 0 -0.459 -0.863 -2.178 142 3.39 3.50 -0.760 -0.584 0 1.904 4.105 0.5091 1.5796
1777463987.484839 0 -0.459 -0.863 -2.178 142 3.39 3.50 -0.760 -0.584 0 1.904 4.105 0.5091 1.5796
1777463987.5289145 0 -0.459 -0.863 -2.178 142 3.39 3.50 -0.760 -0.584 0 1.904 4.105 0.5091 1.5796
1777463987.5779657 0 -0.459 -0.863 -2.178 142 3.39 3.50 -0.760 -0.584 0 1.904 4.105 0.5091 1.5796
1777463987.584807 0 -0.459 -0.863 -2.178 142 3.39 3.50 -0.760 -0.584 0 1.904 4.105 0.5091 1.5796
1777463987.629121 0 -0.459 -0.863 -2.178 142 3.39 3.50 -0.760 -0.584 0 1.904 4.105 0.5091 1.5796
1777463987.6791513 0 -0.459 -0.863 -2.178 142 3.39 3.50 -0.760 -0.584 0 1.904 4.105 0.5091 1.5796
1777463987.6843786 0 -0.459 -0.863 -2.178 142 3.39 3.50 -0.760 -0.584 0 1.904 4.105 0.5091 1.5796
1777463987.7288117 0 -0.459 -0.863 -2.178 142 3.39 3.50 -0.760 -0.584 0 1.904 4.105 0.5091 1.5796
1777463987.7796397 0 -0.459 -0.863 -2.178 142 3.39 3.50 -0.760 -0.584 0 1.904 4.105 0.5091 1.5796
1777463987.78434 0 -0.459 -0.863 -2.178 142 3.39 3.50 -0.760 -0.584 0 1.904 4.105 0.5091 1.5796
1777463987.8297458 0 -0.459 -0.863 -2.178 142 3.39 3.50 -0.760 -0.584 0 1.904 4.105 0.5091 1.5796
1777463987.8797245 0 -0.459 -0.863 -2.178 142 3.39 3.50 -0.760 -0.584 0 1.904 4.105 0.5091 1.5796
1777463987.8857677 0 -0.459 -0.863 -2.178 142 3.39 3.50 -0.760 -0.584 0 1.904 4.105 0.5091 1.5796
1777463987.928788 0 -0.459 -0.863 -2.178 142 3.39 3.50 -0.760 -0.584 0 1.904 4.105 0.5091 1.5796
% 1777463987.9657204 robobot/cmd/ti alive 2026-04-29 13:58:14.194757
1777463987.9796643 0 -0.459 -0.863 -2.178 142 3.39 3.50 -0.760 -0.584 0 1.904 4.105 0.5091 1.5796
1777463987.9855862 0 -0.459 -0.863 -2.178 142 3.39 3.50 -0.760 -0.584 0 1.904 4.105 0.5091 1.5796
1777463988.0291748 0 -0.459 -0.863 -2.178 142 3.39 3.50 -0.760 -0.584 0 1.904 4.105 0.5091 1.5796
1777463988.0795975 0 -0.459 -0.863 -2.178 142 3.39 3.50 -0.760 -0.584 0 1.904 4.105 0.5091 1.5796
1777463988.0854592 0 -0.459 -0.863 -2.178 142 3.39 3.50 -0.760 -0.584 0 1.904 4.105 0.5091 1.5796
1777463988.1291404 0 -0.459 -0.863 -2.178 142 3.39 3.50 -0.760 -0.584 0 1.904 4.105 0.5091 1.5796
1777463988.179762 0 -0.459 -0.863 -2.178 142 3.39 3.50 -0.760 -0.584 0 1.904 4.105 0.5091 1.5796
1777463988.1854315 0 -0.459 -0.863 -2.178 142 3.39 3.50 -0.760 -0.584 0 1.904 4.105 0.5091 1.5796
1777463988.2296937 0 -0.459 -0.863 -2.178 142 3.39 3.50 -0.760 -0.584 0 1.904 4.105 0.5091 1.5796
1777463988.2807174 0 -0.459 -0.863 -2.178 142 3.39 3.50 -0.760 -0.584 0 1.904 4.105 0.5091 1.5796
1777463988.2852898 0 -0.459 -0.863 -2.178 142 3.39 3.50 -0.760 -0.584 0 1.904 4.105 0.5091 1.5796
1777463988.3318343 0 -0.459 -0.863 -2.178 142 3.39 3.50 -0.760 -0.584 0 1.904 4.105 0.5091 1.5796
1777463988.3804011 0 -0.459 -0.863 -2.178 142 3.39 3.50 -0.760 -0.584 0 1.904 4.105 0.5091 1.5796
1777463988.3853683 0 -0.459 -0.863 -2.178 142 3.39 3.50 -0.760 -0.584 0 1.904 4.105 0.5091 1.5796
1777463988.4306588 0 -0.459 -0.863 -2.178 142 3.39 3.50 -0.760 -0.584 0 1.904 4.105 0.5091 1.5796
% 1777463988.4675074 robobot/cmd/ti alive 2026-04-29 13:58:14.194757
1777463988.479746 0 -0.459 -0.863 -2.178 142 3.39 3.50 -0.760 -0.584 0 1.904 4.105 0.5091 1.5796
1777463988.4857278 0 -0.459 -0.863 -2.178 142 3.39 3.50 -0.760 -0.584 0 1.904 4.105 0.5091 1.5796
1777463988.5305429 0 -0.459 -0.863 -2.178 142 3.39 3.50 -0.760 -0.584 0 1.904 4.105 0.5091 1.5796
1777463988.5801458 0 -0.459 -0.863 -2.178 142 3.39 3.50 -0.760 -0.584 0 1.904 4.105 0.5091 1.5796
1777463988.585342 0 -0.459 -0.863 -2.178 142 3.39 3.50 -0.760 -0.584 0 1.904 4.105 0.5091 1.5796
1777463988.6303725 0 -0.459 -0.863 -2.178 142 3.39 3.50 -0.760 -0.584 0 1.904 4.105 0.5091 1.5796
1777463988.680332 0 -0.459 -0.863 -2.178 142 3.39 3.50 -0.760 -0.584 0 1.904 4.105 0.5091 1.5796
1777463988.685142 0 -0.459 -0.863 -2.178 142 3.39 3.50 -0.760 -0.584 0 1.904 4.105 0.5091 1.5796
1777463988.730258 0 -0.459 -0.863 -2.178 142 3.39 3.50 -0.760 -0.584 0 1.904 4.105 0.5091 1.5796
1777463988.7800674 0 -0.459 -0.863 -2.178 142 3.39 3.50 -0.760 -0.584 0 1.904 4.105 0.5091 1.5796
1777463988.7864096 0 -0.459 -0.863 -2.178 142 3.39 3.50 -0.760 -0.584 0 1.904 4.105 0.5091 1.5796
1777463988.8302853 0 -0.459 -0.863 -2.178 142 3.39 3.50 -0.760 -0.584 0 1.904 4.105 0.5091 1.5796
1777463988.8804595 0 -0.459 -0.863 -2.178 142 3.39 3.50 -0.760 -0.584 0 1.904 4.105 0.5091 1.5796
1777463988.885465 0 -0.459 -0.863 -2.178 142 3.39 3.50 -0.760 -0.584 0 1.904 4.105 0.5091 1.5796
1777463988.9313111 0 -0.459 -0.863 -2.178 142 3.39 3.50 -0.760 -0.584 0 1.904 4.105 0.5091 1.5796
% 1777463988.971391 robobot/cmd/ti alive 2026-04-29 13:58:14.194757
1777463988.980642 0 -0.459 -0.863 -2.178 142 3.39 3.50 -0.760 -0.584 0 1.904 4.105 0.5091 1.5796
1777463988.98564 0 -0.459 -0.863 -2.178 142 3.39 3.50 -0.760 -0.584 0 1.904 4.105 0.5091 1.5796
% 1777463989.0220468 robobot/cmd/T0 servo 2 450 100
% 1777463989.0225694 robobot/cmd/T0 servo 1 -400 100
1777463989.030271 0 -0.459 -0.863 -2.178 142 3.39 3.50 -0.760 -0.584 0 1.904 4.105 0.5091 1.5796
1777463989.0802655 0 -0.459 -0.863 -2.178 142 3.39 3.50 -0.760 -0.584 0 1.904 4.105 0.5091 1.5796
1777463989.0860903 0 -0.459 -0.863 -2.178 142 3.39 3.50 -0.760 -0.584 0 1.904 4.105 0.5091 1.5796
1777463989.1314373 0 -0.459 -0.863 -2.178 142 3.39 3.50 -0.760 -0.584 0 1.904 4.105 0.5091 1.5796
1777463989.1810765 0 -0.459 -0.863 -2.178 142 3.39 3.50 -0.760 -0.584 0 1.904 4.105 0.5091 1.5796
1777463989.1858797 0 -0.459 -0.863 -2.178 142 3.39 3.50 -0.760 -0.584 0 1.904 4.105 0.5091 1.5796
1777463989.2306988 0 -0.459 -0.863 -2.178 142 3.39 3.50 -0.760 -0.584 0 1.904 4.105 0.5091 1.5796
1777463989.2826617 0 -0.459 -0.863 -2.178 142 3.39 3.50 -0.760 -0.584 0 1.904 4.105 0.5091 1.5796
1777463989.286561 0 -0.459 -0.863 -2.178 142 3.39 3.50 -0.760 -0.584 0 1.904 4.105 0.5091 1.5796
1777463989.3311841 0 -0.459 -0.863 -2.178 142 3.39 3.50 -0.760 -0.584 0 1.904 4.105 0.5091 1.5796
1777463989.3807883 0 -0.459 -0.863 -2.178 142 3.39 3.50 -0.760 -0.584 0 1.904 4.105 0.5091 1.5796
1777463989.385299 0 -0.459 -0.863 -2.178 142 3.39 3.50 -0.760 -0.584 0 1.904 4.105 0.5091 1.5796
1777463989.431734 0 -0.459 -0.863 -2.178 142 3.39 3.50 -0.760 -0.584 0 1.904 4.105 0.5091 1.5796
% 1777463989.4737036 robobot/cmd/ti alive 2026-04-29 13:58:14.194757
1777463989.4831347 0 -0.459 -0.863 -2.178 142 3.39 3.50 -0.760 -0.584 0 1.904 4.105 0.5091 1.5796
1777463989.4853141 0 -0.459 -0.863 -2.178 142 3.39 3.50 -0.760 -0.584 0 1.904 4.105 0.5091 1.5796
1777463989.5314922 0 -0.459 -0.863 -2.178 142 3.39 3.50 -0.760 -0.584 0 1.904 4.105 0.5091 1.5796
1777463989.5813367 0 -0.459 -0.863 -2.178 142 3.39 3.50 -0.760 -0.584 0 1.904 4.105 0.5091 1.5796
1777463989.5860293 0 -0.459 -0.863 -2.178 142 3.39 3.50 -0.760 -0.584 0 1.904 4.105 0.5091 1.5796
1777463989.6317332 0 -0.459 -0.863 -2.178 142 3.39 3.50 -0.760 -0.584 0 1.904 4.105 0.5091 1.5796
1777463989.6816652 0 -0.459 -0.863 -2.178 142 3.39 3.50 -0.760 -0.584 0 1.904 4.105 0.5091 1.5796
1777463989.6861837 0 -0.459 -0.863 -2.178 142 3.39 3.50 -0.760 -0.584 0 1.904 4.105 0.5091 1.5796
1777463989.731288 0 -0.459 -0.863 -2.178 142 3.39 3.50 -0.760 -0.584 0 1.904 4.105 0.5091 1.5796
1777463989.7816348 0 -0.459 -0.863 -2.178 142 3.39 3.50 -0.760 -0.584 0 1.904 4.105 0.5091 1.5796
1777463989.7852561 0 -0.459 -0.863 -2.178 142 3.39 3.50 -0.760 -0.584 0 1.904 4.105 0.5091 1.5796
1777463989.8317997 0 -0.459 -0.863 -2.178 142 3.39 3.50 -0.760 -0.584 0 1.904 4.105 0.5091 1.5796
1777463989.8810248 0 -0.459 -0.863 -2.178 142 3.39 3.50 -0.760 -0.584 0 1.904 4.105 0.5091 1.5796
1777463989.8856363 0 -0.459 -0.863 -2.178 142 3.39 3.50 -0.760 -0.584 0 1.904 4.105 0.5091 1.5796
1777463989.9312432 0 -0.459 -0.863 -2.178 142 3.39 3.50 -0.760 -0.584 0 1.904 4.105 0.5091 1.5796
% 1777463989.9764528 robobot/cmd/ti alive 2026-04-29 13:58:14.194757
1777463989.9818583 0 -0.459 -0.863 -2.178 142 3.39 3.50 -0.760 -0.584 0 1.904 4.105 0.5091 1.5796
1777463989.986808 0 -0.459 -0.863 -2.178 142 3.39 3.50 -0.760 -0.584 0 1.904 4.105 0.5091 1.5796
1777463990.0321295 0 -0.459 -0.863 -2.178 142 3.39 3.50 -0.760 -0.584 0 1.904 4.105 0.5091 1.5796
1777463990.0822864 0 -0.459 -0.863 -2.178 142 3.39 3.50 -0.760 -0.584 0 1.904 4.105 0.5091 1.5796
1777463990.0860517 0 -0.459 -0.863 -2.178 142 3.39 3.50 -0.760 -0.584 0 1.904 4.105 0.5091 1.5796
1777463990.1316288 0 -0.459 -0.863 -2.178 142 3.39 3.50 -0.760 -0.584 0 1.904 4.105 0.5091 1.5796
1777463990.181743 0 -0.459 -0.863 -2.178 142 3.39 3.50 -0.760 -0.584 0 1.904 4.105 0.5091 1.5796
1777463990.186176 0 -0.459 -0.863 -2.178 142 3.39 3.50 -0.760 -0.584 0 1.904 4.105 0.5091 1.5796
1777463990.2320085 0 -0.459 -0.863 -2.178 142 3.39 3.50 -0.760 -0.584 0 1.904 4.105 0.5091 1.5796
1777463990.2827363 0 -0.459 -0.863 -2.178 142 3.39 3.50 -0.760 -0.584 0 1.904 4.105 0.5091 1.5796
1777463990.2861822 0 -0.459 -0.863 -2.178 142 3.39 3.50 -0.760 -0.584 0 1.904 4.105 0.5091 1.5796
1777463990.3318589 0 -0.459 -0.863 -2.178 142 3.39 3.50 -0.760 -0.584 0 1.904 4.105 0.5091 1.5796
1777463990.3826706 0 -0.459 -0.863 -2.178 142 3.39 3.50 -0.760 -0.584 0 1.904 4.105 0.5091 1.5796
1777463990.3861504 0 -0.459 -0.863 -2.178 142 3.39 3.50 -0.760 -0.584 0 1.904 4.105 0.5091 1.5796
1777463990.4321125 0 -0.459 -0.863 -2.178 142 3.39 3.50 -0.760 -0.584 0 1.904 4.105 0.5091 1.5796
% 1777463990.4790585 robobot/cmd/ti alive 2026-04-29 13:58:14.194757
1777463990.4822938 0 -0.459 -0.863 -2.178 142 3.39 3.50 -0.760 -0.584 0 1.904 4.105 0.5091 1.5796
1777463990.4860327 0 -0.459 -0.863 -2.178 142 3.39 3.50 -0.760 -0.584 0 1.904 4.105 0.5091 1.5796
1777463990.531917 0 -0.459 -0.863 -2.178 142 3.39 3.50 -0.760 -0.584 0 1.904 4.105 0.5091 1.5796
1777463990.5824974 0 -0.459 -0.863 -2.178 142 3.39 3.50 -0.760 -0.584 0 1.904 4.105 0.5091 1.5796
1777463990.5859625 0 -0.459 -0.863 -2.178 142 3.39 3.50 -0.760 -0.584 0 1.904 4.105 0.5091 1.5796
1777463990.6322775 0 -0.459 -0.863 -2.178 142 3.39 3.50 -0.760 -0.584 0 1.904 4.105 0.5091 1.5796
1777463990.6822672 0 -0.459 -0.863 -2.178 142 3.39 3.50 -0.760 -0.584 0 1.904 4.105 0.5091 1.5796
1777463990.6860816 0 -0.459 -0.863 -2.178 142 3.39 3.50 -0.760 -0.584 0 1.904 4.105 0.5091 1.5796
1777463990.73252 0 -0.459 -0.863 -2.178 142 3.39 3.50 -0.760 -0.584 0 1.904 4.105 0.5091 1.5796
1777463990.782263 0 -0.459 -0.863 -2.178 142 3.39 3.50 -0.760 -0.584 0 1.904 4.105 0.5091 1.5796
1777463990.785908 0 -0.459 -0.863 -2.178 142 3.39 3.50 -0.760 -0.584 0 1.904 4.105 0.5091 1.5796
1777463990.8321533 0 -0.459 -0.863 -2.178 142 3.39 3.50 -0.760 -0.584 0 1.904 4.105 0.5091 1.5796
1777463990.8821068 0 -0.459 -0.863 -2.178 142 3.39 3.50 -0.760 -0.584 0 1.904 4.105 0.5091 1.5796
1777463990.885895 0 -0.459 -0.863 -2.178 142 3.39 3.50 -0.760 -0.584 0 1.904 4.105 0.5091 1.5796
1777463990.9323943 0 -0.459 -0.863 -2.178 142 3.39 3.50 -0.760 -0.584 0 1.904 4.105 0.5091 1.5796
% 1777463990.980902 robobot/cmd/ti alive 2026-04-29 13:58:14.194757
1777463991.0258894 0 -0.459 -0.863 -2.178 142 3.39 3.50 -0.760 -0.584 0 1.904 4.105 0.5091 1.5796
1777463991.0265276 0 -0.459 -0.863 -2.178 142 3.39 3.50 -0.760 -0.584 0 1.904 4.105 0.5091 1.5796
1777463991.034965 0 -0.459 -0.863 -2.178 142 3.39 3.50 -0.760 -0.584 0 1.904 4.105 0.5091 1.5796
1777463991.08297 0 -0.459 -0.863 -2.178 142 3.39 3.50 -0.760 -0.584 0 1.904 4.105 0.5091 1.5796
1777463991.0864735 0 -0.459 -0.863 -2.178 142 3.39 3.50 -0.760 -0.584 0 1.904 4.105 0.5091 1.5796
1777463991.133153 0 -0.459 -0.863 -2.178 142 3.39 3.50 -0.760 -0.584 0 1.904 4.105 0.5091 1.5796
1777463991.1830935 0 -0.459 -0.863 -2.178 142 3.39 3.50 -0.760 -0.584 0 1.904 4.105 0.5091 1.5796
1777463991.1864953 0 -0.459 -0.863 -2.178 142 3.39 3.50 -0.760 -0.584 0 1.904 4.105 0.5091 1.5796
1777463991.23318 0 -0.459 -0.863 -2.178 142 3.39 3.50 -0.760 -0.584 0 1.904 4.105 0.5091 1.5796
1777463991.2839444 0 -0.459 -0.863 -2.178 142 3.39 3.50 -0.760 -0.584 0 1.904 4.105 0.5091 1.5796
1777463991.286196 0 -0.459 -0.863 -2.178 142 3.39 3.50 -0.760 -0.584 0 1.904 4.105 0.5091 1.5796
1777463991.333371 0 -0.459 -0.863 -2.178 142 3.39 3.50 -0.760 -0.584 0 1.904 4.105 0.5091 1.5796
1777463991.3839002 0 -0.459 -0.863 -2.178 143 3.39 3.50 -0.760 -0.584 0 1.904 4.105 0.5091 1.5796
1777463991.3866465 0 -0.459 -0.863 -2.178 143 3.39 3.50 -0.760 -0.584 0 1.904 4.105 0.5091 1.5796
1777463991.4333084 0 -0.459 -0.863 -2.178 143 3.39 3.50 -0.760 -0.584 0 1.904 4.105 0.5091 1.5796
% 1777463991.4339533 robobot/cmd/ti rc 0 0.2
1777463991.4835036 0 -0.459 -0.863 -2.178 143 3.39 3.50 -0.760 -0.584 0 1.904 4.105 0.5091 1.5796
% 1777463991.4851067 robobot/cmd/ti alive 2026-04-29 13:58:14.194757
1777463991.4869118 0 -0.459 -0.863 -2.178 143 3.39 3.50 -0.760 -0.584 0 1.904 4.105 0.5091 1.5796
1777463991.5343049 0 -0.459 -0.863 -2.177 143 3.39 3.50 -0.760 -0.584 0 1.904 4.106 0.5091 1.5807
1777463991.5846207 0 -0.459 -0.863 -2.172 143 3.39 3.50 -0.760 -0.584 0 1.904 4.111 0.5091 1.5854
1777463991.5874064 0 -0.459 -0.863 -2.172 143 3.39 3.50 -0.760 -0.584 0 1.904 4.111 0.5091 1.5854
1777463991.6332989 0 -0.459 -0.862 -2.166 143 3.39 3.50 -0.760 -0.584 0 1.904 4.117 0.5090 1.5911
1777463991.6835606 0 -0.458 -0.862 -2.160 143 3.39 3.50 -0.760 -0.584 0 1.904 4.123 0.5084 1.5969
1777463991.6864092 0 -0.458 -0.862 -2.160 143 3.39 3.50 -0.760 -0.584 0 1.904 4.123 0.5083 1.5969
1777463991.7344093 0 -0.458 -0.862 -2.154 143 3.39 3.50 -0.760 -0.584 0 1.903 4.130 0.5078 1.6039
1777463991.784786 0 -0.458 -0.862 -2.147 143 3.39 3.50 -0.760 -0.584 0 1.903 4.137 0.5074 1.6108
1777463991.7864294 0 -0.458 -0.862 -2.147 143 3.39 3.50 -0.760 -0.584 0 1.903 4.137 0.5074 1.6108
1777463991.834923 0 -0.459 -0.862 -2.135 144 3.39 3.50 -0.760 -0.584 0 1.903 4.148 0.5078 1.6224
% 1777463991.860554 robobot/cmd/ti rc 0 0.2
1777463991.883819 0 -0.459 -0.863 -2.122 144 3.39 3.50 -0.760 -0.584 0 1.904 4.161 0.5083 1.6351
1777463991.8864324 0 -0.459 -0.863 -2.122 144 3.39 3.50 -0.760 -0.584 0 1.904 4.161 0.5083 1.6351
1777463991.9346256 0 -0.459 -0.863 -2.110 144 3.39 3.50 -0.760 -0.584 0 1.904 4.174 0.5086 1.6478
1777463991.9847486 0 -0.459 -0.863 -2.098 144 3.39 3.50 -0.760 -0.584 0 1.904 4.185 0.5088 1.6594
1777463991.986002 0 -0.459 -0.863 -2.098 144 3.39 3.50 -0.760 -0.584 0 1.904 4.185 0.5088 1.6594
% 1777463991.9887822 robobot/cmd/ti alive 2026-04-29 13:58:14.194757
1777463992.0344946 0 -0.459 -0.863 -2.088 144 3.39 3.50 -0.760 -0.584 0 1.904 4.196 0.5090 1.6698
1777463992.0843787 0 -0.459 -0.863 -2.076 144 3.39 3.50 -0.760 -0.584 0 1.904 4.207 0.5090 1.6813
1777463992.0867765 0 -0.459 -0.863 -2.076 144 3.39 3.50 -0.760 -0.584 0 1.904 4.207 0.5090 1.6813
1777463992.1341023 0 -0.459 -0.863 -2.064 144 3.39 3.50 -0.760 -0.584 0 1.904 4.219 0.5092 1.6929
1777463992.1858995 0 -0.459 -0.863 -2.058 145 3.39 3.50 -0.760 -0.584 0 1.904 4.226 0.5091 1.6998
1777463992.1870978 0 -0.459 -0.863 -2.058 145 3.39 3.50 -0.760 -0.584 0 1.904 4.226 0.5091 1.6998
% 1777463992.2205658 robobot/cmd/ti rc 0 0.2
1777463992.2340965 0 -0.459 -0.863 -2.047 145 3.39 3.50 -0.760 -0.584 0 1.905 4.236 0.5093 1.7102
1777463992.2846406 0 -0.459 -0.863 -2.039 145 3.39 3.50 -0.760 -0.584 0 1.904 4.244 0.5091 1.7183
1777463992.2858903 0 -0.459 -0.863 -2.039 145 3.39 3.50 -0.760 -0.584 0 1.904 4.244 0.5091 1.7183
1777463992.3347957 0 -0.459 -0.863 -2.032 145 3.39 3.50 -0.760 -0.584 0 1.904 4.251 0.5090 1.7253
1777463992.384259 0 -0.459 -0.862 -2.027 145 3.39 3.50 -0.760 -0.584 0 1.904 4.256 0.5090 1.7299
1777463992.3865507 0 -0.459 -0.862 -2.027 145 3.39 3.50 -0.760 -0.584 0 1.904 4.256 0.5090 1.7299
1777463992.4344068 0 -0.458 -0.862 -2.023 145 3.39 3.50 -0.760 -0.584 0 1.904 4.260 0.5088 1.7345
1777463992.4850738 0 -0.458 -0.862 -2.017 145 3.39 3.50 -0.760 -0.584 0 1.904 4.266 0.5084 1.7403
1777463992.4864655 0 -0.458 -0.862 -2.017 145 3.39 3.50 -0.760 -0.584 0 1.904 4.266 0.5084 1.7403
% 1777463992.4913676 robobot/cmd/ti alive 2026-04-29 13:58:14.194757
1777463992.5354714 0 -0.458 -0.862 -2.006 145 3.39 3.50 -0.760 -0.584 0 1.903 4.278 0.5081 1.7519
1777463992.5863862 0 -0.458 -0.862 -1.990 146 3.39 3.50 -0.760 -0.584 0 1.903 4.293 0.5082 1.7669
1777463992.586971 0 -0.458 -0.862 -1.990 146 3.39 3.50 -0.760 -0.584 0 1.903 4.293 0.5082 1.7669
% 1777463992.6090863 robobot/cmd/ti rc 0 0.2
1777463992.634777 0 -0.459 -0.863 -1.973 146 3.39 3.50 -0.760 -0.584 0 1.904 4.310 0.5087 1.7843
1777463992.685514 0 -0.459 -0.862 -1.963 146 3.39 3.50 -0.760 -0.584 0 1.904 4.320 0.5092 1.7947
1777463992.6867669 0 -0.459 -0.862 -1.963 146 3.39 3.50 -0.760 -0.584 0 1.904 4.320 0.5092 1.7947
1777463992.7347672 0 -0.459 -0.863 -1.952 146 3.39 3.50 -0.760 -0.584 0 1.904 4.331 0.5091 1.8051
1777463992.7850306 0 -0.459 -0.863 -1.948 146 3.39 3.50 -0.760 -0.584 0 1.905 4.335 0.5098 1.8097
1777463992.7873282 0 -0.459 -0.863 -1.948 146 3.39 3.50 -0.760 -0.584 0 1.905 4.335 0.5098 1.8097
1777463992.8352277 0 -0.459 -0.863 -1.941 146 3.39 3.50 -0.760 -0.584 0 1.905 4.342 0.5099 1.8166
1777463992.885792 0 -0.459 -0.863 -1.927 146 3.39 3.50 -0.760 -0.584 0 1.905 4.356 0.5097 1.8305
1777463992.8870127 0 -0.459 -0.863 -1.927 146 3.39 3.50 -0.760 -0.584 0 1.905 4.356 0.5097 1.8305
1777463992.9357982 0 -0.459 -0.863 -1.915 146 3.39 3.50 -0.760 -0.584 0 1.905 4.368 0.5098 1.8421
1777463992.9863455 0 -0.459 -0.862 -1.913 147 3.39 3.50 -0.760 -0.584 0 1.905 4.370 0.5098 1.8444
1777463992.9876328 0 -0.459 -0.862 -1.913 147 3.39 3.50 -0.760 -0.584 0 1.905 4.370 0.5098 1.8444
% 1777463992.993402 robobot/cmd/ti alive 2026-04-29 13:58:14.194757
% 1777463993.008626 robobot/cmd/ti rc 0 0.2
1777463993.036131 0 -0.459 -0.862 -1.912 147 3.39 3.50 -0.760 -0.584 0 1.905 4.371 0.5096 1.8456
1777463993.0855916 0 -0.459 -0.863 -1.908 147 3.39 3.50 -0.760 -0.584 0 1.905 4.375 0.5096 1.8490
1777463993.0878336 0 -0.459 -0.863 -1.908 147 3.39 3.50 -0.760 -0.584 0 1.905 4.375 0.5096 1.8490
1777463993.1352036 0 -0.459 -0.863 -1.901 147 3.39 3.50 -0.760 -0.584 0 1.905 4.382 0.5096 1.8560
1777463993.1864064 0 -0.458 -0.862 -1.893 147 3.39 3.50 -0.760 -0.584 0 1.905 4.390 0.5094 1.8641
1777463993.1877708 0 -0.458 -0.862 -1.893 147 3.39 3.50 -0.760 -0.584 0 1.905 4.390 0.5094 1.8641
1777463993.2362854 0 -0.458 -0.862 -1.876 147 3.39 3.50 -0.760 -0.584 0 1.905 4.407 0.5094 1.8814
1777463993.2859993 0 -0.458 -0.861 -1.870 147 3.39 3.50 -0.760 -0.584 0 1.905 4.413 0.5092 1.8872
1777463993.2872422 0 -0.458 -0.861 -1.870 147 3.39 3.50 -0.760 -0.584 0 1.905 4.413 0.5092 1.8872
1777463993.3361244 0 -0.458 -0.861 -1.860 147 3.39 3.50 -0.760 -0.584 0 1.904 4.423 0.5092 1.8976
1777463993.3867812 0 -0.458 -0.861 -1.855 148 3.39 3.50 -0.760 -0.584 0 1.905 4.428 0.5093 1.9022
1777463993.3896365 0 -0.458 -0.861 -1.855 148 3.39 3.50 -0.760 -0.584 0 1.905 4.428 0.5093 1.9022
% 1777463993.429739 robobot/cmd/ti rc 0 0.2
1777463993.4364765 0 -0.458 -0.861 -1.844 148 3.39 3.50 -0.760 -0.584 0 1.905 4.440 0.5097 1.9138
1777463993.4860644 0 -0.458 -0.861 -1.838 148 3.39 3.50 -0.760 -0.584 0 1.905 4.445 0.5097 1.9196
1777463993.4872897 0 -0.458 -0.861 -1.838 148 3.39 3.50 -0.760 -0.584 0 1.905 4.445 0.5097 1.9196
% 1777463993.4970047 robobot/cmd/ti alive 2026-04-29 13:58:14.194757
1777463993.5362604 0 -0.458 -0.861 -1.827 148 3.39 3.50 -0.760 -0.584 0 1.905 4.456 0.5094 1.9300
1777463993.586634 0 -0.458 -0.861 -1.821 148 3.39 3.50 -0.760 -0.584 0 1.905 4.463 0.5094 1.9369
1777463993.5880399 0 -0.458 -0.861 -1.821 148 3.39 3.50 -0.760 -0.584 0 1.905 4.463 0.5094 1.9369
1777463993.6365304 0 -0.458 -0.861 -1.811 148 3.39 3.50 -0.760 -0.584 0 1.904 4.472 0.5092 1.9462
1777463993.6861663 0 -0.458 -0.861 -1.807 148 3.39 3.50 -0.760 -0.584 0 1.905 4.477 0.5095 1.9508
1777463993.6875458 0 -0.458 -0.861 -1.807 148 3.39 3.50 -0.760 -0.584 0 1.905 4.477 0.5095 1.9508
1777463993.736067 0 -0.458 -0.860 -1.803 148 3.39 3.50 -0.760 -0.584 0 1.905 4.480 0.5095 1.9543
1777463993.7879887 0 -0.458 -0.861 -1.789 149 3.39 3.50 -0.760 -0.584 0 1.905 4.494 0.5094 1.9681
1777463993.7904181 0 -0.458 -0.861 -1.789 149 3.39 3.50 -0.760 -0.584 0 1.905 4.494 0.5094 1.9681
% 1777463993.8133037 robobot/cmd/ti rc 0 0.2
1777463993.8368948 0 -0.458 -0.860 -1.776 149 3.39 3.50 -0.760 -0.584 0 1.905 4.507 0.5095 1.9809
1777463993.8869407 0 -0.458 -0.860 -1.767 149 3.39 3.50 -0.760 -0.584 0 1.905 4.516 0.5092 1.9901
1777463993.887294 0 -0.458 -0.860 -1.767 149 3.39 3.50 -0.760 -0.584 0 1.905 4.516 0.5092 1.9901
1777463993.937607 0 -0.458 -0.859 -1.765 149 3.39 3.50 -0.760 -0.584 0 1.904 4.518 0.5089 1.9924
1777463993.987514 0 -0.458 -0.859 -1.757 149 3.39 3.50 -0.760 -0.584 0 1.904 4.526 0.5087 2.0005
1777463993.9877758 0 -0.458 -0.859 -1.757 149 3.39 3.50 -0.760 -0.584 0 1.904 4.526 0.5087 2.0005
% 1777463993.9992816 robobot/cmd/ti alive 2026-04-29 13:58:14.194757
1777463994.0374088 0 -0.458 -0.859 -1.749 149 3.39 3.50 -0.760 -0.584 0 1.904 4.534 0.5089 2.0086
1777463994.0870085 0 -0.458 -0.859 -1.743 149 3.39 3.50 -0.760 -0.584 0 1.904 4.540 0.5089 2.0144
1777463994.0872278 0 -0.458 -0.859 -1.743 149 3.39 3.50 -0.760 -0.584 0 1.904 4.540 0.5089 2.0144
1777463994.1374094 0 -0.458 -0.859 -1.729 149 3.39 3.50 -0.760 -0.584 0 1.904 4.554 0.5087 2.0283
1777463994.1878226 0 -0.458 -0.859 -1.724 150 3.39 3.50 -0.760 -0.584 0 1.904 4.559 0.5091 2.0329
1777463994.1883252 0 -0.458 -0.859 -1.724 150 3.39 3.50 -0.760 -0.584 0 1.904 4.559 0.5091 2.0329
% 1777463994.2210553 robobot/cmd/ti rc 0 0.2
1777463994.2378511 0 -0.458 -0.859 -1.709 150 3.39 3.50 -0.760 -0.584 0 1.904 4.574 0.5090 2.0480
1777463994.287077 0 -0.458 -0.859 -1.699 150 3.39 3.50 -0.760 -0.584 0 1.904 4.584 0.5091 2.0584
1777463994.2873008 0 -0.458 -0.859 -1.699 150 3.39 3.50 -0.760 -0.584 0 1.904 4.584 0.5091 2.0584
1777463994.337698 0 -0.458 -0.859 -1.693 150 3.39 3.50 -0.760 -0.584 0 1.905 4.590 0.5093 2.0641
1777463994.3875978 0 -0.458 -0.858 -1.688 150 3.39 3.50 -0.760 -0.584 0 1.904 4.596 0.5091 2.0699
1777463994.3879173 0 -0.458 -0.858 -1.688 150 3.39 3.50 -0.760 -0.584 0 1.904 4.596 0.5091 2.0699
1777463994.4376776 0 -0.458 -0.859 -1.679 150 3.39 3.50 -0.760 -0.584 0 1.904 4.604 0.5087 2.0780
1777463994.4884706 0 -0.458 -0.859 -1.679 150 3.39 3.50 -0.760 -0.584 0 1.904 4.604 0.5089 2.0780
1777463994.4888196 0 -0.458 -0.859 -1.679 150 3.39 3.50 -0.760 -0.584 0 1.904 4.604 0.5089 2.0780
% 1777463994.501154 robobot/cmd/ti alive 2026-04-29 13:58:14.194757
1777463994.5379283 0 -0.458 -0.858 -1.677 150 3.39 3.50 -0.760 -0.584 0 1.904 4.606 0.5090 2.0803
1777463994.5886374 0 -0.458 -0.858 -1.674 151 3.39 3.50 -0.760 -0.584 0 1.904 4.610 0.5090 2.0838
1777463994.5890114 0 -0.458 -0.858 -1.672 151 3.39 3.50 -0.760 -0.584 0 1.904 4.611 0.5090 2.0850
% 1777463994.6317542 robobot/cmd/ti rc 0 0.2
1777463994.6390078 0 -0.458 -0.857 -1.668 151 3.39 3.50 -0.760 -0.584 0 1.904 4.615 0.5087 2.0896
1777463994.687668 0 -0.458 -0.858 -1.656 151 3.39 3.50 -0.760 -0.584 0 1.904 4.627 0.5083 2.1012
1777463994.688854 0 -0.458 -0.858 -1.656 151 3.39 3.50 -0.760 -0.584 0 1.904 4.627 0.5083 2.1012
1777463994.7387958 0 -0.458 -0.858 -1.643 151 3.39 3.50 -0.760 -0.584 0 1.904 4.640 0.5086 2.1139
1777463994.788362 0 -0.458 -0.858 -1.630 151 3.39 3.50 -0.760 -0.584 0 1.904 4.654 0.5088 2.1278
1777463994.7886884 0 -0.458 -0.858 -1.627 151 3.39 3.50 -0.760 -0.584 0 1.904 4.656 0.5088 2.1301
1777463994.8379147 0 -0.458 -0.857 -1.615 151 3.39 3.50 -0.760 -0.584 0 1.904 4.669 0.5085 2.1428
1777463994.8874981 0 -0.458 -0.857 -1.605 151 3.39 3.50 -0.760 -0.584 0 1.904 4.678 0.5083 2.1520
1777463994.8886817 0 -0.458 -0.857 -1.604 151 3.39 3.50 -0.760 -0.584 0 1.904 4.679 0.5083 2.1532
1777463994.9386127 0 -0.458 -0.857 -1.601 151 3.39 3.50 -0.760 -0.584 0 1.903 4.682 0.5081 2.1567
1777463994.992414 0 -0.458 -0.857 -1.598 152 3.39 3.50 -0.760 -0.584 0 1.903 4.685 0.5080 2.1590
1777463994.9930391 0 -0.458 -0.857 -1.598 152 3.39 3.50 -0.760 -0.584 0 1.903 4.685 0.5080 2.1590
% 1777463995.0036252 robobot/cmd/ti alive 2026-04-29 13:58:14.194757
% 1777463995.0176263 robobot/cmd/ti rc 0 0.2
1777463995.038909 0 -0.458 -0.858 -1.593 152 3.39 3.50 -0.760 -0.584 0 1.903 4.691 0.5081 2.1648
1777463995.0873265 0 -0.458 -0.858 -1.585 152 3.39 3.50 -0.760 -0.584 0 1.904 4.699 0.5085 2.1729
1777463995.0887027 0 -0.458 -0.858 -1.585 152 3.39 3.50 -0.760 -0.584 0 1.904 4.699 0.5085 2.1729
1777463995.1388805 0 -0.458 -0.858 -1.568 152 3.39 3.50 -0.760 -0.584 0 1.904 4.715 0.5086 2.1890
1777463995.1873672 0 -0.458 -0.858 -1.560 152 3.39 3.50 -0.760 -0.584 0 1.904 4.723 0.5083 2.1971
1777463995.189433 0 -0.458 -0.858 -1.559 152 3.39 3.50 -0.760 -0.584 0 1.904 4.724 0.5083 2.1983
1777463995.2388468 0 -0.458 -0.858 -1.545 152 3.39 3.50 -0.760 -0.584 0 1.904 4.738 0.5085 2.2122
1777463995.2878408 0 -0.458 -0.857 -1.538 152 3.39 3.50 -0.760 -0.584 0 1.903 4.745 0.5078 2.2191
1777463995.289072 0 -0.458 -0.857 -1.538 152 3.39 3.50 -0.760 -0.584 0 1.903 4.745 0.5078 2.2191
1777463995.3399508 0 -0.458 -0.858 -1.532 152 3.39 3.50 -0.760 -0.584 0 1.903 4.751 0.5076 2.2249
